Crash_ID,Crash_Speed_Limit,Wthr_Cond_ID,Light_Cond_ID,Surf_Cond_ID,Traffic_Cntl_ID,Harm_Evnt_ID,Intrsct_Relat_ID,FHE_Collsn_ID,Road_Relat_ID
16557221,60,11,4,1,20,2,4.0,20,1
16559674,50,11,1,1,5,2,2.0,21,1
16560642,60,11,1,1,20,2,4.0,20,1
16561910,60,12,1,1,20,2,4.0,20,1
16562362,60,11,1,1,20,2,4.0,22,1
16563973,65,11,1,1,20,2,4.0,20,1
16563995,60,12,1,1,20,2,4.0,20,1
16564289,65,12,1,1,20,2,4.0,20,1
16565728,60,11,1,1,20,2,4.0,21,1
16566217,65,11,1,1,20,2,4.0,20,1
16566274,65,12,1,1,20,2,4.0,20,1
16570333,45,11,1,1,11,2,4.0,21,1
16571988,60,11,1,1,20,2,4.0,20,1
16572534,60,12,1,2,20,2,4.0,20,1
16572535,60,12,1,1,20,2,4.0,20,1
16572911,60,12,1,1,20,2,4.0,21,1
16573050,60,11,1,1,20,2,4.0,20,1
16573088,35,11,1,1,20,2,4.0,22,1
16574163,65,11,1,1,20,2,4.0,20,1
16575247,60,11,1,1,1,2,4.0,20,1
16575274,65,11,1,1,20,2,4.0,22,1
16575318,35,12,1,2,20,2,4.0,20,1
16575919,35,11,1,1,5,2,1.0,10,1
16575984,55,11,1,1,20,2,4.0,20,1
16576013,60,11,1,1,20,2,4.0,20,1
16576128,60,11,1,1,20,2,4.0,21,1
16577133,60,11,1,1,20,2,4.0,21,1
16578354,60,11,1,1,20,2,4.0,20,1
16578362,60,11,1,1,20,2,4.0,20,1
16578368,60,11,1,1,20,2,4.0,20,1
16578792,45,12,4,1,20,2,1.0,24,1
16580409,60,11,1,1,20,2,4.0,20,1
16586658,60,12,1,1,20,2,4.0,20,1
16586895,60,11,1,1,20,2,4.0,22,1
16589773,65,11,1,1,20,2,4.0,20,1
16589935,60,11,1,1,20,2,4.0,20,1
16590218,60,11,1,1,20,2,4.0,22,1
16590516,60,11,1,1,20,2,4.0,20,1
16590537,60,12,1,1,20,2,4.0,20,1
16590538,35,11,1,1,1,2,4.0,21,1
16593180,65,11,5,1,20,2,4.0,20,1
16594224,60,11,4,2,20,7,4.0,1,2
16594309,45,11,1,1,5,2,4.0,20,1
16594416,60,11,1,1,20,2,4.0,20,1
16594787,60,11,1,1,20,2,4.0,20,1
16596848,30,12,1,1,20,2,4.0,21,1
16597108,55,11,1,1,20,2,4.0,22,1
16598252,65,11,1,1,20,2,4.0,20,1
16600915,60,11,1,1,20,2,4.0,21,1
16600916,35,11,1,1,20,2,4.0,21,1
16601230,60,11,3,1,20,2,4.0,20,1
16601491,60,11,1,1,1,2,4.0,20,1
16602427,45,11,1,1,20,2,1.0,10,1
16602825,55,2,1,2,20,7,4.0,1,2
16602827,35,12,1,1,20,2,4.0,20,1
16607266,60,11,1,1,20,2,4.0,22,1
16609266,60,11,1,1,1,2,4.0,20,1
16609421,60,11,1,1,20,2,4.0,21,1
16611103,60,11,1,1,20,2,4.0,20,1
16611444,60,11,4,1,20,2,4.0,20,1
16611583,55,11,1,1,20,2,4.0,20,1
16612231,60,11,4,1,20,2,4.0,20,1
16612940,50,11,1,1,20,2,4.0,21,1
16613189,35,12,1,1,5,2,1.0,24,1
16613251,60,11,4,2,20,7,4.0,1,2
16614979,60,12,1,1,1,2,4.0,22,1
16615695,65,11,4,1,11,2,4.0,20,1
16615755,60,11,4,1,20,2,4.0,20,1
16617475,60,2,1,2,20,2,4.0,20,1
16617896,55,12,1,1,20,2,4.0,20,1
16618009,60,11,4,1,20,7,4.0,1,2
16618876,55,11,1,1,20,2,4.0,20,1
16619649,60,12,1,1,1,2,4.0,22,1
16621029,45,11,1,1,20,2,4.0,20,1
16621362,35,11,1,1,20,1,4.0,1,1
16621455,60,12,1,1,20,2,4.0,20,1
16621459,60,2,1,2,20,2,4.0,20,1
16621476,50,11,1,1,20,2,4.0,20,1
16621487,60,11,1,1,20,2,4.0,20,1
16621490,60,11,1,1,20,2,4.0,20,1
16621491,60,12,1,1,20,2,4.0,20,1
16625342,45,12,1,1,1,2,4.0,20,1
16625495,35,12,1,1,1,2,4.0,20,1
16625497,60,11,1,1,1,2,4.0,20,1
16625617,65,11,4,1,1,2,4.0,20,1
16625831,65,11,1,1,20,2,4.0,20,1
16627304,50,11,1,1,20,2,4.0,20,1
16628188,60,12,1,1,20,2,4.0,20,1
16630428,45,11,1,1,5,2,1.0,23,1
16630480,60,11,1,1,20,2,4.0,20,1
16631678,60,11,1,1,20,7,4.0,1,4
16632110,65,11,1,1,20,2,4.0,31,1
16632214,60,11,1,1,20,2,4.0,20,1
16632257,60,11,1,1,20,2,4.0,21,1
16632296,60,2,1,3,20,2,4.0,20,1
16633711,60,11,1,1,20,2,4.0,20,1
16634301,60,11,1,1,20,2,4.0,21,1
16634448,60,11,4,1,20,7,4.0,1,2
16634461,60,11,1,1,20,2,4.0,22,1
16635664,60,11,1,1,20,2,4.0,21,1
16635684,60,2,1,2,20,2,4.0,21,1
16635688,60,2,1,2,20,2,4.0,20,1
16638008,60,11,1,1,20,2,4.0,22,1
16639478,60,0,1,1,20,2,4.0,20,1
16642124,60,2,1,2,20,2,4.0,20,1
16643189,60,12,4,1,20,2,4.0,20,1
16644756,60,11,1,1,11,2,4.0,20,1
16644759,60,11,1,1,11,2,4.0,20,1
16645150,60,11,1,1,20,2,4.0,20,1
16645245,60,12,1,2,20,2,4.0,20,1
16647231,60,12,1,2,20,2,4.0,20,1
16648146,45,11,1,1,20,2,2.0,23,1
16649545,60,11,1,1,20,2,4.0,20,1
16649561,60,11,1,1,20,2,4.0,20,1
16649563,60,12,3,1,20,2,4.0,21,1
16649834,65,11,1,1,20,2,4.0,20,1
16649880,60,12,1,1,20,2,4.0,20,1
16650901,60,12,4,1,20,2,4.0,20,1
16650928,60,12,1,1,20,2,4.0,20,1
16651252,65,11,4,2,20,2,4.0,20,1
16651253,60,11,5,1,20,2,4.0,22,1
16651254,65,11,1,1,20,2,4.0,20,1
16651671,65,2,1,2,20,2,4.0,20,1
16652830,60,11,4,1,20,2,4.0,20,1
16653605,60,11,1,1,20,2,4.0,22,1
16653920,60,11,1,1,20,2,4.0,20,1
16654055,60,11,4,1,20,2,4.0,20,1
16654581,60,0,0,0,1,2,4.0,21,1
16655909,60,2,1,2,20,2,4.0,20,1
16656307,60,12,1,1,20,2,4.0,20,1
16656680,45,11,1,1,1,2,4.0,21,1
16656836,45,11,1,1,20,2,4.0,21,1
16656902,45,11,1,1,20,2,2.0,21,1
16658349,60,12,1,1,20,2,4.0,20,1
16658816,60,12,1,1,20,2,4.0,20,1
16660621,60,11,1,1,20,2,4.0,20,1
16661404,60,11,1,1,20,2,4.0,20,1
16663246,30,11,6,1,20,2,4.0,20,1
16663304,60,11,4,1,20,7,2.0,1,2
16663765,60,11,1,1,20,2,4.0,20,1
16663816,60,11,5,1,20,2,4.0,20,1
16664117,60,12,4,1,20,2,4.0,21,1
16664631,60,11,1,1,20,2,4.0,22,1
16665506,60,11,1,1,20,2,4.0,22,1
16668719,60,11,1,1,20,2,4.0,20,1
16668781,35,11,3,1,20,2,4.0,20,1
16668892,55,11,1,1,20,2,4.0,20,1
16669125,60,11,1,1,20,2,4.0,20,1
16670473,60,0,0,0,11,2,4.0,20,1
16670957,60,11,1,1,20,2,4.0,20,1
16673803,60,11,1,1,20,2,4.0,21,1
16676372,65,11,1,1,20,2,4.0,20,1
16677034,60,11,1,1,20,2,4.0,20,1
16677770,55,12,1,1,1,2,4.0,20,1
16682256,60,11,1,1,20,2,4.0,20,1
16682261,60,11,1,1,20,2,4.0,21,1
16682627,60,11,4,1,20,2,4.0,20,1
16683046,35,11,4,1,20,2,3.0,23,1
16683284,30,11,4,1,20,2,4.0,22,1
16685379,65,11,4,1,20,8,4.0,1,1
16689313,60,11,1,1,20,2,4.0,21,1
16689722,60,12,1,1,20,2,4.0,20,1
16690438,65,11,1,1,20,2,4.0,20,1
16691325,60,2,2,2,20,2,4.0,22,1
16691569,65,11,1,1,20,2,4.0,21,1
16691623,60,2,1,2,20,2,4.0,20,1
16691774,60,11,1,1,20,2,4.0,20,1
16691776,60,11,1,1,20,2,4.0,20,1
16691990,35,11,1,1,5,2,1.0,10,1
16693185,60,12,5,1,20,2,4.0,20,1
16693397,60,12,4,1,20,2,4.0,20,1
16696041,45,12,1,1,20,2,4.0,22,1
16696483,65,2,1,2,1,2,4.0,20,1
16697292,65,12,4,2,20,7,4.0,1,2
16697372,60,12,1,2,20,2,4.0,20,1
16697584,55,2,1,2,20,2,4.0,20,1
16697827,65,11,1,1,20,2,2.0,13,1
16699295,60,2,1,2,20,2,4.0,20,1
16699645,45,11,1,1,15,5,2.0,2,1
16701384,35,2,4,2,20,2,2.0,20,1
16701616,60,2,1,2,20,2,4.0,21,1
16702368,60,0,0,0,20,2,4.0,20,1
16703288,65,11,1,1,20,2,4.0,20,1
16707666,60,11,4,1,20,2,4.0,20,1
16707766,30,11,1,1,20,2,4.0,21,1
16708181,60,11,1,1,20,2,4.0,21,1
16708360,60,11,1,1,20,2,4.0,21,1
16712116,60,12,1,2,20,7,4.0,1,2
16712286,60,11,1,1,20,2,4.0,20,1
16713446,55,12,1,1,20,2,4.0,22,1
16714362,60,11,1,1,20,2,4.0,22,1
16715229,65,11,4,1,20,2,4.0,21,1
16717445,60,2,4,2,20,7,4.0,1,2
16717612,60,11,1,1,20,2,4.0,22,1
16717617,45,11,1,1,20,2,4.0,20,1
16717749,60,11,1,1,20,2,4.0,20,1
16718162,45,11,1,1,5,2,4.0,21,1
16718318,60,11,4,1,20,2,4.0,22,1
16719016,60,2,1,2,1,2,4.0,21,1
16719022,60,11,1,1,1,2,4.0,21,1
16720758,60,11,1,1,20,2,4.0,22,1
16720798,60,11,6,1,20,2,4.0,20,1
16720824,60,11,1,1,20,2,4.0,20,1
16721615,35,2,1,2,20,2,4.0,21,1
16721652,60,11,1,1,20,2,4.0,20,1
16721662,60,11,1,1,20,2,4.0,21,1
16723029,55,11,1,1,20,2,4.0,20,1
16723921,30,11,1,1,20,2,4.0,20,1
16725641,45,11,3,1,20,2,4.0,20,1
16726204,60,12,1,1,20,2,4.0,20,1
16726572,60,11,4,1,20,2,4.0,21,1
16726816,55,11,1,1,20,2,4.0,22,1
16728395,55,11,1,1,20,2,4.0,21,1
16729827,35,11,1,1,20,2,4.0,21,1
16730734,60,11,1,1,20,2,4.0,20,1
16730737,50,11,1,1,20,2,4.0,14,1
16731475,55,12,1,1,1,2,4.0,21,1
16732085,60,12,4,1,1,2,4.0,21,1
16732106,60,11,4,1,20,2,4.0,20,1
16733841,35,12,1,1,20,2,4.0,21,1
16734290,60,11,1,1,20,2,4.0,22,1
16736154,35,12,1,2,20,2,4.0,20,1
16737254,55,12,1,1,1,2,4.0,20,1
16737255,55,12,1,1,20,2,4.0,21,1
16740649,65,11,1,1,1,2,4.0,20,1
16740705,60,12,4,1,20,2,4.0,20,1
16741275,35,11,1,1,20,2,4.0,21,1
16741595,65,11,1,1,1,2,4.0,20,1
16742999,65,11,1,1,1,2,4.0,20,1
16743677,65,11,5,1,20,2,4.0,20,1
16744679,60,11,4,1,20,4,4.0,1,3
16744802,55,11,1,1,20,2,4.0,22,1
16754782,60,11,1,1,20,2,4.0,20,1
16764442,45,2,4,2,5,2,1.0,34,1
16765354,60,12,1,1,20,2,4.0,21,1
16765376,60,11,1,1,1,2,4.0,20,1
16765715,60,11,4,1,20,2,4.0,20,1
16765969,60,11,1,1,20,2,4.0,20,1
16765989,60,11,1,1,1,2,4.0,20,1
16766016,60,11,4,1,20,2,4.0,20,1
16766023,60,11,4,1,20,2,4.0,21,1
16766032,60,11,4,1,20,2,4.0,21,1
16766035,60,11,4,1,20,2,4.0,20,1
16766071,60,11,4,1,20,2,4.0,22,1
16766303,60,12,1,1,20,2,4.0,21,1
16766446,60,11,1,1,11,2,4.0,21,1
16766490,60,11,2,1,20,2,4.0,21,1
16766604,60,11,6,1,20,2,4.0,21,1
16766612,65,11,4,1,20,2,4.0,20,1
16766614,45,11,4,1,20,7,4.0,1,2
16766882,55,11,1,1,20,2,4.0,22,1
16766916,60,11,1,1,20,2,4.0,20,1
16767040,60,11,1,1,20,2,4.0,20,1
16767043,60,12,1,1,20,2,4.0,20,1
16767314,65,11,1,1,20,2,4.0,21,1
16767320,55,12,1,1,20,2,4.0,22,1
16767365,60,11,1,1,1,2,4.0,21,1
16767601,65,12,4,1,20,2,4.0,22,1
16770597,65,11,1,1,20,2,4.0,20,1
16770631,60,12,1,1,11,2,4.0,21,1
16770877,60,2,3,2,1,2,4.0,20,1
16770993,35,12,1,1,20,2,4.0,20,1
16771009,35,12,1,1,20,2,4.0,21,1
16771026,35,11,4,1,20,2,4.0,22,1
16771029,60,12,1,1,20,2,4.0,22,1
16771062,45,11,1,1,20,2,4.0,21,1
16771152,65,12,1,1,1,2,4.0,20,1
16771453,60,11,3,1,20,2,4.0,20,1
16771691,60,11,1,1,20,2,4.0,20,1
16775480,60,11,4,1,20,2,4.0,22,1
16775486,60,11,1,1,20,2,4.0,20,1
16775570,65,11,4,1,20,2,4.0,20,1
16775654,60,11,1,1,20,2,4.0,20,1
16775749,60,11,6,1,20,2,4.0,20,1
16775782,65,11,4,1,20,2,4.0,20,1
16775783,60,11,1,1,20,2,4.0,21,1
16775905,45,11,1,1,20,2,1.0,10,1
16775949,65,11,4,1,20,2,4.0,21,1
16776217,60,12,1,1,20,2,4.0,20,1
16776220,60,2,1,1,20,2,4.0,20,1
16778012,40,11,1,1,20,2,4.0,21,1
16780187,60,11,4,1,20,2,4.0,20,1
16780189,60,11,1,1,20,2,4.0,21,1
16780238,60,11,1,1,20,2,4.0,20,1
16780293,60,11,4,1,20,2,4.0,20,1
16785063,60,2,1,2,20,2,4.0,22,1
16785077,60,11,1,1,1,2,4.0,22,1
16785295,60,11,1,1,11,2,4.0,20,1
16785308,60,11,1,1,11,2,2.0,20,1
16785408,65,12,1,1,20,2,4.0,20,1
16785423,60,11,6,1,20,2,4.0,20,1
16786370,60,2,4,2,20,2,4.0,20,1
16790304,60,2,1,2,20,2,4.0,20,1
16790335,60,0,0,0,20,2,4.0,20,1
16794357,35,11,4,1,20,2,4.0,20,1
16795953,60,11,4,1,20,2,4.0,20,1
16796125,60,11,3,1,1,2,4.0,20,1
16799830,65,2,2,2,20,2,4.0,21,1
16799935,60,12,1,1,1,2,4.0,22,1
16799978,55,11,4,1,11,2,4.0,20,1
16800041,45,11,4,1,20,2,4.0,21,1
16800042,45,11,4,1,20,2,1.0,10,1
16800043,30,11,3,1,20,2,4.0,22,1
16800049,60,11,1,1,20,2,4.0,20,1
16800051,55,11,4,1,20,2,4.0,20,1
16800060,60,11,4,1,20,2,4.0,20,1
16801150,65,11,4,1,20,2,4.0,20,1
16801151,35,11,4,1,20,2,4.0,20,1
16802701,60,11,4,1,20,2,4.0,20,1
16806239,60,12,4,2,20,2,4.0,20,1
16806704,60,11,3,1,1,7,4.0,1,2
16808161,60,2,1,2,1,2,4.0,21,1
16811224,65,11,1,1,20,2,4.0,20,1
16812029,60,11,1,1,20,7,2.0,1,2
16812520,60,11,6,1,20,7,4.0,1,4
16814168,60,11,1,1,20,2,4.0,20,1
16815602,35,5,4,1,20,7,4.0,1,2
16819341,65,11,1,1,20,2,4.0,20,1
16819885,60,12,4,1,20,7,4.0,1,2
16821979,30,12,1,1,20,2,4.0,21,1
16827769,60,11,1,1,20,2,4.0,20,1
16833844,65,0,1,0,1,2,4.0,20,1
16840098,50,11,2,1,20,2,4.0,21,1
16842130,60,11,1,1,1,2,4.0,20,1
16845221,60,5,4,3,20,2,4.0,21,1
16846618,60,11,1,1,20,2,4.0,21,1
16850483,60,11,1,1,20,2,4.0,20,1
16855752,65,11,1,1,1,2,4.0,21,1
16863297,60,12,1,1,20,2,4.0,20,1
16863844,65,12,1,0,20,2,4.0,22,1
16907425,60,11,1,1,20,2,4.0,20,1
16946001,60,11,6,1,20,2,4.0,21,1
16831986,60,12,4,1,20,2,4.0,21,1
16831991,35,12,1,1,20,2,3.0,13,1
16838176,60,11,1,1,20,2,4.0,20,1
16839814,60,12,1,1,20,2,4.0,20,1
16841613,35,11,1,1,20,2,4.0,21,1
16841874,35,11,4,1,5,2,1.0,10,1
16843247,65,11,4,1,1,2,4.0,22,1
16844972,60,11,4,1,20,2,4.0,30,1
16845541,55,11,2,1,20,2,4.0,20,1
16846309,45,11,1,1,20,2,4.0,21,1
16846946,60,12,4,1,20,2,4.0,21,1
16848255,60,11,1,1,20,2,4.0,20,1
16848297,60,11,4,1,20,2,4.0,21,1
16849083,55,11,1,1,11,2,4.0,21,1
16850492,45,12,1,1,5,2,1.0,10,1
16852716,60,11,1,1,11,2,4.0,21,1
16853245,65,11,1,1,20,2,4.0,21,1
16854500,60,11,4,1,20,2,4.0,20,1
16855809,65,11,4,1,20,2,4.0,21,1
16857175,65,12,1,1,1,2,4.0,20,1
16857176,65,12,1,1,1,2,4.0,20,1
16857185,65,11,1,1,1,2,4.0,20,1
16857186,65,11,1,1,1,2,4.0,20,1
16860146,45,11,4,1,20,2,4.0,20,1
16860362,60,12,1,1,20,2,4.0,20,1
16861901,60,12,1,1,20,2,4.0,20,1
16862983,60,12,1,1,1,7,4.0,1,2
16865603,45,11,1,1,20,2,4.0,21,1
16865655,45,11,1,1,20,2,3.0,13,1
16866116,60,11,1,1,20,2,4.0,21,1
16867573,60,12,1,1,20,2,4.0,22,1
16869289,35,11,1,1,20,2,4.0,21,1
16869838,45,11,1,1,11,2,4.0,21,1
16869840,60,11,1,1,20,2,4.0,20,1
16871874,60,11,1,1,20,2,4.0,20,1
16872097,60,11,1,1,20,2,4.0,20,1
16876205,65,12,1,1,1,2,4.0,20,1
16878325,65,11,1,1,20,2,4.0,21,1
16878493,55,12,1,1,20,2,4.0,24,1
16879380,60,2,1,2,1,2,4.0,20,1
16884130,60,11,6,1,20,2,4.0,21,1
16884713,60,12,3,1,20,2,4.0,20,1
16887886,45,5,4,2,20,7,4.0,1,2
16887915,35,11,4,1,5,2,4.0,21,1
16888786,60,11,1,1,20,2,4.0,21,1
16894572,60,12,1,1,20,2,4.0,21,1
16896018,60,11,1,1,20,2,4.0,20,1
16896803,65,2,1,2,20,2,4.0,21,1
16900470,35,11,1,1,20,2,4.0,20,1
16901080,60,11,1,1,20,2,4.0,20,1
16903847,65,12,4,1,20,2,4.0,20,1
16904027,60,11,4,1,20,7,4.0,1,2
16906618,60,12,1,0,20,2,4.0,20,1
16907498,65,11,1,1,20,2,4.0,22,1
16908805,60,11,1,1,20,2,4.0,20,1
16909925,60,11,1,1,20,2,4.0,21,1
16909998,60,11,1,1,20,2,4.0,21,1
16910620,60,11,1,1,1,2,4.0,20,1
16910644,60,11,1,1,20,2,4.0,20,1
16910655,60,2,1,2,20,2,4.0,20,1
16911947,60,11,4,1,1,2,4.0,20,1
16912052,65,11,1,1,20,2,4.0,20,1
16913480,45,11,1,1,20,2,4.0,20,1
16918386,55,12,4,2,20,9,4.0,1,1
16920382,60,11,3,1,1,2,4.0,35,1
16922010,45,12,1,1,20,2,4.0,20,1
16922216,45,11,6,1,20,2,4.0,20,1
16927269,35,2,1,2,1,2,4.0,21,1
16928187,60,2,1,2,20,2,4.0,20,1
16928763,35,2,4,2,1,7,4.0,1,2
16930149,60,11,1,1,20,2,4.0,20,1
16931066,60,12,1,1,20,2,4.0,20,1
16931948,40,11,1,1,20,7,2.0,3,2
16932712,60,11,1,1,20,2,4.0,21,1
16933076,60,11,1,1,1,2,4.0,20,1
16939167,45,11,1,1,1,2,1.0,28,1
16940109,60,11,1,1,20,7,4.0,1,2
16940733,55,11,1,1,20,2,4.0,22,1
16940761,45,11,1,1,20,2,4.0,20,1
16942556,60,2,1,2,20,2,4.0,20,1
16943872,45,11,1,1,5,2,2.0,20,1
16945089,65,11,1,1,20,2,4.0,21,1
16945405,60,11,4,1,20,2,4.0,21,1
16947392,65,11,1,1,1,2,4.0,20,1
16947425,45,12,4,0,5,2,2.0,22,1
16948244,30,12,1,1,1,2,1.0,20,1
16948275,60,11,1,1,20,2,4.0,21,1
16950984,55,11,1,1,1,2,4.0,21,1
16951578,65,11,1,1,20,2,4.0,21,1
16951596,65,12,1,1,1,2,4.0,20,1
16952694,60,11,1,1,20,2,4.0,20,1
16952874,40,11,4,1,20,7,4.0,1,2
16952965,50,11,4,1,20,2,4.0,20,1
16954413,60,11,4,1,20,2,4.0,20,1
16956946,60,11,1,1,1,2,4.0,22,1
16957319,65,11,1,1,20,2,4.0,22,1
16957587,60,11,4,1,20,7,2.0,1,2
16957824,60,11,1,1,20,2,4.0,20,1
16960607,60,12,1,1,1,2,4.0,20,1
16961240,60,11,4,1,20,2,4.0,20,1
16964243,65,11,4,1,20,2,4.0,20,1
16966914,60,11,1,1,20,2,4.0,20,1
16967800,45,11,4,1,20,9,4.0,1,1
16967823,60,11,4,1,20,2,4.0,20,1
16971772,60,12,4,1,20,2,4.0,20,1
16973421,60,11,1,1,20,2,4.0,20,1
16973426,60,11,1,1,20,2,4.0,22,1
16978506,60,11,1,1,20,2,4.0,21,1
16979142,65,11,1,1,20,2,4.0,20,1
16984599,65,12,1,1,20,7,4.0,1,4
16985534,60,11,1,1,11,2,4.0,20,1
16985547,60,12,1,2,1,2,4.0,20,1
16986082,55,11,1,1,20,2,4.0,20,1
16987341,60,12,1,1,20,2,4.0,20,1
16992288,65,11,4,1,20,2,4.0,20,1
16992304,35,11,1,1,20,2,4.0,23,1
16992441,35,11,4,1,20,2,4.0,20,1
16992635,45,2,4,2,1,10,4.0,1,2
16993747,60,12,1,1,1,2,4.0,20,1
16994214,65,12,1,1,20,2,4.0,20,1
16994338,60,11,4,1,20,2,4.0,21,1
16995259,65,12,1,1,20,2,4.0,22,1
16995533,60,11,1,1,20,2,4.0,21,1
16995596,60,11,4,1,20,2,4.0,20,1
16999805,60,11,4,1,20,2,4.0,22,1
17000532,55,0,6,1,5,2,1.0,10,1
17003879,65,11,1,1,1,2,4.0,20,1
17004886,60,11,1,1,20,2,4.0,22,1
17005209,60,11,1,1,20,2,4.0,20,1
17007966,35,11,1,1,1,2,4.0,21,1
17010039,60,11,1,1,20,2,4.0,20,1
17013921,60,11,1,1,20,2,4.0,20,1
17013936,60,11,1,1,20,2,4.0,20,1
17015565,60,11,4,1,20,7,4.0,1,2
17015633,60,11,3,1,20,7,4.0,1,2
17018126,60,11,1,1,11,2,4.0,21,1
17018227,60,11,1,1,1,2,4.0,20,1
17020955,60,2,1,2,20,2,4.0,20,1
17021626,60,11,4,1,20,2,4.0,20,1
17022865,60,12,1,1,20,2,4.0,22,1
17022868,60,12,1,2,20,2,4.0,20,1
17024356,60,11,1,1,11,2,4.0,20,1
17024679,30,12,1,1,1,2,1.0,10,1
17025676,60,2,1,2,20,2,4.0,20,1
17027818,65,12,1,1,20,2,4.0,20,1
17028016,60,11,1,1,20,2,4.0,22,1
17030401,65,11,1,1,20,2,4.0,20,1
17031479,60,11,1,1,20,2,4.0,22,1
17033727,65,11,1,1,1,2,4.0,21,1
17036387,60,11,1,1,20,2,4.0,20,1
17038394,60,11,1,1,20,2,4.0,20,1
17039358,35,11,4,1,20,7,4.0,1,2
17039768,65,11,1,1,1,2,4.0,20,1
17041260,60,11,1,1,1,2,4.0,20,1
17044009,40,12,1,1,20,2,4.0,21,1
17045623,60,11,1,1,20,2,4.0,21,1
17049806,60,11,1,1,20,2,4.0,22,1
17052328,45,12,1,1,5,2,4.0,20,1
17055235,60,12,1,1,20,2,4.0,20,1
17055304,65,11,4,1,1,2,4.0,20,1
17055875,45,11,1,1,5,2,1.0,10,1
17056908,60,12,1,1,20,2,4.0,20,1
17057230,55,11,1,1,11,2,4.0,20,1
17057990,40,2,4,2,20,2,4.0,21,1
17060053,60,12,1,1,20,2,4.0,22,1
17061835,60,11,1,1,20,2,4.0,20,1
17062461,65,11,1,1,20,2,4.0,21,1
17063056,60,12,1,1,20,2,4.0,20,1
17063429,65,12,1,1,1,2,4.0,21,1
17068554,60,2,4,2,20,2,4.0,20,1
17068967,35,2,1,2,5,2,1.0,10,1
17068968,60,12,1,1,1,2,4.0,20,1
17068982,60,11,1,1,20,2,4.0,20,1
17069617,35,11,1,1,20,2,4.0,21,1
17070584,60,11,1,1,20,2,4.0,20,1
17072239,60,0,1,0,20,2,4.0,22,1
17073814,60,11,1,1,20,7,4.0,1,4
17075552,35,11,4,1,1,2,4.0,20,1
17075869,45,12,1,1,20,2,1.0,28,1
17076395,60,11,1,1,20,2,4.0,20,1
17076402,60,12,1,1,20,7,4.0,1,2
17077553,60,11,1,1,20,2,4.0,20,1
17080741,60,12,1,0,1,2,4.0,21,1
17082743,60,11,4,1,20,2,4.0,20,1
17084074,65,12,1,2,20,2,4.0,20,1
17084801,60,11,4,1,20,2,4.0,22,1
17085783,65,11,1,1,20,2,4.0,20,1
17087391,35,12,1,1,1,2,4.0,20,1
17087554,65,11,1,1,20,2,4.0,20,1
17088975,65,11,1,1,1,2,4.0,20,1
17088986,35,12,3,1,20,7,4.0,1,2
17089307,55,11,1,1,20,2,4.0,20,1
17089978,45,11,4,1,20,2,4.0,21,1
17090087,40,2,1,2,5,2,2.0,22,1
17090276,60,2,1,2,20,2,4.0,20,1
17091343,35,0,0,0,1,2,4.0,20,1
17093424,60,11,1,1,20,2,4.0,20,1
17099410,60,11,1,1,20,2,4.0,21,1
17100289,35,11,1,1,5,2,1.0,10,1
17100781,60,11,4,1,20,2,4.0,20,1
17101422,35,12,4,2,20,2,1.0,10,1
17101426,65,11,1,1,20,2,4.0,20,1
17107234,60,2,1,1,20,2,4.0,20,1
17107446,35,11,4,1,1,2,4.0,21,1
17109068,60,11,1,1,1,2,4.0,20,1
17109071,60,12,4,2,20,2,4.0,22,1
17110627,35,12,1,2,20,2,1.0,21,1
17110956,60,11,1,1,20,2,4.0,21,1
17112255,65,2,1,2,1,2,4.0,20,1
17116419,60,11,1,1,20,2,4.0,22,1
17117138,60,11,4,1,20,7,4.0,1,2
17121683,60,11,1,1,20,2,4.0,20,1
17121688,35,11,1,1,1,2,4.0,20,1
17122062,60,11,1,1,20,2,2.0,10,1
17124797,60,11,1,1,1,2,4.0,21,1
17128076,45,11,1,1,20,7,4.0,1,2
17128841,60,11,1,1,20,2,4.0,20,1
17129030,35,11,1,1,5,2,1.0,14,1
17129096,45,0,0,0,5,2,4.0,21,1
17129310,60,11,1,1,20,2,4.0,20,1
17129529,65,11,4,1,20,2,4.0,20,1
17129623,65,11,3,1,20,7,4.0,1,2
17130436,65,11,1,1,20,2,4.0,22,1
17130733,60,11,1,1,20,2,4.0,20,1
17132585,60,11,1,1,20,2,4.0,20,1
17132702,60,11,1,1,20,2,4.0,22,1
17133007,60,11,1,1,20,2,4.0,22,1
17134658,60,11,1,1,20,2,4.0,20,1
17135115,45,11,3,1,20,7,4.0,1,2
17135658,60,12,1,1,20,2,4.0,21,1
17141545,60,11,1,1,20,2,4.0,21,1
17141772,60,11,1,1,20,2,4.0,20,1
17143223,60,12,1,1,20,2,4.0,20,1
17144381,60,11,1,1,20,2,4.0,20,1
17145230,60,11,1,1,20,2,4.0,20,1
17146968,60,11,1,1,20,2,4.0,20,1
17147404,65,12,4,2,20,7,4.0,1,4
17147766,45,2,1,2,1,2,4.0,13,1
17148660,60,11,1,1,1,2,4.0,21,1
17149810,60,11,1,1,20,2,4.0,22,1
17149811,60,2,1,2,20,2,4.0,20,1
17151067,60,11,1,1,1,2,4.0,20,1
17151105,60,11,1,1,1,2,4.0,20,1