Crash_ID,Crash_Speed_Limit,Wthr_Cond_ID,Light_Cond_ID,Surf_Cond_ID,Traffic_Cntl_ID,Harm_Evnt_ID,Intrsct_Relat_ID,FHE_Collsn_ID,Road_Relat_ID
17153920,60,11,4,1,20,2,4.0,20,1
17154593,60,11,1,1,1,2,4.0,20,1
17154774,60,12,1,1,20,2,4.0,21,1
17156580,65,11,1,1,20,2,4.0,20,1
17161078,40,11,1,1,1,2,4.0,20,1
17162188,60,12,1,1,20,2,4.0,20,1
17162192,60,11,1,1,1,2,4.0,20,1
17164740,60,11,1,1,20,2,4.0,20,1
17164939,55,11,4,1,20,2,4.0,20,1
17165728,60,11,1,1,20,2,4.0,20,1
17165733,60,12,4,1,20,2,4.0,20,1
17167261,60,11,1,1,20,2,4.0,20,1
17168911,40,11,1,1,20,2,1.0,10,1
17168950,60,11,1,1,20,2,4.0,20,1
17169221,65,11,4,1,20,2,4.0,20,1
17169293,60,11,3,1,20,2,4.0,21,1
17172020,60,11,1,1,20,2,4.0,22,1
17172378,45,11,1,1,20,2,4.0,21,1
17173209,65,12,1,1,20,2,4.0,21,1
17174141,60,11,1,1,1,2,4.0,20,1
17174536,65,11,1,1,20,2,4.0,20,1
17175063,60,11,1,1,1,2,4.0,20,1
17176228,40,11,1,1,20,2,4.0,20,1
17176230,60,11,1,1,20,2,4.0,20,1
17176231,65,11,1,1,20,2,4.0,20,1
17176773,35,11,4,1,20,2,4.0,20,1
17177035,60,12,1,1,20,2,4.0,20,1
17177379,60,11,1,1,20,2,4.0,20,1
17179414,35,11,1,1,20,2,1.0,10,1
17183918,65,11,3,1,20,2,4.0,21,1
17186707,60,11,4,1,20,2,4.0,21,1
17188056,35,11,1,1,5,2,1.0,21,1
17188060,60,11,1,1,20,2,4.0,20,1
17188990,50,0,1,0,20,2,4.0,21,1
17189821,35,11,4,1,5,2,1.0,14,1
17192586,45,11,1,1,1,2,4.0,20,1
17192682,60,11,1,1,20,2,4.0,21,1
17194845,30,11,1,1,1,2,4.0,20,1
17195643,60,11,1,1,20,2,4.0,20,1
17201082,60,11,1,1,20,2,4.0,20,1
17201562,60,11,1,1,20,2,4.0,20,1
17203493,65,11,1,1,20,2,4.0,21,1
17204719,60,11,1,1,20,2,4.0,20,1
17210520,35,0,1,1,20,2,4.0,21,1
17210705,65,11,1,1,20,2,4.0,21,1
17212905,60,11,4,1,20,7,4.0,1,2
17213247,65,11,1,1,20,2,4.0,10,1
17213346,60,11,1,1,1,2,4.0,21,1
17213447,60,11,1,1,20,2,4.0,20,1
17213876,45,11,4,1,20,7,2.0,2,2
17213987,60,12,1,1,20,2,4.0,20,1
17218084,60,11,1,1,20,2,4.0,20,1
17218085,60,11,1,1,20,2,4.0,20,1
17218428,60,11,1,1,1,2,4.0,20,1
17224183,20,11,1,1,1,2,4.0,20,1
17225694,50,11,4,1,5,2,1.0,10,1
17213111,60,11,1,1,20,2,4.0,20,1
17213335,55,11,1,1,20,2,4.0,20,1
17213467,60,11,4,1,20,2,4.0,22,1
17213833,60,11,1,1,20,2,4.0,20,1
17216272,55,12,1,1,20,2,4.0,20,1
17218083,60,11,1,1,20,2,4.0,20,1
17218493,65,11,4,1,20,2,4.0,20,1
17219908,65,11,1,1,20,2,4.0,20,1
17220235,35,11,4,1,1,7,4.0,1,2
17221408,60,11,1,1,20,2,4.0,22,1
17223511,55,11,6,1,20,2,4.0,20,1
17224353,60,0,1,0,20,2,4.0,20,1
17224455,60,11,1,1,1,2,4.0,20,1
17225041,60,11,1,1,20,2,4.0,20,1
17225043,30,11,1,1,1,2,4.0,20,1
17225057,55,11,1,1,20,2,4.0,21,1
17225059,45,11,1,1,20,7,4.0,1,4
17225908,60,12,1,1,20,2,4.0,21,1
17226923,60,11,1,1,20,2,4.0,20,1
17227687,60,11,1,1,20,7,4.0,1,2
17227753,60,11,1,1,20,2,4.0,20,1
17227754,65,12,1,1,20,2,4.0,21,1
17227971,60,11,1,1,20,2,4.0,22,1
17228487,60,11,1,1,20,2,4.0,20,1
17230137,60,11,1,1,20,2,4.0,21,1
17230139,65,11,1,1,20,2,4.0,20,1
17230962,35,11,1,1,1,2,4.0,20,1
17232396,35,11,1,1,20,2,4.0,20,1
17232735,60,11,1,1,11,2,4.0,21,1
17234060,65,11,1,1,20,2,4.0,20,1
17234641,60,11,1,1,1,2,4.0,21,1
17236945,60,11,1,1,20,2,4.0,22,1
17237048,35,11,4,1,20,2,2.0,22,1
17237893,60,11,1,1,20,2,4.0,21,1
17237906,60,11,1,1,20,2,4.0,20,1
17238214,55,11,4,1,20,2,4.0,20,1
17238413,30,11,1,1,5,2,4.0,20,1
17238435,55,11,1,1,20,2,4.0,20,1
17240051,60,11,4,1,20,2,4.0,22,1
17240135,60,11,1,1,20,2,4.0,22,1
17240936,60,2,0,2,20,2,4.0,20,1
17242512,60,12,1,1,20,2,4.0,20,1
17243262,60,11,1,1,20,2,4.0,21,1
17244104,60,11,1,1,20,2,4.0,22,1
17244478,60,11,1,1,20,2,4.0,20,1
17248104,65,11,1,1,20,2,4.0,20,1
17248563,65,11,4,1,20,2,4.0,20,1
17248990,65,11,1,1,20,2,4.0,20,1
17249006,60,12,1,1,20,7,4.0,1,2
17249528,60,11,4,1,1,2,4.0,20,1
17249541,45,11,4,2,5,2,4.0,20,1
17249864,55,11,1,1,20,2,4.0,20,1
17249866,55,12,1,1,20,2,4.0,22,1
17252142,60,11,1,1,20,2,4.0,20,1
17252438,60,2,1,2,20,2,4.0,21,1
17257019,45,11,1,1,20,2,4.0,21,1
17257370,60,11,3,1,20,2,4.0,20,1
17259508,60,11,1,1,1,2,4.0,20,1
17259657,60,11,1,1,1,2,4.0,20,1
17260478,60,11,4,1,20,2,4.0,20,1
17260776,65,11,4,1,20,2,4.0,20,1
17261064,65,11,1,1,20,2,4.0,20,1
17261809,60,11,1,1,20,2,4.0,20,1
17262306,60,11,1,1,11,2,4.0,21,1
17266175,60,11,1,1,20,2,4.0,21,1
17268343,60,11,1,1,20,2,4.0,20,1
17269595,60,11,1,1,20,2,4.0,22,1
17269638,60,12,1,1,20,2,4.0,20,1
17270438,30,11,1,1,1,2,1.0,13,1
17272220,60,11,1,1,20,2,4.0,21,1
17272374,60,11,1,1,1,2,4.0,20,1
17272457,45,11,4,1,9,2,4.0,14,1
17272943,60,11,1,1,20,2,4.0,21,1
17274026,60,11,4,1,20,2,4.0,20,1
17274272,60,11,1,1,11,2,4.0,20,1
17275401,60,11,4,1,20,2,4.0,22,1
17278199,60,11,1,1,20,2,4.0,20,1
17280514,60,11,1,1,20,2,4.0,20,1
17284307,35,11,4,1,20,2,2.0,16,1
17286430,65,11,1,1,20,2,4.0,20,1
17287411,60,11,4,1,20,2,4.0,20,1
17287953,60,11,1,1,1,2,4.0,20,1
17288977,60,11,4,1,20,2,4.0,21,1
17291110,60,11,4,1,20,2,4.0,20,1
17292348,65,2,1,2,1,2,4.0,20,1
17292408,60,11,1,1,20,2,4.0,20,1
17292617,60,11,1,1,20,2,4.0,20,1
17293141,60,11,1,1,20,2,4.0,21,1
17293151,60,11,4,1,20,2,4.0,20,1
17293487,35,2,4,2,15,1,2.0,1,1
17294929,60,12,1,1,20,2,4.0,21,1
17299110,30,12,1,1,1,2,4.0,21,1
17300486,60,11,1,1,11,2,4.0,21,1
17301508,35,11,1,1,20,2,1.0,21,1
17303476,35,11,4,1,20,2,4.0,20,1
17308654,60,11,4,1,20,2,4.0,20,1
17312622,35,11,4,1,20,2,4.0,20,1
17313229,65,11,1,1,20,2,4.0,20,1
17313238,60,2,1,2,20,2,4.0,20,1
17314890,65,11,1,1,1,2,4.0,21,1
17316990,45,11,1,1,20,2,4.0,22,1
17317086,60,11,1,1,20,2,4.0,20,1
17317806,60,11,4,1,20,2,4.0,20,1
17320576,60,11,1,1,20,2,4.0,20,1
17322875,55,11,1,1,1,2,4.0,20,1
17323529,60,11,1,1,20,2,4.0,20,1
17323534,60,11,1,1,20,2,4.0,21,1
17324157,30,11,1,1,20,2,3.0,10,1
17325950,45,11,1,1,20,2,4.0,21,1
17326639,60,11,3,1,20,2,4.0,20,1
17327399,60,11,1,1,20,2,4.0,20,1
17327875,60,11,1,1,20,2,4.0,20,1
17328399,60,11,1,1,1,2,4.0,21,1
17328673,60,11,1,1,20,2,4.0,20,1
17328807,65,11,1,1,1,2,4.0,20,1
17328971,60,12,4,1,11,2,4.0,21,1
17330266,60,11,1,1,20,2,4.0,20,1
17334800,40,11,1,1,9,2,4.0,20,1
17336234,35,11,1,1,21,2,1.0,10,1
17336728,55,11,4,1,20,2,4.0,21,1
17336885,60,12,1,1,20,2,4.0,21,1
17339532,60,11,1,1,20,2,4.0,20,1
17340647,60,11,1,1,20,2,4.0,20,1
17342434,65,11,1,1,20,2,4.0,20,1
17342468,65,11,1,1,20,2,4.0,22,1
17342478,65,11,1,1,20,2,4.0,20,1
17342508,55,12,4,1,11,2,4.0,46,1
17342550,60,2,1,2,20,2,4.0,20,1
17344258,60,11,1,1,20,2,4.0,20,1
17346160,60,12,4,1,20,2,4.0,22,1
17347943,65,0,0,1,20,2,4.0,21,1
17349844,45,11,4,1,1,2,1.0,21,1
17352755,45,11,1,1,11,2,4.0,20,1
17353048,60,11,4,1,20,2,4.0,20,1
17353533,60,11,4,1,20,2,4.0,20,1
17356338,45,12,1,1,20,2,4.0,20,1
17356364,60,11,1,1,20,2,4.0,21,1
17357064,65,2,3,2,20,2,4.0,20,1
17357511,60,11,3,1,1,2,4.0,20,1
17362273,45,11,1,1,1,2,4.0,20,1
17365475,60,11,1,1,20,2,4.0,20,1
17367644,35,2,3,2,20,2,4.0,20,1
17370290,60,11,3,1,20,2,4.0,14,1
17373830,60,11,1,1,20,2,4.0,22,1
17374726,60,11,1,2,20,2,4.0,20,1
17375598,60,11,4,1,11,2,4.0,20,1
17379512,60,11,1,1,1,2,4.0,20,1
17379513,60,11,1,1,1,2,4.0,20,1
17379834,60,11,1,1,20,2,4.0,20,1
17379835,60,11,1,1,20,2,4.0,21,1
17379925,65,11,4,1,20,2,4.0,20,1
17380878,60,2,1,2,20,2,4.0,21,1
17380917,60,12,1,1,20,2,4.0,21,1
17381870,60,11,2,1,1,2,4.0,20,1
17382693,60,11,1,1,1,2,4.0,20,1
17383691,65,11,4,1,20,2,4.0,21,1
17384083,65,11,1,1,20,2,4.0,22,1
17384190,65,11,1,1,20,2,4.0,20,1
17384418,60,11,1,1,20,2,4.0,21,1
17385119,60,12,1,1,20,2,4.0,21,1
17385646,60,12,1,1,20,2,4.0,20,1
17387039,30,11,1,1,20,2,1.0,13,1
17387066,60,11,1,1,3,2,1.0,10,1
17387909,65,11,4,1,20,2,4.0,20,1
17388822,60,11,1,1,11,2,4.0,20,1
17389067,45,11,1,1,20,2,4.0,22,1
17389793,60,11,1,1,1,2,4.0,21,1
17389898,60,11,1,1,1,2,4.0,20,1
17391605,55,0,6,0,20,2,4.0,21,1
17391970,60,11,4,1,20,2,4.0,20,1
17393046,60,2,1,2,1,2,4.0,20,1
17393552,45,11,4,1,1,2,4.0,20,1
17394007,30,2,1,2,1,2,4.0,20,1
17394678,60,11,4,1,20,7,4.0,1,2
17394689,60,11,4,1,20,2,4.0,21,1
17396796,60,11,1,1,20,2,4.0,20,1
17398207,65,11,1,1,20,2,4.0,20,1
17398876,60,12,4,2,20,2,4.0,20,1
17401367,45,11,4,1,5,2,1.0,10,1
17405569,35,11,4,1,20,7,4.0,1,2
17405751,60,11,4,1,20,2,4.0,21,1
17406169,35,11,1,1,1,2,4.0,21,1
17407109,45,11,4,1,20,2,4.0,20,1
17410349,35,11,4,1,20,2,2.0,28,1
17412375,60,11,1,1,20,2,4.0,20,1
17412866,65,11,1,1,1,2,4.0,22,1
17413972,35,12,1,1,20,2,4.0,23,1
17414600,65,11,1,1,20,2,4.0,21,1
17418803,65,11,1,1,20,2,4.0,20,1
17421483,60,11,1,1,20,2,4.0,20,1
17423853,45,11,4,1,20,2,4.0,20,1
17424394,60,11,1,1,1,2,4.0,20,1
17424941,65,2,1,2,1,2,4.0,21,1
17425398,40,11,1,1,20,2,4.0,21,1
17427100,60,11,1,1,20,2,4.0,21,1
17428347,60,11,1,1,20,2,4.0,20,1
17428356,60,11,1,2,1,2,4.0,20,1
17428934,65,11,4,1,20,2,4.0,20,1
17429064,35,11,4,1,20,2,1.0,10,1
17430223,60,12,1,1,1,2,4.0,20,1
17430449,60,11,1,1,20,2,4.0,20,1
17430722,45,11,1,1,20,2,4.0,21,1
17431350,60,11,4,1,1,2,4.0,20,1
17432104,35,11,4,1,20,2,3.0,36,1
17432923,30,11,4,1,20,9,4.0,1,1
17434711,60,11,4,1,20,2,4.0,21,1
17437274,60,12,1,1,20,2,4.0,22,1
17437278,60,11,1,1,20,2,4.0,21,1
17442433,60,11,1,1,1,2,4.0,21,1
17443689,60,11,4,1,20,2,4.0,20,1
17450386,35,11,4,1,20,2,4.0,20,1
17450461,60,11,4,1,20,2,4.0,20,1
17450488,45,11,5,1,20,2,4.0,21,1
17450531,45,11,1,1,20,2,4.0,21,1
17450939,60,11,1,1,20,2,4.0,20,1
17452029,60,11,4,1,20,2,4.0,20,1
17452748,45,11,1,1,20,2,4.0,21,1
17453119,65,12,5,0,1,2,4.0,20,1
17455467,55,11,1,1,20,2,4.0,10,1
17455575,45,12,4,1,1,7,4.0,1,2
17456694,65,11,1,1,20,2,4.0,20,1
17458568,60,12,4,1,20,2,4.0,22,1
17458966,65,11,1,1,1,2,4.0,22,1
17459422,65,11,4,1,1,2,4.0,21,1
17460473,35,11,1,1,5,2,1.0,10,1
17461505,60,11,1,1,20,7,4.0,1,2
17465986,60,11,1,1,1,2,4.0,21,1
17476639,60,12,4,1,20,2,4.0,22,1
17476644,60,11,4,1,20,2,4.0,21,1
17478430,35,11,4,1,5,2,1.0,34,1
17478454,60,11,1,1,20,2,4.0,20,1
17478484,60,11,1,1,20,2,4.0,20,1
17479542,60,11,1,1,20,2,4.0,20,1
17481160,65,0,5,0,1,2,4.0,20,1
17481657,65,11,4,1,20,2,4.0,20,1
17483433,60,11,1,1,20,2,4.0,22,1
17483559,35,11,4,1,20,7,4.0,1,2
17484278,60,11,1,1,20,2,4.0,20,1
17484602,35,11,4,1,5,2,1.0,10,1
17484701,60,11,4,1,20,2,4.0,20,1
17485151,60,11,1,1,1,2,4.0,20,1
17485169,60,11,1,1,20,2,4.0,20,1
17485343,60,11,4,1,20,7,4.0,1,2
17486063,60,5,4,2,11,2,4.0,20,1
17486156,60,11,1,1,20,2,4.0,20,1
17487364,60,5,4,2,11,2,4.0,20,1
17489871,60,11,4,1,20,2,4.0,20,1
17489964,60,11,4,1,20,7,4.0,1,2
17490876,60,11,4,1,20,2,4.0,20,1
17491301,65,11,1,1,1,2,4.0,20,1
17491405,35,12,1,1,1,2,1.0,24,1
17491719,45,11,1,1,20,7,2.0,2,2
17493367,35,11,1,1,20,2,4.0,20,1
17494433,60,11,1,1,20,2,4.0,22,1
17498270,60,11,4,1,20,2,4.0,20,1
17502627,60,11,4,1,20,2,4.0,36,1
17507102,60,12,4,1,1,2,4.0,21,1
17507561,60,11,3,1,20,2,4.0,20,1
17507568,60,11,3,1,20,2,4.0,20,1
17511699,65,11,4,1,1,2,4.0,20,1
17513604,60,11,4,1,20,2,4.0,20,1
17513723,65,11,4,1,20,2,4.0,20,1
17543309,60,11,1,1,20,2,4.0,20,1
14228547,65,11,4,1,20,2,4.0,20,1
14229664,60,11,1,1,20,2,4.0,20,1
14231432,60,11,1,1,20,2,4.0,20,1
14241608,60,11,1,1,20,2,4.0,21,1
14257815,60,12,4,1,20,2,4.0,21,1
14258286,60,11,4,1,20,10,4.0,1,1
14303490,45,12,5,1,20,2,2.0,21,1
14305163,60,12,1,1,20,2,4.0,20,1
14308505,60,12,1,1,20,2,4.0,20,1
14348668,60,11,1,1,20,2,4.0,20,1
14364160,60,11,1,1,20,2,2.0,22,1
14367728,65,12,1,1,20,2,4.0,20,1
14386472,65,12,1,1,20,2,4.0,20,1
14417723,60,11,1,1,1,2,4.0,22,1
14427687,60,12,1,1,20,2,4.0,20,1
14436556,35,2,4,3,20,7,4.0,1,4
14471792,55,11,1,1,20,2,4.0,21,1
14484123,60,11,1,1,20,7,4.0,1,4
14516937,60,12,1,1,20,2,4.0,20,1
14518110,60,11,1,1,20,2,4.0,20,1
14551174,60,11,3,1,20,2,4.0,22,1
14557742,60,11,1,1,20,2,4.0,20,1
14573567,60,12,1,1,20,2,4.0,20,1
14573569,60,12,1,1,20,2,4.0,20,1
14600781,65,11,1,1,20,2,4.0,20,1
14622112,60,11,1,1,20,2,4.0,20,1
14583598,65,2,1,2,20,2,4.0,20,1
14597127,60,11,1,1,20,2,4.0,20,1
14608858,35,11,4,1,1,7,4.0,1,4
14614143,60,11,0,0,20,2,4.0,20,1
14616260,60,12,1,1,20,2,4.0,21,1
14633458,65,2,4,2,20,2,4.0,20,1
14634435,60,11,1,2,20,2,4.0,20,1
14637176,60,11,1,1,20,2,4.0,20,1
14648232,65,11,1,1,1,2,4.0,20,1
14653421,65,11,1,1,20,2,4.0,22,1
14690957,65,11,4,1,20,7,4.0,1,4
14695520,60,11,1,1,20,2,4.0,22,1
14705582,35,11,1,1,1,2,4.0,22,1
14707351,45,11,4,1,20,2,4.0,22,3
14717839,55,11,1,1,1,2,4.0,20,1
14718609,60,11,1,1,20,2,4.0,20,1
14718786,60,2,5,2,20,2,4.0,20,1
14725070,65,2,4,2,1,7,4.0,1,2
14736118,65,11,4,1,20,2,2.0,20,1
14738184,60,11,1,1,20,2,4.0,20,1
14738190,65,11,3,1,20,2,2.0,20,1
14771481,65,11,3,1,20,2,2.0,20,1
14776943,60,2,3,2,20,2,1.0,20,1
14784051,60,12,1,1,20,2,2.0,20,1
14794430,65,11,1,1,20,2,4.0,21,1
14796701,60,11,5,1,20,2,4.0,20,1
14800185,60,11,4,1,20,2,4.0,20,1
14802399,60,11,4,1,20,2,2.0,20,1
14803614,65,11,1,1,20,2,4.0,21,1
14804148,60,12,3,2,20,2,1.0,21,1
14804619,45,2,4,2,20,7,4.0,1,2
14805286,60,2,1,2,20,7,4.0,1,4
14810560,35,11,4,1,1,2,2.0,20,1
14817678,65,11,1,1,20,2,2.0,21,1
14819012,60,11,4,1,20,2,2.0,21,1
14820542,60,12,1,2,20,2,4.0,20,1
14866801,40,12,4,1,1,2,4.0,21,1
14876316,65,11,1,1,20,2,4.0,20,1
14894596,60,11,4,1,20,2,4.0,20,1
14909679,60,11,1,1,20,2,4.0,21,1
14924723,65,11,4,1,20,2,4.0,20,1
14933112,60,2,1,2,20,2,4.0,21,1
14939040,60,11,4,1,20,2,4.0,22,1
14942475,60,11,6,1,20,2,4.0,20,1
14943420,60,11,6,1,20,1,4.0,1,1
14945022,65,11,1,1,1,2,4.0,22,1
14947474,65,11,4,1,20,2,4.0,22,1
14949927,65,11,4,1,20,2,2.0,20,1
14962445,60,2,1,2,1,2,4.0,20,1
14967705,60,11,1,1,20,2,4.0,21,1
14974736,60,2,4,2,20,2,4.0,20,1
14974749,60,12,4,1,20,2,4.0,20,1
14978305,55,11,1,1,1,2,4.0,21,1
14987626,65,2,4,2,20,2,4.0,21,1
14997114,60,11,1,1,20,7,2.0,1,4
14998661,60,11,1,1,20,7,2.0,1,2
15013874,60,11,1,1,20,2,4.0,20,1
15023742,60,12,4,1,20,2,4.0,20,1
15044429,60,11,4,1,20,2,4.0,21,1
15082814,60,11,1,1,20,2,4.0,21,1
15155513,60,11,1,1,20,2,4.0,20,1
15273880,60,2,4,2,20,7,4.0,1,4
15306482,60,11,1,1,20,2,4.0,20,1
15413171,50,11,4,1,20,10,4.0,2,4
15512089,65,11,4,1,20,7,4.0,1,2
15516955,60,11,4,1,20,7,4.0,1,2
15637151,60,11,1,1,20,2,4.0,20,1
15639313,6,2,1,2,20,2,4.0,22,1
15790256,60,2,4,2,20,2,4.0,21,1
15806860,65,12,4,1,11,2,4.0,21,1
15841530,65,11,1,1,20,2,4.0,20,1
15845270,60,12,1,1,20,2,4.0,21,1
15872982,60,11,1,1,20,2,4.0,22,1
15994236,60,11,4,2,20,2,4.0,20,1
16002292,60,11,1,1,20,2,4.0,22,1
16038725,65,11,1,1,20,7,4.0,1,4
16094247,60,11,1,1,20,2,4.0,22,1
16098054,60,12,1,1,20,7,4.0,1,4
16132600,60,11,1,1,20,2,4.0,21,1
16156698,55,12,1,1,20,2,4.0,22,1
16192487,65,2,4,1,20,2,4.0,20,1
16194545,60,11,4,1,1,2,4.0,20,1
16197960,65,11,4,1,20,7,4.0,1,4
16323895,60,11,1,1,20,2,4.0,20,1
16324865,60,12,1,1,20,2,4.0,21,1
16328216,65,11,4,1,20,7,4.0,1,2
16347370,60,11,4,1,20,1,4.0,1,1
16388182,45,11,1,1,5,2,2.0,28,1
16403792,55,11,1,1,20,2,4.0,21,1
16446746,60,12,4,3,20,2,4.0,21,1
16493378,65,11,1,1,20,2,4.0,21,1
16585420,60,11,1,1,20,2,4.0,21,1
16680480,60,8,1,2,20,2,4.0,20,1
16694049,65,2,4,3,20,2,4.0,21,1
16744421,60,11,1,1,20,2,4.0,20,1
16768848,60,11,1,1,20,2,4.0,20,1
16776031,65,11,1,1,20,2,4.0,20,1
16780267,60,12,1,1,20,9,4.0,1,1
16799985,65,11,4,1,20,2,4.0,20,1
16822092,60,11,1,1,20,2,4.0,22,1
16847289,60,12,3,1,1,2,4.0,20,1
16938729,55,11,1,1,1,7,4.0,1,2
17061584,60,11,4,1,20,2,4.0,20,1
16831669,60,12,1,1,20,2,4.0,20,1
16833869,60,12,1,1,20,2,4.0,20,1
16834141,30,12,1,2,20,2,4.0,20,1
16841090,55,11,1,1,17,2,4.0,20,1
16841273,60,11,1,1,1,2,4.0,20,1
16843486,60,11,4,1,20,2,4.0,20,1
16843862,75,11,4,1,20,2,4.0,20,1
16844022,60,11,1,1,1,2,4.0,20,1
16849654,60,11,4,1,20,2,4.0,21,1
16850479,30,2,1,2,1,7,4.0,1,4
16850493,60,2,1,2,20,7,4.0,1,2
16853651,65,12,1,1,20,2,4.0,21,1
16856666,65,12,1,1,20,2,4.0,20,1
16862626,55,2,1,2,20,2,4.0,21,1
16864159,60,11,1,1,20,2,4.0,21,1
16865157,60,12,1,1,20,2,4.0,22,1
16866702,60,11,4,1,20,2,4.0,20,1
16867435,60,11,1,1,20,2,4.0,21,1
16871368,60,11,4,1,1,2,4.0,22,1
16872177,60,2,4,2,1,2,4.0,20,1
16873284,50,11,1,1,20,2,4.0,21,1
16873589,60,12,1,1,20,2,4.0,20,1
16875337,60,0,0,0,20,2,4.0,21,1
16876249,60,12,1,1,20,2,4.0,21,1
16877163,35,11,4,1,8,2,1.0,10,1
16880920,60,12,4,1,20,7,4.0,1,2
16880932,55,11,1,1,20,2,4.0,31,1
16882786,60,11,1,1,20,2,4.0,20,1
16885061,60,11,4,1,20,2,4.0,20,1
16885250,60,2,1,2,20,2,4.0,20,1
16885886,35,11,1,1,20,2,4.0,21,1
16887911,60,11,4,1,1,7,4.0,1,2
16888022,60,2,3,2,20,2,4.0,21,1
16891736,35,11,4,1,20,2,3.0,13,1
16893572,40,12,1,10,20,10,2.0,2,1
16894419,60,2,4,2,1,7,4.0,1,4
16894562,60,12,1,2,20,2,4.0,20,1
16894567,60,11,1,1,20,2,4.0,20,1
16894587,60,12,1,1,20,2,4.0,20,1
16896597,60,2,4,2,20,2,4.0,21,1
16898581,60,12,1,2,20,7,4.0,1,4
16899126,60,11,1,1,1,2,4.0,20,1
16903113,60,12,1,1,1,2,4.0,20,1
16903172,45,11,4,1,20,2,2.0,20,1
16905038,60,11,4,1,20,2,4.0,20,1
16905418,35,11,1,1,20,2,4.0,14,1
16905423,45,11,4,1,5,2,1.0,10,1
16907902,60,11,4,1,20,2,4.0,20,1
16909284,60,12,1,1,20,2,4.0,21,1
16912353,60,2,1,2,20,2,4.0,20,1
16914729,35,11,1,1,20,2,2.0,23,1
16914930,65,5,4,2,20,7,4.0,1,2
16915204,65,12,1,2,20,2,4.0,21,1
16915403,60,0,1,0,20,2,4.0,22,1
16915669,35,2,1,1,1,2,3.0,13,1
16918247,55,2,1,2,1,7,4.0,1,2
16918694,60,12,1,1,20,2,4.0,20,1
16918814,60,0,1,0,20,2,4.0,20,1
16920409,35,11,6,1,20,7,4.0,1,2
16921402,60,11,1,1,20,2,4.0,20,1
16923253,35,2,1,2,5,2,1.0,10,1
16925053,45,2,4,2,9,2,4.0,14,1
16925323,55,2,1,2,12,2,4.0,21,1
16925433,65,11,1,2,20,2,4.0,20,1
16928358,60,2,1,2,1,2,4.0,20,1
16932387,55,11,1,1,20,2,4.0,20,1
16932745,30,2,1,2,20,7,4.0,1,2
16933580,60,12,1,1,20,2,4.0,22,1
16935426,60,2,4,2,20,4,4.0,1,3
16935441,45,11,4,1,20,7,4.0,1,2
16937858,35,0,0,0,20,2,4.0,21,1
16938900,60,11,3,1,20,2,4.0,20,1
16944020,65,11,1,1,20,2,4.0,22,1
16945107,60,11,5,1,20,10,4.0,1,2
16945157,35,11,1,1,20,2,4.0,20,1
16948272,55,12,1,1,20,2,4.0,20,1
16948285,60,2,1,2,20,2,4.0,20,1
16948293,60,12,1,2,20,2,4.0,20,1
16948296,55,12,1,1,20,2,4.0,20,1
16948873,45,11,1,1,20,7,4.0,1,2
16950968,60,12,1,1,20,2,4.0,20,1
16951012,60,2,1,2,5,2,4.0,21,1
16951246,60,12,2,1,20,2,4.0,20,1
16952696,35,11,1,1,1,7,4.0,1,4
16954892,30,11,1,1,20,2,2.0,20,1
16957398,60,11,4,1,20,2,4.0,21,1
16957403,60,11,4,1,20,2,4.0,21,1
16957428,60,12,1,2,20,2,4.0,20,1
16959473,60,11,4,0,20,2,4.0,20,1
16959476,35,12,4,1,20,7,4.0,1,2
16959478,60,11,1,1,20,2,4.0,21,1
16960547,60,12,1,1,20,2,4.0,21,1
16960994,45,11,1,1,20,2,3.0,10,1
16961806,60,11,1,1,20,2,4.0,20,1
16965443,60,11,4,1,20,7,4.0,1,2
16967861,60,11,4,1,1,7,4.0,1,4
16971419,60,11,1,1,1,2,4.0,21,1
16972187,60,11,1,1,20,9,4.0,1,1
16972955,40,11,1,1,20,2,4.0,14,1
16972957,55,2,4,1,20,2,4.0,21,1
16974993,65,11,1,1,20,2,4.0,20,1
16976285,60,11,1,1,20,2,4.0,21,1
16978221,60,12,1,1,20,2,4.0,22,1
16978267,50,11,4,1,1,2,4.0,20,1
16984503,50,11,1,1,20,2,4.0,20,1
16985098,60,11,4,1,20,2,4.0,21,1
16986102,60,11,1,1,1,2,4.0,20,1
16989449,55,11,4,1,20,7,4.0,1,2
16993914,60,11,1,1,20,2,4.0,20,1
16994918,65,11,1,1,20,2,4.0,21,1
16999577,60,12,4,1,20,2,4.0,21,1
16999583,45,0,1,1,1,2,1.0,23,1
16999860,60,12,1,1,20,2,4.0,22,1
16999894,60,11,1,1,20,2,4.0,21,1
17003365,60,11,1,1,1,2,4.0,22,1
17004266,60,11,1,1,20,7,4.0,1,2
17007046,60,11,3,1,5,7,4.0,1,1
17009165,50,11,4,1,5,2,1.0,25,1
17009901,60,11,1,1,1,2,4.0,20,1
17010470,60,11,4,1,20,2,4.0,21,1
17011562,60,12,1,1,20,2,4.0,20,1
17011563,30,11,1,1,5,2,1.0,10,1
17011584,55,2,1,2,20,7,4.0,1,4
17013443,55,0,0,0,1,2,4.0,20,1
17015112,65,11,1,1,1,2,4.0,20,1
17016140,60,11,1,1,20,2,4.0,20,1
17017394,35,11,1,1,8,2,2.0,10,1
17017804,60,11,4,1,20,7,4.0,1,2