Crash_ID,Crash_Speed_Limit,Wthr_Cond_ID,Light_Cond_ID,Surf_Cond_ID,Traffic_Cntl_ID,Harm_Evnt_ID,Intrsct_Relat_ID,FHE_Collsn_ID,Road_Relat_ID
17019031,65,11,1,1,20,2,4.0,21,1
17019032,55,11,1,1,20,2,4.0,21,1
17019033,65,2,3,2,20,2,4.0,21,1
17019773,60,11,1,1,20,2,4.0,22,1
17022341,60,11,5,1,1,2,4.0,20,1
17022361,60,12,4,1,20,2,4.0,22,1
17022362,60,2,4,2,20,7,4.0,1,4
17022526,60,11,4,1,1,7,4.0,1,2
17023023,60,11,4,1,20,10,4.0,1,1
17024683,45,11,1,1,8,2,1.0,13,1
17025875,45,11,4,1,5,2,4.0,24,1
17026043,60,2,3,3,1,7,4.0,1,4
17028055,60,11,1,1,20,2,4.0,21,1
17028678,60,11,1,1,20,2,4.0,22,1
17028685,60,11,1,1,1,2,4.0,21,1
17033837,65,12,4,1,20,2,4.0,20,1
17038736,45,11,1,1,5,2,4.0,20,1
17039405,60,11,4,1,20,2,4.0,21,1
17045713,65,12,1,1,20,2,4.0,20,1
17046739,60,11,1,1,1,2,4.0,20,1
17053256,65,11,4,1,1,2,4.0,20,1
17053677,60,12,1,1,20,2,4.0,20,1
17060392,60,12,4,1,20,2,4.0,21,1
17062005,45,0,4,0,1,2,4.0,21,1
17063477,60,2,1,3,20,7,4.0,1,2
17063482,65,11,1,1,20,2,4.0,20,1
17063962,60,2,4,2,20,7,4.0,1,2
17066333,60,12,1,1,1,2,4.0,20,1
17066336,45,11,1,1,20,2,4.0,20,1
17069024,35,11,1,1,20,2,2.0,25,1
17070162,60,11,1,0,20,2,4.0,20,1
17075683,45,11,1,1,20,2,4.0,20,1
17077710,65,11,1,1,20,2,4.0,20,1
17080847,60,12,1,2,20,2,4.0,20,1
17081869,60,11,3,1,20,2,4.0,21,1
17084539,60,11,1,1,1,2,4.0,21,1
17084837,60,11,1,1,20,2,4.0,22,1
17084839,60,11,1,1,20,2,4.0,21,1
17088463,65,11,1,0,20,2,4.0,20,1
17089309,65,11,1,1,20,2,4.0,20,1
17089964,45,11,4,1,20,7,4.0,1,2
17093107,60,11,4,1,1,2,4.0,20,1
17096518,60,11,1,1,20,2,4.0,20,1
17097403,65,11,4,1,1,7,4.0,1,2
17102271,60,11,1,1,20,2,4.0,21,1
17104128,45,11,1,1,15,5,2.0,2,1
17107712,60,11,1,1,20,2,4.0,20,1
17108614,60,11,1,1,5,2,2.0,35,1
17109598,35,2,1,2,5,2,2.0,22,1
17109905,35,2,1,2,5,2,1.0,10,1
17110632,55,11,1,1,20,2,4.0,20,1
17110934,60,11,1,1,20,2,4.0,20,1
17111352,60,11,1,1,1,2,4.0,21,1
17117117,60,11,4,1,1,2,4.0,22,1
17117120,60,11,2,1,20,2,4.0,21,1
17120352,45,11,1,1,5,2,1.0,10,1
17123801,35,11,1,1,20,2,4.0,21,1
17124277,60,11,1,1,20,2,4.0,20,1
17128444,60,11,1,1,20,2,4.0,20,1
17128463,60,11,1,1,20,2,4.0,20,1
17129493,35,11,4,1,20,2,1.0,10,1
17132873,45,11,1,1,20,2,4.0,20,1
17134908,65,11,4,1,20,2,4.0,20,1
17138677,60,11,1,1,20,2,4.0,21,1
17144494,60,2,1,2,20,2,4.0,20,1
17144533,35,11,4,1,20,2,4.0,20,1
17145181,65,12,6,0,20,2,4.0,21,1
17146969,60,11,1,1,20,2,4.0,20,1
17147677,60,2,1,2,1,2,4.0,20,1
17148213,60,12,1,2,20,7,4.0,1,2
17149395,60,0,4,0,20,2,4.0,21,1
17151113,60,11,1,0,20,2,2.0,20,1
17151386,65,11,4,1,1,7,4.0,1,2
17152850,60,11,1,1,20,2,4.0,20,1
17153183,60,11,1,1,20,2,4.0,20,1
17154572,45,11,1,1,20,2,4.0,21,1
17154594,45,2,1,2,1,2,4.0,20,1
17155395,60,11,4,1,20,2,4.0,20,1
17156638,60,11,1,1,20,2,4.0,20,1
17157740,60,12,4,1,20,2,4.0,20,1
17160150,60,12,1,1,20,2,4.0,20,1
17161830,60,11,1,1,20,2,4.0,20,1
17162228,60,12,1,1,20,2,4.0,21,1
17162847,70,12,1,1,1,2,4.0,20,1
17166368,40,11,1,1,20,2,4.0,20,1
17170215,60,12,1,1,20,2,4.0,20,1
17170332,60,11,6,1,20,2,4.0,21,1
17170493,65,0,0,0,20,8,4.0,1,1
17170731,45,11,1,1,20,2,4.0,21,1
17171024,45,11,1,1,20,2,4.0,22,1
17172019,60,11,1,1,20,2,4.0,21,1
17172492,65,12,1,1,20,2,4.0,21,1
17176077,60,11,1,1,20,2,4.0,22,1
17176413,55,11,1,1,20,2,4.0,21,1
17176665,55,11,3,1,11,7,4.0,1,4
17177303,35,11,1,1,5,2,1.0,21,1
17177979,35,11,1,1,20,7,2.0,2,2
17179538,65,11,1,1,1,2,4.0,21,1
17180958,60,2,4,2,20,2,4.0,20,1
17181266,60,11,4,1,20,2,4.0,21,1
17184672,60,11,3,1,20,2,2.0,20,1
17184949,45,11,1,1,9,2,3.0,23,1
17184952,60,11,1,1,20,7,4.0,1,4
17186706,60,11,4,1,20,7,4.0,1,4
17189284,60,11,1,1,20,2,4.0,21,1
17189911,60,11,1,1,20,2,4.0,22,1
17190260,65,11,1,1,20,2,4.0,22,1
17191605,65,11,1,1,20,2,4.0,20,1
17194469,45,11,4,1,20,2,4.0,21,1
17195436,65,11,1,1,1,2,4.0,21,1
17196302,40,11,1,1,9,2,4.0,20,1
17200189,60,11,1,1,20,2,4.0,20,1
17200702,60,11,1,1,20,2,4.0,20,1
17200719,60,11,4,1,20,2,4.0,21,1
17201499,60,11,4,1,20,7,4.0,1,2
17203485,65,11,1,1,20,2,4.0,20,1
17205012,60,11,1,1,20,2,4.0,30,1
17206527,65,11,4,1,1,2,4.0,21,1
17206633,65,11,4,1,20,7,4.0,1,2
17212659,60,11,1,1,20,2,4.0,21,1
17213144,45,11,1,1,5,2,1.0,10,1
17213383,60,11,1,1,20,2,4.0,20,1
17213414,60,11,1,1,20,2,4.0,20,1
17221854,65,11,1,1,20,2,4.0,20,1
17225042,45,11,1,1,20,2,3.0,23,1
17228098,65,11,6,1,20,7,4.0,1,2
17284235,65,11,4,1,20,2,4.0,20,1
17216232,60,11,4,1,20,7,4.0,1,2
17216622,60,11,1,1,1,2,4.0,20,1
17218665,40,12,1,1,20,7,3.0,1,2
17219437,60,11,4,1,20,2,4.0,21,1
17223162,40,11,1,1,20,2,3.0,23,1
17225652,60,11,4,1,20,2,4.0,20,1
17225655,60,11,4,1,20,7,2.0,1,2
17228437,60,11,1,1,20,2,4.0,21,1
17229715,60,11,1,1,20,2,4.0,20,1
17239676,30,11,4,1,20,2,1.0,23,1
17239679,30,11,1,1,20,2,1.0,21,1
17241809,60,2,4,2,20,7,4.0,1,4
17241840,65,11,1,1,20,2,4.0,21,1
17248586,60,11,4,1,20,2,4.0,21,1
17254377,60,11,1,1,20,2,4.0,20,1
17254427,60,11,1,1,20,2,4.0,21,1
17254798,60,11,3,1,20,2,4.0,22,1
17258934,65,11,3,1,20,2,4.0,20,1
17258979,60,12,1,1,20,2,4.0,21,1
17259056,45,11,1,1,20,2,4.0,22,1
17259417,60,11,3,1,20,7,4.0,1,2
17261908,60,12,1,1,20,2,4.0,21,1
17263370,30,2,1,2,5,2,1.0,10,1
17266437,60,11,1,1,1,2,4.0,20,1
17270460,60,11,1,1,20,2,4.0,20,1
17270461,60,11,1,1,20,2,4.0,20,1
17273684,65,11,4,1,20,2,4.0,21,1
17274056,60,11,4,1,20,7,4.0,1,2
17275212,45,11,6,1,1,2,4.0,21,1
17276766,60,11,1,1,20,2,4.0,20,1
17281431,60,11,1,1,20,2,4.0,20,1
17283878,60,12,1,1,20,2,4.0,20,1
17287409,40,11,1,1,20,2,2.0,25,1
17287750,65,11,4,1,20,2,4.0,20,1
17287752,60,11,4,1,20,2,4.0,20,1
17290680,55,11,1,1,20,7,4.0,1,2
17291212,60,11,4,1,1,2,4.0,20,1
17291399,35,11,1,1,20,2,2.0,20,1
17291586,35,11,1,1,20,2,4.0,22,1
17291721,60,11,1,1,20,2,4.0,20,1
17291881,45,11,1,1,20,2,4.0,21,1
17291900,40,11,1,1,17,2,1.0,10,1
17293253,60,11,4,1,20,2,4.0,20,1
17300114,60,11,1,1,20,2,4.0,21,1
17300376,45,11,4,1,5,2,1.0,30,1
17300381,60,12,4,1,20,2,4.0,22,1
17300852,60,11,1,1,20,2,4.0,20,1
17304464,35,11,1,1,5,2,1.0,10,1
17304497,60,11,1,1,20,2,4.0,21,1
17304553,60,11,1,1,20,2,4.0,20,1
17305439,65,11,1,1,20,2,4.0,21,1
17306677,60,11,1,1,20,2,4.0,20,1
17312140,70,11,1,1,1,2,4.0,22,1
17312627,60,11,4,1,20,2,4.0,20,1
17312630,60,11,3,1,20,2,4.0,20,1
17312666,65,2,1,2,20,2,4.0,22,1
17313224,60,2,1,2,20,7,4.0,1,4
17317166,60,11,4,1,20,2,4.0,21,1
17319322,60,2,3,2,1,2,4.0,20,1
17319323,60,2,1,2,1,7,4.0,1,2
17319505,45,11,4,1,20,7,4.0,1,2
17320758,45,2,1,3,1,2,4.0,20,1
17322934,60,11,1,1,20,2,4.0,20,1
17322935,60,11,1,1,20,2,4.0,20,1
17322945,60,11,1,1,20,7,4.0,1,4
17322950,60,11,1,2,20,2,4.0,21,1
17325787,45,11,1,1,20,2,4.0,21,1
17325957,60,11,1,1,20,2,4.0,20,1
17326236,55,11,1,1,20,2,4.0,21,1
17326576,35,11,1,1,20,2,4.0,20,1
17327238,40,11,1,1,5,2,1.0,10,1
17329933,60,11,4,1,20,7,4.0,1,2
17330187,60,11,3,1,20,7,4.0,1,2
17331174,35,11,1,1,5,2,1.0,10,1
17333870,60,2,1,2,20,2,4.0,20,1
17335920,35,11,1,1,20,2,1.0,10,1
17336301,65,11,4,1,20,2,4.0,20,1
17339531,60,11,4,1,20,2,4.0,20,1
17340985,60,11,1,1,20,2,4.0,21,1
17342875,45,11,1,1,20,2,2.0,22,1
17345473,50,11,1,1,5,2,1.0,28,1
17347026,40,12,1,1,20,7,4.0,1,2
17347027,65,11,1,1,20,2,4.0,20,1
17348867,60,2,1,2,1,2,4.0,20,1
17349315,60,12,1,1,20,2,4.0,21,1
17349948,60,11,4,1,20,2,4.0,20,1
17351740,60,11,1,1,20,2,4.0,20,1
17351864,60,11,4,1,20,2,4.0,21,1
17351866,60,11,3,1,20,7,4.0,1,2
17352444,60,11,1,1,20,2,4.0,21,1
17352462,65,11,4,1,20,2,4.0,21,1
17353507,60,11,4,1,20,2,4.0,21,1
17357963,60,11,1,1,20,2,4.0,20,1
17358192,60,12,4,1,20,2,4.0,21,1
17358583,60,2,1,2,20,2,4.0,21,1
17358586,60,2,4,2,20,7,4.0,1,2
17359515,60,11,1,1,20,2,4.0,20,1
17362845,40,12,1,1,20,2,4.0,22,1
17364402,60,11,1,1,20,2,4.0,22,1
17369297,65,11,4,1,20,2,4.0,21,1
17369927,40,11,4,1,5,2,2.0,22,1
17370215,60,2,4,3,20,7,4.0,1,4
17372906,60,12,6,1,1,2,4.0,10,1
17373088,60,2,1,2,20,2,4.0,20,1
17376873,60,11,1,1,1,2,4.0,20,1
17376876,60,12,1,1,20,2,2.0,20,1
17376898,65,11,1,1,20,2,4.0,20,1
17377443,60,11,1,1,20,2,4.0,20,1
17379574,55,12,1,1,20,2,4.0,20,1
17380214,65,11,1,1,1,2,4.0,21,1
17383463,65,11,1,1,20,2,4.0,20,1
17384439,60,12,1,2,1,2,4.0,31,1
17387040,30,11,4,1,20,2,4.0,21,1
17387746,45,11,1,1,5,2,1.0,10,1
17387748,60,11,4,1,1,2,4.0,20,1
17390511,60,11,4,1,20,7,4.0,1,4
17393024,55,11,1,2,20,1,4.0,1,1
17393137,60,11,4,1,20,2,4.0,20,1
17393954,60,2,1,2,1,2,4.0,21,1
17395013,60,2,4,2,20,2,4.0,20,1
17395906,60,11,1,1,20,2,4.0,21,1
17396164,60,12,1,1,20,2,4.0,20,1
17396526,60,11,4,1,20,2,4.0,20,1
17399400,55,11,4,1,1,2,4.0,20,1
17401365,65,0,1,0,20,2,4.0,21,1
17402425,60,11,1,1,1,2,4.0,20,1
17402449,55,11,1,1,20,7,4.0,1,2
17403355,60,11,4,1,20,2,4.0,20,1
17403569,65,11,1,1,20,2,4.0,20,1
17405136,65,11,4,1,1,2,4.0,21,1
17407379,60,11,1,1,20,2,4.0,22,1
17407546,60,12,1,1,20,7,4.0,1,2
17408532,60,2,1,2,1,2,4.0,20,1
17409526,60,11,4,1,20,2,4.0,20,1
17409533,45,11,1,1,5,2,2.0,23,1
17415290,65,11,6,1,1,2,4.0,21,1
17415705,55,11,1,1,20,2,4.0,20,1
17418327,30,11,4,1,20,2,4.0,34,1
17419926,50,11,4,1,20,7,4.0,1,2
17421547,30,11,1,1,5,2,4.0,14,1
17422887,65,11,4,1,20,2,4.0,20,1
17427676,65,11,1,1,1,2,4.0,20,1
17432085,60,11,4,1,20,2,4.0,21,1
17432663,60,12,1,1,20,2,4.0,20,1
17435500,60,11,4,1,20,2,4.0,21,1
17437241,60,11,1,1,20,2,4.0,20,1
17438928,60,11,1,1,20,2,4.0,20,1
17438950,65,11,1,1,20,2,4.0,20,1
17439865,60,11,4,1,1,2,4.0,20,1
17441953,60,11,4,1,20,2,4.0,20,1
17444131,45,11,1,1,20,2,4.0,21,1
17451026,60,11,4,1,20,2,4.0,20,1
17451464,60,11,4,1,20,2,4.0,20,1
17451467,60,11,1,1,1,7,4.0,1,4
17453690,35,11,1,1,20,2,1.0,21,1
17453935,60,11,1,1,20,2,4.0,21,1
17457727,45,11,4,1,20,2,4.0,20,1
17458555,60,11,4,1,20,7,4.0,1,4
17459554,60,11,4,1,20,2,4.0,22,1
17462572,60,11,4,1,20,2,4.0,20,1
17465156,60,11,4,1,20,7,4.0,1,4
17465365,60,11,4,1,20,2,4.0,22,1
17466378,35,11,4,1,20,2,4.0,14,1
17469651,65,11,4,1,20,7,4.0,1,4
17473207,45,11,1,1,5,2,1.0,10,1
17476854,60,11,4,1,20,2,4.0,21,1
17477245,35,11,4,1,5,1,2.0,1,1
17479016,60,11,2,1,20,2,4.0,20,1
17483383,60,12,1,1,20,2,4.0,21,1
17487920,65,12,4,1,1,2,4.0,20,1
17488120,60,11,1,1,20,2,4.0,20,1
17488215,35,11,4,2,20,2,4.0,20,1
17488216,60,11,1,1,20,2,4.0,21,1
17491223,40,2,4,2,20,2,2.0,23,1
17492779,60,11,1,1,20,2,4.0,21,1
17496544,60,11,4,1,20,2,4.0,21,1
17496631,60,12,4,2,20,2,4.0,20,1
17501176,45,12,4,2,20,7,4.0,1,2
17511521,45,11,4,1,20,2,4.0,20,1
17544124,45,12,4,1,20,2,4.0,21,1
14492979,60,12,3,1,20,2,4.0,21,1
15083583,60,11,1,1,20,2,4.0,22,1
15274984,35,12,4,1,8,1,2.0,1,1
15672582,60,12,1,1,20,2,4.0,22,1
16082892,60,11,1,1,20,2,4.0,21,1
16082894,60,11,1,1,20,2,4.0,20,1
16089968,60,11,1,1,20,2,4.0,20,1
16253052,60,11,1,1,20,2,4.0,21,1
16416807,60,11,1,1,20,2,4.0,20,1
16429750,60,11,1,1,20,2,4.0,20,1
16438346,60,11,1,1,20,2,4.0,20,1
16499004,60,12,1,1,20,2,4.0,20,1
16563147,60,11,1,1,20,2,4.0,21,1
16605331,60,11,3,1,20,1,4.0,1,1
16607717,60,11,1,1,20,2,4.0,20,1
16643508,60,11,1,1,20,2,4.0,20,1
16675884,60,11,1,1,20,2,4.0,20,1
16710528,60,2,1,2,1,2,4.0,20,1
16715366,60,2,1,2,20,2,4.0,21,1
16777857,60,11,1,1,20,2,4.0,20,1
16785325,60,12,1,1,20,2,4.0,21,1
16801036,60,11,1,1,20,2,4.0,20,1
16919985,60,12,1,1,20,2,4.0,21,1
16920661,60,11,1,1,20,2,4.0,21,1
16842093,60,11,1,1,20,2,4.0,20,1
16844405,60,11,4,1,1,2,4.0,21,1
16845684,60,11,1,1,1,2,4.0,20,1
16847506,50,11,1,1,20,2,4.0,20,1
16847884,60,11,1,1,20,7,4.0,1,2
16854932,60,11,1,1,20,2,4.0,20,1
16859655,60,11,1,1,20,2,4.0,20,1
16865529,50,11,1,1,20,2,4.0,22,1
16865850,60,11,4,1,1,2,4.0,20,1
16867442,70,11,1,1,20,2,4.0,22,1
16867830,60,11,1,1,20,2,4.0,21,1
16872233,60,11,4,1,1,2,4.0,21,1
16885748,50,12,1,1,20,2,4.0,20,1
16885758,50,12,1,1,20,2,4.0,20,1
16885791,60,12,1,1,20,2,4.0,20,1
16892635,60,11,1,1,20,2,4.0,20,1
16897857,60,11,1,1,20,2,4.0,21,1
16900400,55,11,1,1,20,2,4.0,21,1
16902274,60,11,4,1,17,2,4.0,21,1
16903006,60,11,1,1,1,2,4.0,20,1
16904072,60,12,4,1,20,2,4.0,21,1
16904788,60,12,1,1,20,2,4.0,20,1
16905821,60,11,4,1,1,2,4.0,20,1
16908148,30,2,1,2,20,2,4.0,21,1
16908207,60,12,1,2,20,2,4.0,21,1
16912547,60,2,4,2,20,2,4.0,22,1
16917841,60,2,1,2,1,2,4.0,20,1
16926925,60,11,1,1,20,2,4.0,22,1
16926967,60,11,1,1,1,2,4.0,20,1
16928896,60,2,6,2,20,2,4.0,20,1
16935236,45,2,4,2,20,1,4.0,1,2
16935589,60,12,1,1,20,2,4.0,20,1
16937157,60,12,4,1,1,2,4.0,20,1
16937828,60,11,4,1,20,2,4.0,20,1
16939608,60,12,4,1,20,2,4.0,21,1
16941301,60,11,1,1,20,2,4.0,21,1
16947311,65,11,1,1,20,2,4.0,21,1
16954003,60,2,1,2,20,2,4.0,22,1
16955449,60,11,4,1,1,2,4.0,22,1
16956180,60,12,4,1,11,2,4.0,21,1
16958202,60,12,1,1,20,2,4.0,20,1
16958204,60,12,4,1,20,2,4.0,20,1
16960958,60,11,1,1,20,2,4.0,20,1
16961758,30,11,1,1,20,2,4.0,20,1
16962200,60,11,1,1,20,2,4.0,20,1
16964507,55,11,1,1,20,2,4.0,20,1
16964617,30,11,4,1,20,2,4.0,20,1
16964962,60,11,1,1,20,2,4.0,20,1
16965190,60,11,1,1,20,2,4.0,21,1
16965858,50,12,1,1,20,2,4.0,22,1
16966168,60,11,1,1,20,2,4.0,20,1
16971884,60,11,1,1,20,7,4.0,1,4
16995756,60,11,4,1,20,2,4.0,20,1
17000450,55,11,1,1,20,2,4.0,20,1
17002518,60,11,1,1,20,2,4.0,21,1
17007717,65,11,1,1,1,2,4.0,21,1
17007890,60,11,1,1,1,2,4.0,20,1
17009302,65,11,1,1,20,2,4.0,20,1
17015855,60,11,1,1,20,2,4.0,20,1
17030252,65,11,1,1,1,2,4.0,20,1
17034668,60,11,4,1,1,2,4.0,20,1
17036559,60,11,1,1,20,2,4.0,20,1
17036561,40,11,1,1,20,2,4.0,20,1
17036564,65,11,1,1,20,2,4.0,20,1
17044136,55,12,1,1,20,2,4.0,24,1
17046361,60,11,1,1,1,2,4.0,20,1
17050161,60,11,1,1,20,2,4.0,21,1
17050169,45,11,1,1,20,2,4.0,21,1
17063665,45,11,3,1,20,2,4.0,20,1
17063868,60,2,4,2,20,9,4.0,1,1
17064679,60,12,1,2,20,2,4.0,21,1
17066526,60,11,4,1,20,2,4.0,21,1
17074506,60,11,4,1,1,2,4.0,20,1
17079439,40,11,1,1,1,2,4.0,20,1
17082981,60,12,1,1,20,2,4.0,22,1
17084254,70,11,1,1,1,2,4.0,20,1
17089674,60,2,6,2,20,2,4.0,21,1
17096209,60,11,1,1,11,2,4.0,21,1
17097179,60,11,1,1,1,2,4.0,21,1
17100911,60,11,1,1,20,2,4.0,21,1
17114712,60,11,1,1,20,2,4.0,20,1
17118248,60,11,1,1,20,2,4.0,21,1
17120347,60,12,1,1,1,2,4.0,20,1
17120409,60,11,1,1,1,2,4.0,20,1
17122660,60,11,1,1,20,2,4.0,21,1
17125876,60,11,1,1,1,2,4.0,20,1
17130072,60,11,1,1,20,2,4.0,20,1
17135743,60,12,1,1,20,2,4.0,20,1
17136394,65,2,3,2,1,2,4.0,20,1
17136663,45,11,1,1,20,2,4.0,20,1
17139265,65,11,4,1,1,2,4.0,21,1
17141101,50,11,3,1,11,7,4.0,1,2
17141393,65,2,1,2,20,7,4.0,1,2
17153476,60,11,1,1,20,2,4.0,20,1
17153597,60,11,1,1,20,2,4.0,21,1
17156605,60,11,1,1,20,2,4.0,20,1
17165599,60,12,1,1,20,2,4.0,20,1
17168301,60,11,4,1,1,2,4.0,22,1
17172539,65,11,1,1,20,2,4.0,21,1
17172575,45,11,1,1,20,2,4.0,20,1
17173247,65,2,1,2,20,2,4.0,21,1
17177679,60,11,1,1,1,2,4.0,21,1
17179451,55,11,1,1,20,2,4.0,21,1
17188872,60,11,1,1,20,2,4.0,20,1
17189020,60,11,1,1,20,2,4.0,21,1
17192385,65,11,6,1,17,2,4.0,20,1
17192944,60,11,1,1,1,2,4.0,21,1
17199408,60,11,4,1,20,2,4.0,21,1
17205798,55,11,1,1,20,2,4.0,21,1
17205800,55,11,1,1,20,2,4.0,20,1
17210352,30,11,1,1,20,2,4.0,20,1
17210353,60,11,1,1,20,2,4.0,20,1
17218698,60,11,1,1,1,2,4.0,21,1
17220370,60,12,6,0,1,2,4.0,20,1
17225491,60,12,4,1,20,7,4.0,1,1
17225646,65,11,4,1,20,2,4.0,22,1
17220256,60,11,4,1,20,2,4.0,22,1
17222044,60,11,4,1,20,2,4.0,20,1
17225637,30,11,3,1,1,2,4.0,20,1
17231510,60,11,1,1,20,2,4.0,21,1
17232341,60,11,1,1,20,2,4.0,21,1
17242438,65,11,1,1,20,2,4.0,20,1
17245307,55,11,1,1,20,2,4.0,20,1
17249533,65,11,3,1,20,2,4.0,21,1
17255100,60,11,1,1,20,2,4.0,20,1
17262134,65,11,4,1,20,10,4.0,1,1
17263434,60,11,1,1,20,2,4.0,21,1
17263437,60,11,1,1,20,2,4.0,20,1
17269518,55,11,1,1,20,2,4.0,20,1
17270150,60,11,1,1,20,2,4.0,22,1
17273315,60,11,1,1,20,2,4.0,21,1
17277531,30,11,1,1,20,2,4.0,21,1
17285270,60,11,1,1,1,2,4.0,20,1
17286709,60,11,4,1,20,2,4.0,22,1
17290340,60,11,1,1,20,2,4.0,21,1
17295227,60,11,1,1,1,2,4.0,20,1
17295452,60,11,2,1,1,2,4.0,21,1
17296632,45,11,1,1,20,2,4.0,21,1
17297894,30,2,1,2,20,7,4.0,1,2
17304833,60,12,1,1,1,2,4.0,21,1
17307497,60,11,1,1,20,2,4.0,20,1
17308853,60,11,1,1,20,2,4.0,21,1
17312282,60,11,1,1,20,2,4.0,20,1
17313548,60,11,1,1,20,2,4.0,22,1
17319573,60,11,4,1,20,7,4.0,5,2
17321699,55,11,1,1,20,2,4.0,20,1
17323871,60,12,1,1,1,2,4.0,20,1
17330601,45,11,1,1,20,2,3.0,13,1
17336424,55,11,1,1,20,2,4.0,21,1
17340125,65,11,4,1,20,2,4.0,20,1
17348589,60,11,1,1,20,2,4.0,20,1
17350747,50,2,3,2,20,2,4.0,20,1
17354233,60,12,1,1,20,2,4.0,20,1
17358428,60,11,4,1,20,2,4.0,20,1
17358956,65,11,1,1,20,2,4.0,21,1
17365188,60,11,1,1,1,2,4.0,20,1
17365283,60,12,1,1,20,2,4.0,20,1
17367216,60,11,4,1,20,7,4.0,1,2
17367369,60,11,4,1,20,2,4.0,20,1
17378623,60,11,1,1,20,2,4.0,31,1
17380260,60,11,1,1,20,2,4.0,21,1
17384101,40,11,1,1,20,2,4.0,20,1
17391879,60,2,1,2,20,7,4.0,1,2
17392729,60,2,1,2,20,2,4.0,22,1
17394561,60,11,4,1,20,7,4.0,1,2
17394687,55,11,0,1,20,2,4.0,20,1
17396151,65,11,1,1,20,2,4.0,20,1
17400724,60,11,1,1,1,2,4.0,20,1
17400979,60,12,1,1,20,2,4.0,20,1
17401747,65,12,1,1,20,2,4.0,20,1
17404559,65,2,1,2,20,2,4.0,21,1
17409632,60,12,1,1,1,2,4.0,22,3
17413042,60,11,2,1,20,2,4.0,20,1
17414629,60,11,1,1,20,2,4.0,20,1
17414781,60,11,4,1,20,2,4.0,20,1
17417629,50,11,1,1,20,2,4.0,20,1
17419441,60,11,1,1,20,2,4.0,20,1
17421527,65,11,1,1,20,2,4.0,20,1
17422821,60,11,1,1,20,2,4.0,21,1
17422830,60,11,1,1,20,2,4.0,20,1
17424372,60,11,1,1,20,2,4.0,21,1
17425971,60,12,1,1,1,2,4.0,20,1
17428199,60,11,1,1,20,2,4.0,20,1
17430344,60,11,1,1,20,2,4.0,20,1
17432846,55,11,1,1,20,2,4.0,20,1
17451287,60,11,3,1,20,2,4.0,21,1
17452044,65,11,1,1,20,2,4.0,20,1
17454953,60,11,4,1,20,2,4.0,20,1
17455570,60,11,4,1,20,7,4.0,1,2
17455877,60,11,1,1,20,2,4.0,20,1
17457882,60,11,1,1,20,2,4.0,20,1
17458645,60,11,4,1,20,2,4.0,21,1
17459080,60,2,1,1,20,2,4.0,21,1
17465198,60,11,4,1,20,2,4.0,22,1
17465497,60,11,1,1,20,2,4.0,20,1
17481493,60,11,6,1,20,7,4.0,1,2
17484862,55,11,1,1,20,2,4.0,20,1
17485158,60,11,1,1,11,2,4.0,20,1
17486123,60,11,1,1,20,2,4.0,20,1
17490283,35,12,1,2,20,2,1.0,20,1
17492983,60,11,1,1,20,7,2.0,1,2
17498861,60,11,1,1,20,2,4.0,21,1
14199983,60,12,1,2,20,7,4.0,1,2
14202482,60,2,1,3,20,7,4.0,1,2
14202795,50,12,4,2,21,2,1.0,10,1
14203530,60,2,4,2,20,7,4.0,1,2
14203596,60,11,4,1,20,7,4.0,1,4
14206475,60,2,4,2,20,2,4.0,20,1
14207813,40,11,1,1,5,2,1.0,10,1
14208763,60,2,4,2,20,2,4.0,22,1
14208895,60,11,1,1,20,2,4.0,20,1
14210081,30,11,1,1,20,2,4.0,20,1
14210096,60,11,5,1,1,2,4.0,22,1
14210317,65,11,1,1,20,2,4.0,22,1
14210372,45,11,3,1,1,2,4.0,20,1
14210484,60,2,4,2,1,2,4.0,21,1
14210706,60,11,1,1,20,2,4.0,20,1
14211953,60,11,4,1,1,2,4.0,22,1
14215640,60,12,1,2,20,2,4.0,21,1
14216049,45,2,1,2,5,2,2.0,22,1
14216665,60,2,4,2,20,2,4.0,21,1
14216924,45,11,3,1,1,7,4.0,1,2
14216954,60,11,1,1,20,2,4.0,20,1
14216996,50,11,1,1,1,2,4.0,20,1
14217089,45,11,4,1,5,7,2.0,1,2
14218728,60,11,1,1,20,2,4.0,20,1
14218967,60,12,1,1,20,2,4.0,20,1
14219031,60,11,1,1,20,2,4.0,22,1
14219293,50,5,4,2,8,7,2.0,1,2
14219471,45,2,1,2,20,7,4.0,1,2
14219511,60,2,4,2,20,2,4.0,22,1
14219597,60,2,1,2,20,2,4.0,20,1
14221285,60,2,1,2,20,2,4.0,22,1
14221476,60,12,6,1,20,2,4.0,20,1
14221508,60,12,1,1,20,2,4.0,21,1
14221955,60,11,3,1,20,2,4.0,20,1
14225210,60,2,1,1,20,2,4.0,20,1
14225495,60,12,1,1,20,7,4.0,1,4
14226796,60,2,1,2,20,2,4.0,20,1
14226935,40,11,1,1,17,2,1.0,13,1
14227436,60,2,4,2,20,7,4.0,1,2
14228140,55,11,4,1,20,7,4.0,1,4
14228448,60,11,4,1,20,7,2.0,1,4
14228466,60,11,4,1,20,2,4.0,20,1
14228757,60,11,1,1,20,2,4.0,22,1
14228975,60,2,4,2,20,2,4.0,21,1