Crash_ID,Crash_Speed_Limit,Wthr_Cond_ID,Light_Cond_ID,Surf_Cond_ID,Traffic_Cntl_ID,Harm_Evnt_ID,Intrsct_Relat_ID,FHE_Collsn_ID,Road_Relat_ID
14228991,60,2,1,2,20,2,4.0,20,1
14229560,60,11,1,1,20,2,4.0,21,1
14229660,60,12,1,1,20,2,4.0,20,1
14230009,60,11,1,1,20,2,4.0,20,1
14230504,40,12,1,1,20,2,1.0,21,1
14230704,60,11,1,1,20,2,4.0,20,1
14231637,60,11,1,1,20,2,4.0,20,1
14232005,60,5,4,2,20,2,4.0,20,1
14232758,60,11,1,1,20,2,4.0,30,1
14233521,60,12,1,1,20,2,4.0,20,1
14233631,55,11,4,1,20,2,4.0,21,1
14233653,65,11,1,1,20,2,4.0,20,1
14233877,60,2,4,2,20,2,4.0,22,1
14234188,60,11,1,1,17,2,4.0,21,1
14235335,60,11,1,1,1,2,4.0,20,1
14236047,60,12,4,1,20,7,4.0,1,4
14236212,60,12,4,1,20,2,4.0,22,1
14236254,60,2,1,2,20,7,4.0,1,2
14236810,60,11,1,1,20,2,4.0,20,1
14237736,60,12,1,1,20,2,4.0,20,1
14238050,60,11,4,2,20,7,4.0,1,4
14238094,60,11,4,1,20,7,4.0,1,2
14238220,60,2,1,2,20,2,4.0,20,1
14238263,60,11,1,1,20,7,4.0,1,2
14238879,45,11,4,2,17,2,2.0,22,1
14238925,60,2,1,2,20,2,4.0,20,1
14239227,60,12,1,1,20,2,4.0,20,1
14239229,60,11,4,1,20,2,4.0,20,1
14239234,35,12,3,1,8,2,1.0,10,1
14240862,45,2,1,2,8,2,1.0,10,1
14240878,60,2,1,2,20,7,4.0,1,4
14240941,60,11,1,1,20,2,4.0,21,1
14241624,60,11,4,1,20,2,4.0,20,1
14241832,60,2,4,2,20,2,2.0,21,1
14241918,45,11,1,1,1,2,1.0,21,1
14243348,60,11,1,1,20,2,4.0,20,1
14243816,60,11,1,1,20,10,4.0,1,1
14244177,60,11,1,1,20,2,4.0,20,1
14244222,60,11,1,1,20,2,4.0,21,1
14244912,60,11,1,1,20,2,4.0,20,1
14245722,60,11,4,1,3,7,4.0,1,1
14245804,60,11,4,1,20,2,4.0,21,1
14245899,60,12,1,1,20,2,4.0,21,1
14246730,60,11,2,1,20,2,4.0,22,1
14246733,65,11,1,1,20,2,4.0,21,1
14246796,60,11,4,1,20,2,4.0,20,1
14247444,60,11,4,1,20,2,4.0,21,1
14247799,45,11,1,1,1,7,4.0,1,2
14248471,60,11,1,1,20,2,4.0,20,1
14249748,60,5,4,1,20,2,4.0,20,1
14249932,60,11,1,1,20,7,4.0,1,3
14249942,60,11,1,1,1,2,4.0,20,1
14251869,60,11,4,1,20,2,4.0,20,1
14251974,60,11,1,1,20,2,4.0,20,1
14251976,60,11,1,1,20,2,4.0,21,1
14252658,60,11,4,1,20,2,4.0,22,1
14253065,60,11,1,1,20,2,4.0,20,1
14253942,60,12,1,1,1,2,4.0,22,1
14254477,60,11,4,1,20,2,4.0,20,1
14255530,60,11,1,1,20,2,4.0,20,1
14255685,60,2,1,1,1,2,4.0,20,1
14255829,60,11,1,1,20,2,4.0,21,1
14256141,60,2,1,2,20,2,4.0,20,1
14258589,60,2,1,2,20,7,4.0,1,4
14259473,30,12,1,1,1,7,4.0,1,2
14259634,40,12,1,1,9,2,2.0,13,1
14259637,60,2,1,2,20,2,4.0,20,1
14260414,60,12,1,1,20,2,4.0,20,1
14260708,65,12,1,1,20,7,4.0,1,2
14261645,50,11,1,1,8,2,1.0,10,1
14261912,60,2,1,2,20,7,4.0,1,4
14263659,60,11,1,1,20,2,4.0,22,1
14263667,60,11,1,1,20,2,4.0,22,1
14263796,60,11,5,1,1,2,4.0,20,1
14263963,60,11,4,1,20,2,4.0,20,1
14264296,60,11,4,1,20,2,4.0,20,1
14264348,60,11,4,1,20,2,4.0,20,1
14265711,60,11,1,1,20,2,4.0,20,1
14265980,60,11,1,1,20,2,4.0,20,1
14266340,60,12,6,1,20,2,4.0,20,1
14266545,60,11,4,0,20,2,4.0,20,1
14266991,60,11,4,1,20,2,4.0,21,1
14267503,60,11,1,1,20,2,4.0,20,1
14267976,60,11,1,1,20,2,4.0,20,1
14268694,60,11,1,1,20,2,4.0,21,1
14270016,60,11,1,1,20,2,4.0,20,1
14270038,60,11,1,1,20,2,4.0,20,1
14271025,60,2,4,2,20,7,4.0,1,2
14271027,60,11,4,1,20,7,4.0,1,2
14271209,60,11,1,1,20,2,4.0,20,1
14271222,60,12,2,2,20,2,4.0,22,1
14272264,60,11,4,1,20,2,4.0,20,1
14272593,60,11,3,1,20,2,4.0,21,1
14274043,60,11,4,1,1,7,4.0,1,4
14274104,60,0,0,0,1,2,4.0,21,1
14274189,60,11,4,1,20,2,4.0,20,1
14274285,60,11,1,1,20,2,4.0,21,1
14274666,60,11,1,1,20,2,4.0,21,1
14275205,60,11,1,1,20,2,4.0,20,1
14276977,60,11,1,1,1,2,4.0,20,1
14277250,60,11,1,1,20,2,4.0,20,1
14277810,60,12,1,1,20,2,4.0,22,1
14277836,35,11,1,1,20,2,4.0,20,1
14277887,35,2,1,2,20,2,2.0,20,1
14277888,60,11,1,1,20,2,4.0,20,1
14277889,65,12,1,2,20,2,4.0,20,1
14277890,65,11,1,1,20,2,4.0,21,1
14277894,65,11,3,1,20,2,4.0,20,1
14278352,60,11,1,1,20,2,4.0,20,1
14278383,60,11,1,1,1,2,4.0,20,1
14278501,35,2,4,2,20,7,4.0,1,2
14278872,60,11,2,1,20,2,4.0,22,1
14280522,60,12,1,1,20,2,4.0,20,1
14281391,60,11,4,1,20,2,4.0,20,1
14281494,60,11,1,1,20,2,4.0,20,1
14282458,65,11,4,1,20,2,4.0,21,1
14282805,45,11,1,1,1,2,4.0,21,1
14282903,60,11,1,1,3,2,4.0,22,1
14282951,60,11,1,1,20,2,4.0,20,1
14283205,35,11,1,1,20,2,4.0,20,1
14283417,60,11,1,1,20,2,4.0,20,1
14283822,60,12,4,1,20,2,4.0,22,1
14283850,60,11,1,2,1,2,4.0,20,1
14283928,60,11,1,1,1,2,4.0,20,1
14286464,45,11,1,1,20,2,4.0,20,1
14287529,60,2,4,2,20,2,4.0,20,1
14289782,60,11,1,1,20,2,4.0,20,1
14289977,60,12,4,1,20,8,4.0,1,1
14290066,60,11,1,1,1,2,4.0,21,1
14290408,65,11,1,1,20,2,4.0,20,1
14290439,60,12,1,2,20,2,4.0,20,1
14290448,60,12,1,1,20,2,4.0,20,1
14290925,60,12,4,1,20,2,4.0,20,1
14291587,60,12,1,1,20,2,4.0,20,1
14293335,45,12,4,2,20,2,2.0,22,1
14293465,60,11,1,1,20,2,4.0,21,1
14294613,30,12,1,2,2,2,1.0,10,1
14294892,60,12,1,1,1,2,4.0,20,1
14295073,60,2,4,2,20,7,4.0,1,2
14295134,60,11,1,1,20,7,4.0,1,2
14295580,40,2,4,2,1,2,4.0,20,1
14296664,60,12,1,1,20,2,4.0,20,1
14297124,60,11,1,1,20,2,4.0,21,1
14298728,60,2,1,2,20,2,4.0,20,1
14299075,60,12,1,1,20,2,4.0,20,1
14299102,60,11,4,1,11,2,4.0,21,1
14299765,60,11,1,1,20,2,4.0,20,1
14299773,60,11,1,1,20,2,4.0,20,1
14299781,60,11,1,1,20,2,4.0,20,1
14300190,60,12,1,1,20,7,4.0,1,2
14300364,60,11,1,1,20,2,4.0,20,1
14300623,60,11,4,1,20,2,4.0,22,1
14300780,60,2,4,2,20,2,4.0,20,1
14300847,60,12,3,1,20,7,4.0,1,2
14301116,65,2,1,2,20,7,4.0,1,2
14301792,50,11,1,1,5,2,2.0,22,1
14303273,55,11,1,1,20,2,4.0,22,1
14303275,60,11,1,1,20,2,4.0,20,1
14303535,60,11,3,1,20,2,4.0,21,1
14304954,60,11,1,2,20,2,4.0,20,1
14305216,55,12,4,1,20,7,4.0,1,2
14305330,60,11,1,1,20,2,4.0,21,1
14305337,30,2,4,2,20,2,4.0,22,1
14305355,60,2,1,2,20,2,4.0,21,1
14305817,35,11,1,1,9,2,1.0,10,1
14306031,60,11,1,1,20,2,4.0,21,1
14306859,45,2,1,2,1,2,4.0,20,1
14306970,60,11,1,1,20,2,4.0,21,1
14307191,65,11,4,1,17,2,4.0,20,1
14307457,60,12,1,1,20,2,4.0,21,1
14307686,35,12,1,1,5,2,1.0,10,1
14308285,60,11,1,1,20,2,4.0,20,1
14308837,60,12,1,1,20,2,4.0,21,1
14309353,60,11,4,1,1,2,2.0,20,1
14309387,45,12,4,2,5,2,2.0,22,1
14309565,60,2,1,2,20,7,4.0,1,2
14309571,60,11,4,1,20,2,4.0,20,1
14309606,60,2,4,2,20,7,4.0,1,2
14309804,60,11,1,1,20,2,2.0,20,1
14309865,60,5,1,2,20,2,4.0,22,1
14311170,60,2,1,2,1,7,4.0,1,2
14312707,65,12,1,1,20,2,2.0,20,1
14313102,60,12,1,1,20,2,4.0,21,1
14313117,60,12,1,1,20,2,4.0,20,1
14313438,60,2,4,3,1,7,4.0,1,4
14313458,35,11,4,1,20,7,4.0,1,2
14313656,60,2,4,2,20,7,4.0,1,4
14313745,40,2,4,1,5,2,1.0,10,1
14313750,60,2,4,2,20,7,4.0,1,2
14313902,60,12,1,1,20,2,4.0,22,1
14313975,60,12,1,1,20,2,4.0,22,1
14313981,60,11,1,1,20,2,4.0,22,1
14314075,60,11,1,1,1,2,4.0,20,1
14314148,60,2,1,2,20,7,4.0,1,4
14314841,65,2,1,2,1,2,4.0,20,1
14316463,45,2,1,2,20,7,4.0,1,2
14316591,65,2,1,2,20,2,4.0,20,1
14316637,60,12,1,1,20,2,4.0,21,1
14316777,60,2,4,2,20,7,4.0,1,4
14316962,65,11,4,2,20,2,4.0,21,1
14317712,35,2,1,2,9,2,1.0,13,1
14318146,60,11,1,1,20,2,4.0,22,1
14318753,60,11,3,1,20,2,2.0,20,1
14318895,35,2,4,2,20,2,4.0,21,1
14319305,60,11,1,1,1,2,4.0,20,1
14319318,60,12,1,1,20,2,4.0,21,1
14319364,60,12,1,1,20,2,4.0,21,1
14319531,40,11,4,1,20,2,4.0,20,1
14319556,60,12,1,1,20,2,4.0,20,1
14319828,60,2,4,2,20,7,4.0,1,4
14320998,70,2,4,2,20,2,4.0,20,1
14321668,30,2,4,2,5,7,2.0,1,4
14321694,45,2,1,2,20,7,4.0,1,4
14322562,40,11,1,1,6,2,1.0,28,1
14322719,35,12,1,1,20,7,4.0,1,2
14322892,60,2,1,2,20,2,4.0,20,1
14322893,60,2,1,2,20,7,4.0,1,2
14323540,40,2,4,2,5,2,2.0,22,1
14323833,60,11,1,1,20,2,4.0,20,1
14323837,60,11,2,1,20,2,4.0,22,1
14323875,60,11,1,1,20,2,4.0,20,1
14324046,50,11,4,1,20,2,4.0,20,1
14324289,60,12,1,1,1,2,4.0,20,1
14324342,45,11,3,1,1,2,4.0,20,1
14324698,40,12,1,2,11,7,4.0,1,2
14324728,60,2,5,2,20,2,4.0,20,1
14324768,60,11,5,1,20,2,4.0,21,1
14325062,60,11,4,1,20,7,4.0,1,2
14325181,60,2,4,2,20,7,4.0,1,4
14327391,60,2,1,2,1,2,4.0,22,1
14327412,60,12,1,1,20,2,4.0,22,1
14327413,60,12,1,1,20,2,4.0,22,1
14329281,55,11,1,1,20,2,4.0,20,1
14329579,60,11,1,1,1,2,4.0,21,1
14329854,60,11,1,1,20,2,4.0,21,1
14329920,60,2,1,2,20,2,4.0,20,1
14330054,35,12,4,1,20,2,4.0,21,1
14330076,60,11,4,2,20,7,4.0,1,2
14330557,60,11,1,1,20,2,4.0,20,1
14332159,60,11,1,1,20,2,4.0,21,1
14332488,40,11,4,1,1,7,4.0,1,4
14333981,60,11,1,1,1,2,4.0,20,1
14335663,45,11,1,1,20,2,4.0,21,1
14335760,60,11,1,1,20,2,4.0,21,1
14335780,30,12,1,1,20,2,1.0,28,1
14336114,60,11,4,1,20,7,4.0,1,2
14336593,60,12,1,1,20,2,4.0,21,1
14337006,40,11,1,1,1,2,4.0,20,1
14337027,40,11,4,1,5,7,4.0,2,2
14338160,30,2,1,2,20,2,4.0,20,1
14338248,45,11,1,1,20,2,4.0,21,1
14340936,60,12,1,1,20,2,4.0,20,1
14341179,35,11,1,1,5,2,1.0,24,1
14341315,40,11,1,1,1,2,2.0,24,1
14341460,40,11,4,1,20,2,4.0,21,1
14341499,60,12,4,2,20,2,4.0,21,1
14341616,60,11,1,1,20,2,4.0,20,1
14341692,60,12,1,1,20,2,4.0,20,1
14341949,60,11,1,1,20,2,4.0,20,1
14342042,45,11,1,1,1,2,4.0,20,1
14342608,45,11,4,1,20,1,2.0,1,1
14344927,60,12,4,1,20,2,4.0,21,1
14344976,60,11,4,1,20,2,4.0,20,1
14345648,60,2,4,2,20,7,4.0,1,4
14346502,55,11,1,1,1,2,4.0,21,1
14346881,65,11,1,1,1,2,4.0,20,1
14346931,60,11,1,1,20,2,2.0,22,1
14346935,60,11,1,1,20,2,4.0,20,1
14346951,40,11,1,1,5,2,1.0,24,1
14347590,60,11,4,2,20,7,4.0,1,4
14348523,60,11,3,1,1,10,4.0,1,1
14348531,40,11,3,1,20,7,4.0,1,4
14348867,60,11,1,1,20,2,2.0,20,1
14349270,60,11,1,1,20,2,4.0,20,1
14349424,60,11,1,1,20,2,4.0,20,1
14349433,60,11,1,1,20,2,2.0,20,1
14349436,60,11,4,1,20,2,4.0,21,1
14349497,60,11,4,1,20,7,4.0,1,4
14349754,60,11,1,1,11,2,4.0,22,1
14351909,60,11,4,1,20,2,4.0,20,1
14352009,60,11,4,1,20,2,4.0,21,1
14352069,60,11,1,1,20,2,4.0,20,1
14352112,60,11,4,1,20,2,4.0,20,1
14352142,60,11,1,1,20,2,4.0,20,1
14352200,60,11,4,1,20,2,4.0,20,1
14353323,60,11,1,1,20,2,1.0,13,1
14354277,60,11,1,1,20,2,4.0,22,1
14355367,35,11,1,1,20,2,1.0,10,1
14356301,60,11,1,1,20,2,4.0,21,1
14356488,60,11,4,1,20,10,4.0,1,1
14358023,60,11,4,1,20,7,4.0,1,4
14358778,60,11,4,1,20,7,4.0,1,4
14360204,60,11,1,1,20,2,4.0,20,1
14360353,60,12,4,1,20,7,4.0,1,4
14360768,40,11,4,1,5,2,1.0,10,1
14361168,60,11,3,1,20,7,4.0,1,4
14361388,60,11,1,1,20,2,4.0,20,1
14362049,60,12,6,1,20,2,4.0,21,1
14362863,30,11,1,1,9,2,2.0,22,1
14362930,60,12,4,2,20,7,2.0,1,4
14363249,60,11,4,1,3,2,4.0,22,1
14364353,45,11,1,1,20,2,4.0,20,1
14364706,60,12,1,1,20,2,4.0,21,1
14365492,60,2,1,3,20,7,4.0,1,4
14365567,60,11,1,1,20,2,4.0,20,1
14365753,60,11,1,1,20,2,4.0,21,1
14366343,55,11,1,1,20,2,4.0,20,1
14366591,60,12,1,1,20,7,4.0,1,4
14366676,60,11,4,1,20,7,4.0,1,4
14366799,40,11,1,1,20,2,2.0,20,1
14366800,60,11,1,1,20,2,4.0,20,1
14367720,60,12,1,1,20,2,4.0,20,1
14368226,30,11,1,1,5,2,1.0,10,1
14368281,60,11,1,1,20,2,4.0,22,1
14368489,45,11,5,1,5,2,1.0,36,1
14368533,60,2,1,2,20,2,4.0,22,1
14369145,60,11,1,1,20,2,4.0,20,1
14369972,45,11,4,1,20,2,4.0,20,1
14369975,30,11,4,1,12,2,4.0,21,1
14370127,60,11,1,1,20,2,4.0,21,1
14370645,60,11,1,1,20,2,4.0,20,1
14371401,55,11,4,1,20,2,4.0,21,1
14371654,65,11,1,1,20,2,4.0,22,1
14371655,65,11,1,1,20,2,4.0,22,1
14373221,60,11,1,2,20,2,4.0,20,1
14373222,60,2,1,2,20,2,4.0,20,1
14373824,60,11,1,1,20,2,4.0,21,1
14374316,60,2,4,2,20,2,4.0,22,1
14376128,60,12,1,1,1,2,4.0,21,1
14376790,40,12,4,2,20,7,2.0,1,2
14376823,60,11,3,1,1,2,4.0,21,1
14376936,-1,2,4,3,20,7,4.0,1,4
14377059,40,2,1,2,20,2,2.0,22,1
14378758,60,2,1,2,1,2,4.0,20,1
14379240,60,0,1,0,1,2,4.0,20,1
14379318,60,2,4,2,1,2,4.0,20,1
14379319,60,2,4,2,11,7,4.0,1,2
14379457,60,2,4,2,20,7,4.0,1,4
14381079,60,2,1,2,20,7,4.0,1,2
14381290,60,11,4,1,1,2,4.0,21,1
14381924,35,11,1,1,1,2,2.0,21,1
14382191,60,11,3,1,20,2,4.0,20,1
14383740,60,11,1,1,20,2,4.0,20,1
14383953,60,12,4,2,20,2,4.0,20,1
14384346,60,2,1,2,20,2,4.0,20,1
14385757,60,11,1,1,20,2,4.0,20,1
14385793,60,12,1,2,1,2,4.0,20,1
14386098,60,2,4,2,20,2,4.0,21,1
14386195,60,12,1,1,20,2,4.0,20,1
14386939,55,11,1,1,1,2,4.0,20,1
14387129,60,11,1,1,16,2,4.0,20,1
14387145,60,2,1,2,20,2,4.0,20,1
14387154,60,11,1,1,20,2,4.0,21,1
14387293,60,11,1,2,20,2,4.0,20,1
14387658,60,12,3,1,20,7,4.0,1,2
14387702,60,11,4,1,20,7,4.0,1,2
14388201,60,12,1,1,1,2,4.0,20,1
14388899,40,11,1,1,20,2,4.0,21,1
14389167,60,12,4,1,20,2,4.0,21,1
14389834,60,11,1,1,20,2,4.0,21,1
14389864,60,11,1,1,20,2,4.0,21,1
14391194,30,11,1,1,20,2,3.0,23,1
14391715,60,11,1,1,1,2,2.0,20,1
14392196,60,12,5,1,1,2,4.0,20,1
14392202,60,11,1,1,1,2,4.0,22,1
14392206,60,11,1,1,1,2,4.0,20,1
14392245,60,12,1,1,1,2,4.0,20,1
14392820,60,11,1,1,20,2,4.0,20,1
14394863,60,12,1,1,20,2,4.0,20,1
14395762,55,11,1,1,1,2,4.0,20,1
14396222,60,11,1,1,20,2,4.0,22,1
14396415,-1,12,2,1,5,2,1.0,10,1
14396782,60,12,1,1,20,2,4.0,20,1
14398751,60,12,1,1,20,2,4.0,20,1
14399675,60,11,1,1,1,7,4.0,1,2
14399701,60,11,1,1,20,7,4.0,1,4
14400348,65,11,1,1,1,2,4.0,20,1
14400738,35,11,1,1,5,2,1.0,22,1
14402692,60,12,1,1,20,2,4.0,20,1
14402839,60,2,1,2,20,2,4.0,22,1
14403346,60,11,1,1,17,2,4.0,10,1
14403698,60,2,1,2,20,7,4.0,1,4
14403709,60,2,1,1,20,7,4.0,1,2
14403727,60,12,1,1,20,2,4.0,22,1
14403805,35,11,1,1,5,2,1.0,10,1
14405159,60,11,1,1,1,7,4.0,1,4
14405282,65,11,1,1,20,2,4.0,20,1
14405601,60,12,4,1,20,2,4.0,20,1
14405613,60,2,4,2,1,7,4.0,1,4
14407288,60,12,1,1,20,2,4.0,20,1
14408923,60,12,1,1,20,2,4.0,20,1
14409103,60,11,1,1,20,2,4.0,22,1
14409502,45,12,4,2,20,2,4.0,20,1
14410267,60,11,1,1,20,7,4.0,1,2
14410469,40,11,1,1,5,2,2.0,22,1
14410916,65,11,1,1,1,2,4.0,20,1
14411351,35,11,1,1,5,2,1.0,28,1
14411494,60,11,1,1,20,2,4.0,21,1
14411503,60,12,1,1,20,2,4.0,20,1
14411756,60,11,4,1,20,7,2.0,1,4
14412090,65,12,1,1,20,10,4.0,1,1
14412137,60,12,3,1,11,2,4.0,20,1
14412479,60,11,4,1,20,2,4.0,20,1
14413815,60,11,1,1,20,2,4.0,20,1
14414159,60,2,4,2,20,2,4.0,20,1
14414290,65,11,1,1,1,2,4.0,20,1
14414297,60,11,1,1,20,2,4.0,22,1
14414306,60,11,1,1,1,2,1.0,10,1
14415020,60,12,1,1,20,2,4.0,22,1
14416570,60,11,1,1,20,2,4.0,20,1
14416815,60,11,1,1,20,2,4.0,21,1
14416829,60,11,1,1,20,2,4.0,20,1
14418252,60,11,1,1,20,2,4.0,22,1
14418810,45,11,1,1,20,2,4.0,21,1
14418824,60,11,1,1,1,2,4.0,22,1
14418992,55,12,1,1,20,2,4.0,20,1
14422043,60,11,1,1,1,2,4.0,20,1
14423041,40,12,1,1,20,2,3.0,20,1
14423046,40,12,1,1,20,2,3.0,20,1
14423546,40,11,4,1,20,10,4.0,1,1
14423973,45,11,2,1,5,2,4.0,20,1
14424081,60,11,1,1,20,2,4.0,20,1
14424090,60,12,1,1,20,2,4.0,20,1
14424288,60,11,4,1,20,2,4.0,21,1
14424294,60,11,4,1,20,2,4.0,20,1
14424633,60,11,1,1,20,10,4.0,1,2
14424890,60,11,1,1,1,2,4.0,21,1
14424946,60,11,1,1,20,2,4.0,22,1
14424957,60,11,1,1,20,2,4.0,21,1
14425100,60,11,4,1,1,2,4.0,20,1
14425199,40,11,1,1,5,2,1.0,34,1
14425399,60,2,4,2,20,2,2.0,21,1
14425452,60,11,1,1,20,2,4.0,20,1
14427480,55,12,1,1,17,2,4.0,21,1
14428779,40,12,1,1,20,2,1.0,13,1
14428909,60,12,1,1,1,2,4.0,22,1
14429004,35,11,1,1,5,2,1.0,34,1
14429361,60,2,1,2,20,2,4.0,22,1
14429458,60,11,4,1,11,2,4.0,21,1
14429461,60,2,4,2,1,7,4.0,1,4
14430903,30,11,4,1,1,2,4.0,21,1
14430988,45,12,1,1,1,2,2.0,22,1
14431179,60,12,1,1,20,2,4.0,20,1
14431414,60,11,1,1,20,2,2.0,20,1
14431426,60,2,1,2,20,2,4.0,21,1
14431435,55,11,4,1,20,2,4.0,20,1
14431444,60,12,1,1,20,2,4.0,22,1
14431553,60,12,1,1,20,2,4.0,20,1
14431561,60,12,1,2,20,2,4.0,20,1
14432225,60,12,1,2,20,2,4.0,20,1
14432248,60,2,1,2,20,7,4.0,1,2
14432734,35,11,1,1,5,2,1.0,23,1
14434369,60,2,4,2,20,7,4.0,1,2
14434437,60,12,4,1,1,2,4.0,20,1
14434445,65,11,1,1,1,2,4.0,20,1
14435724,60,12,1,1,20,2,4.0,21,1
14435832,60,12,1,1,1,2,4.0,21,1
14436035,60,11,4,1,20,2,4.0,20,1
14436303,60,11,1,1,20,2,4.0,20,1
14436305,60,12,1,1,20,2,4.0,20,1
14436455,60,11,1,1,20,2,4.0,21,1
14436871,60,11,1,1,20,2,4.0,22,1
14437050,60,11,1,1,20,2,4.0,20,1
14437280,60,12,1,1,20,2,4.0,20,1
14437486,60,11,6,1,1,2,4.0,20,1
14439596,60,11,1,1,20,2,4.0,20,1
14439809,55,2,1,2,20,2,2.0,22,1
14440141,60,11,4,1,20,2,4.0,22,1
14440151,60,11,1,1,20,2,4.0,20,1
14440462,60,2,1,2,20,2,4.0,20,1
14440475,60,12,1,1,20,2,4.0,21,1
14441537,65,11,1,1,20,2,4.0,21,1
14441695,65,11,1,1,1,2,4.0,20,1
14441846,60,11,1,1,20,2,4.0,20,1
14444168,40,12,1,1,20,2,1.0,24,1
14444191,60,2,1,2,1,2,4.0,20,1
14444407,60,11,1,1,20,2,4.0,20,1
14444409,60,11,1,1,20,2,4.0,20,1
14444429,35,11,1,1,20,2,4.0,21,1
14444435,60,11,1,1,20,2,4.0,20,1
14446293,60,12,1,1,20,2,4.0,20,1
14447707,40,12,1,1,20,2,2.0,20,1
14448507,60,11,1,1,1,2,4.0,20,1
14448793,55,11,1,1,20,2,4.0,20,1
14448901,60,2,1,2,20,7,4.0,1,2
14449090,60,12,1,1,20,2,2.0,21,1
14449431,60,11,4,1,20,2,4.0,20,1
14449603,60,11,4,1,1,2,2.0,21,1
14449607,60,12,1,1,20,2,4.0,20,1
14450234,60,11,4,1,20,2,4.0,20,1
14450652,60,11,1,3,20,7,4.0,1,4
14450664,60,11,1,1,20,2,4.0,20,1
14451316,60,11,1,1,20,2,4.0,20,1
14452936,65,11,1,1,20,2,4.0,21,1
14453404,60,12,1,1,20,2,4.0,20,1
14453431,60,11,1,1,20,2,4.0,20,1
14453445,60,12,4,1,20,2,4.0,20,1
14453460,60,12,4,1,20,2,4.0,20,1
14454477,35,2,4,2,20,2,4.0,21,1
14455834,60,11,4,1,20,2,4.0,21,1
14455835,45,11,3,1,20,7,2.0,1,4
14455972,-1,11,1,1,20,2,4.0,20,1
14457362,60,12,1,1,20,2,4.0,22,1
14457445,60,11,4,1,20,2,4.0,20,1
14457544,60,11,1,1,20,2,4.0,21,1
14459994,60,11,1,1,20,2,4.0,20,1
14460072,60,11,1,1,20,2,4.0,22,1
14460467,60,11,4,1,20,2,4.0,20,1
14460476,60,11,4,1,20,2,4.0,20,1
14460484,60,11,4,1,20,2,4.0,20,1
14460965,60,11,1,1,20,2,4.0,21,1
14461172,60,2,4,2,20,2,4.0,20,1
14461391,60,11,1,1,20,2,4.0,20,1
14462765,60,11,1,1,20,2,4.0,20,1
14462782,60,11,1,1,20,2,4.0,20,1
14462970,60,11,1,1,20,2,2.0,22,1
14463322,60,11,1,1,20,2,4.0,20,1
14463327,60,11,1,1,20,2,4.0,20,1
14463349,60,11,1,1,1,2,4.0,20,1
14463388,60,11,1,1,20,2,4.0,21,1
14463399,60,12,1,1,20,2,4.0,21,1
14463798,45,11,3,1,5,2,1.0,10,1
14464705,60,0,4,0,20,2,4.0,20,1
14465269,60,11,1,1,20,2,4.0,20,1
14465468,60,11,1,1,20,2,4.0,21,1
14465496,60,11,1,1,1,2,4.0,22,1
14467018,60,11,1,1,20,2,4.0,20,1
14467487,60,11,1,1,20,2,4.0,21,1
14467510,60,11,5,1,1,2,4.0,20,1
14467743,45,11,1,1,20,2,4.0,21,1
14467751,60,11,1,1,1,2,4.0,20,1
14469166,60,11,1,1,20,8,4.0,1,1
14469180,60,11,1,1,20,2,4.0,21,1
14469189,60,11,1,1,20,2,4.0,20,1
14469431,65,11,2,1,20,2,4.0,20,1
14470807,60,11,1,1,20,2,4.0,20,1
14471037,40,11,1,1,2,2,1.0,10,1
14471195,60,11,1,1,1,2,4.0,20,1
14471585,60,11,4,1,1,2,4.0,20,1
14471906,45,12,1,1,20,2,3.0,23,2
14471932,60,11,1,1,20,2,4.0,22,1
14471960,60,11,1,1,20,2,4.0,20,1
14471970,60,11,1,1,20,2,4.0,21,1
14472151,40,2,4,2,20,2,1.0,24,1
14472314,65,11,4,1,20,7,4.0,1,4
14472477,65,11,1,1,1,2,4.0,22,1
14472491,55,11,1,1,1,2,4.0,20,1
14472639,60,12,1,1,20,2,4.0,21,1
14472655,60,12,1,1,20,2,4.0,20,1
14474643,40,11,1,1,5,2,4.0,21,1
14475064,60,11,1,1,20,2,4.0,20,1
14475188,60,12,1,2,20,7,4.0,1,2
14475194,60,12,3,1,1,2,4.0,20,1
14475330,60,11,1,1,20,2,4.0,22,1
14475576,40,11,1,1,20,2,4.0,21,1
14475735,60,11,1,2,20,2,4.0,20,1
14476927,60,11,1,1,20,2,4.0,20,1
14476983,60,11,1,1,20,2,4.0,20,1
14476984,60,11,1,1,20,2,4.0,22,1
14477289,65,11,1,1,20,2,4.0,22,1
14479005,45,11,1,1,20,2,4.0,21,1
14479391,65,11,1,1,1,2,2.0,20,1
14479687,40,11,1,1,5,2,2.0,22,1
14480275,60,11,1,1,20,2,4.0,22,1
14481633,60,12,1,1,20,2,4.0,20,1
14481641,60,12,1,1,20,2,4.0,21,1
14482052,60,11,4,1,20,2,4.0,22,1
14482053,45,11,4,1,5,2,1.0,10,1
14482073,60,11,4,1,20,2,4.0,20,1
14482077,60,11,4,1,20,2,4.0,20,1
14483950,55,11,1,1,1,2,4.0,21,1
14484408,60,11,1,1,20,2,4.0,20,1
14484436,60,11,1,1,1,2,4.0,20,1
14484658,30,11,1,1,20,2,4.0,20,1
14484929,60,12,4,1,20,2,4.0,20,1
14484963,35,2,1,2,20,2,2.0,22,1
14485196,65,11,1,1,20,2,4.0,22,1
14485215,60,11,1,1,20,2,4.0,20,1