Crash_ID,Crash_Speed_Limit,Wthr_Cond_ID,Light_Cond_ID,Surf_Cond_ID,Traffic_Cntl_ID,Harm_Evnt_ID,Intrsct_Relat_ID,FHE_Collsn_ID,Road_Relat_ID
15027822,60,12,1,2,20,2,4.0,20,1
15027946,65,11,1,1,20,2,4.0,22,1
15028773,60,11,4,1,20,2,4.0,21,1
15028786,40,2,4,2,1,2,4.0,20,1
15029011,60,2,6,2,20,7,4.0,1,4
15029118,-1,12,1,1,1,10,4.0,1,1
15029195,65,11,1,1,20,2,4.0,21,1
15029198,50,11,1,1,8,2,1.0,10,1
15029803,60,11,1,1,20,2,4.0,21,1
15030139,60,2,1,2,20,7,4.0,1,4
15030762,60,11,1,1,20,2,4.0,21,1
15030763,60,2,3,2,1,2,4.0,21,1
15031981,60,12,1,1,20,2,4.0,20,1
15032299,60,11,1,1,1,2,4.0,20,1
15032359,40,12,1,1,20,2,4.0,21,1
15032826,60,12,1,1,20,2,4.0,20,1
15033052,60,2,3,3,20,7,4.0,1,2
15033172,60,12,1,1,20,2,4.0,20,1
15034009,60,12,4,1,20,7,4.0,1,4
15034196,60,12,1,1,20,2,4.0,20,1
15034793,60,12,1,1,1,2,4.0,20,1
15034794,60,2,1,2,20,2,4.0,20,1
15035642,55,11,1,1,20,2,4.0,21,1
15037307,60,11,1,1,20,2,4.0,20,1
15037631,60,2,1,2,20,7,4.0,1,4
15038442,60,2,1,3,20,7,4.0,1,4
15039168,60,11,1,1,1,2,4.0,22,1
15039563,30,2,1,2,9,2,4.0,10,1
15040033,35,2,4,2,5,7,2.0,2,4
15040259,60,2,3,2,1,2,4.0,21,1
15040317,60,11,1,1,20,2,4.0,21,1
15041080,60,2,1,2,1,2,4.0,21,1
15041575,60,11,1,1,20,2,4.0,20,1
15042046,60,11,4,1,20,7,4.0,1,4
15042089,45,12,1,1,5,2,1.0,10,1
15042094,60,12,1,1,20,2,4.0,21,1
15042570,40,2,1,2,5,2,2.0,22,1
15043159,60,11,1,1,1,2,4.0,22,1
15043310,60,11,1,1,20,2,4.0,20,1
15044119,60,12,1,1,20,2,4.0,20,1
15044125,60,2,1,2,20,2,4.0,21,1
15045377,60,2,1,2,20,2,4.0,20,1
15045980,60,2,1,2,20,2,4.0,21,1
15046103,60,11,1,1,20,2,4.0,20,1
15046400,40,11,4,1,5,2,1.0,10,1
15046499,60,11,4,1,1,7,2.0,1,4
15047291,60,11,1,1,20,2,4.0,31,1
15048042,60,12,1,1,1,2,4.0,21,1
15048090,60,11,3,1,1,2,4.0,21,1
15048321,60,11,1,1,20,2,4.0,20,1
15052419,60,11,1,1,1,2,4.0,21,1
15052505,60,11,1,1,20,2,4.0,20,1
15052870,60,2,1,2,20,2,4.0,21,1
15053124,60,11,1,1,20,2,4.0,22,1
15055926,60,11,1,1,20,2,4.0,20,1
15055995,35,11,3,1,5,7,2.0,1,4
15056145,60,11,1,1,20,2,4.0,20,1
15057227,60,11,1,1,1,2,4.0,20,1
15062102,60,12,4,1,20,7,4.0,1,4
15068501,60,11,1,1,1,2,4.0,21,1
15069466,60,11,1,1,20,2,4.0,20,1
15069534,60,12,1,1,20,2,4.0,20,1
15069608,60,12,4,2,20,7,4.0,1,4
15069634,55,11,4,1,1,7,4.0,1,2
15069726,60,12,1,2,20,7,2.0,1,2
15069803,60,11,1,1,1,2,4.0,21,1
15070037,60,11,1,1,20,2,4.0,21,1
15070044,60,2,4,2,20,7,4.0,1,4
15070049,60,2,1,2,20,2,4.0,21,1
15070882,60,2,1,2,20,2,4.0,20,1
15072431,60,12,1,1,1,2,4.0,22,1
15072432,60,12,1,1,1,2,4.0,22,1
15072879,60,11,1,1,20,2,4.0,21,1
15077129,60,12,1,2,20,2,4.0,21,1
15078839,40,11,1,1,20,2,3.0,22,1
15079208,60,11,4,1,20,2,4.0,20,1
15079269,60,11,4,1,20,4,4.0,1,3
15079270,60,11,1,1,1,2,4.0,20,1
15080348,55,11,1,1,1,2,4.0,20,1
15080353,55,11,1,1,1,2,4.0,20,1
15080366,60,12,1,1,20,2,4.0,21,1
15081009,60,11,1,1,20,2,4.0,22,1
15081246,60,12,4,1,20,2,4.0,20,1
15082637,60,11,1,1,20,2,2.0,21,1
15082761,60,11,1,1,20,2,4.0,20,1
15082763,60,11,1,1,20,2,4.0,22,1
15083025,60,11,1,1,20,2,4.0,21,1
15083181,65,12,1,1,20,2,4.0,20,1
15083186,60,11,1,1,1,2,4.0,22,1
15083541,60,2,3,2,20,2,4.0,22,1
15084867,60,2,1,2,20,2,4.0,20,1
15085354,45,11,1,1,5,2,1.0,10,1
15085699,60,11,1,1,20,2,4.0,20,1
15085982,60,11,1,1,20,2,4.0,22,1
15086576,40,11,4,1,1,7,4.0,1,2
15086587,60,11,1,1,20,2,4.0,21,1
15086589,60,11,4,1,20,2,4.0,22,1
15086778,60,11,1,1,1,2,4.0,22,1
15086782,65,11,1,1,1,2,4.0,22,1
15087006,60,11,1,1,20,2,4.0,21,1
15087009,60,11,1,1,20,2,4.0,20,1
15087516,65,11,4,1,20,2,4.0,21,1
15087557,60,12,1,2,20,2,4.0,22,1
15087561,60,12,1,2,20,2,4.0,20,1
15089223,50,11,1,1,20,2,4.0,21,1
15089504,65,2,1,2,20,7,4.0,1,4
15089735,60,11,1,1,20,2,4.0,20,1
15089940,60,11,1,1,1,2,4.0,22,1
15090241,35,2,1,2,9,2,4.0,20,1
15091723,60,12,1,1,20,2,4.0,21,1
15092125,60,11,1,1,20,2,4.0,20,1
15092134,60,11,1,1,5,2,4.0,20,1
15093297,60,11,1,1,20,2,4.0,21,1
15093330,60,11,1,1,20,2,4.0,20,1
15094465,60,11,1,1,20,2,4.0,20,1
15094830,60,11,4,1,20,2,1.0,21,1
15094847,60,11,1,1,20,2,4.0,20,1
15095100,60,11,1,1,1,2,4.0,20,1
15095983,60,11,1,1,20,2,4.0,20,1
15096563,60,11,1,1,20,7,4.0,1,2
15098405,35,12,1,1,20,2,4.0,20,1
15098407,60,11,1,1,20,2,4.0,21,1
15098727,60,12,1,1,20,2,4.0,31,1
15098876,45,11,4,1,5,2,1.0,34,1
15100429,65,12,1,1,20,2,4.0,20,1
15100642,60,12,1,1,20,2,4.0,22,1
15100941,60,2,4,2,20,2,4.0,20,1
15101725,45,11,1,1,5,2,1.0,10,1
15102086,55,12,1,1,20,2,4.0,21,1
15102528,35,2,1,2,5,2,1.0,24,1
15103682,60,2,4,2,1,2,4.0,22,1
15104848,60,11,1,1,20,2,4.0,21,1
15105501,60,8,6,1,20,2,4.0,21,1
15106527,35,11,1,1,5,2,4.0,21,1
15106597,60,11,4,1,20,2,4.0,21,1
15107267,60,11,4,2,20,2,4.0,20,1
15108010,60,2,4,2,20,2,4.0,21,1
15108097,50,11,1,1,20,2,2.0,22,1
15108132,60,11,1,1,20,2,4.0,20,1
15108284,60,2,1,3,20,2,4.0,20,1
15109004,60,11,1,1,1,2,4.0,20,1
15109091,35,2,1,2,1,2,4.0,21,1
15111990,60,11,1,1,20,2,4.0,20,1
15112042,60,11,1,1,1,2,4.0,21,1
15112300,60,11,1,1,20,2,4.0,21,1
15112615,65,11,4,1,20,7,4.0,1,4
15112725,60,12,1,1,1,2,2.0,13,1
15112813,45,11,1,1,20,2,2.0,20,1
15112903,60,2,1,2,20,9,4.0,1,2
15112906,60,12,1,1,20,2,4.0,20,1
15112910,60,11,1,1,20,2,4.0,21,1
15113150,35,2,1,2,5,2,1.0,34,1
15113565,60,2,1,2,20,2,2.0,20,1
15114443,60,11,1,1,1,2,4.0,22,1
15114444,60,11,1,1,1,2,4.0,22,1
15115668,60,12,1,1,1,2,4.0,20,1
15115862,65,11,1,1,20,2,4.0,22,1
15116220,60,11,1,1,1,2,4.0,20,1
15118448,60,11,1,1,20,2,4.0,21,1
15118971,40,11,1,1,5,2,1.0,24,1
15119186,60,11,1,1,20,2,4.0,21,1
15119953,35,2,1,2,1,7,2.0,1,2
15120314,60,11,1,1,20,2,4.0,20,1
15120333,50,11,4,1,20,2,4.0,21,1
15120706,60,12,1,1,20,2,4.0,20,1
15120941,60,11,4,1,20,2,4.0,20,1
15120957,55,11,1,1,20,2,4.0,22,1
15121857,60,12,1,2,1,7,4.0,1,2
15122065,60,12,1,1,11,2,4.0,20,1
15122104,40,12,1,1,20,2,1.0,14,1
15123617,60,11,1,1,20,2,4.0,20,1
15123889,60,12,1,1,20,2,4.0,20,1
15124243,60,2,1,2,1,2,4.0,22,1
15124443,60,2,1,2,20,7,4.0,1,4
15124687,60,2,1,2,20,2,4.0,21,1
15124717,45,2,1,2,20,2,4.0,21,1
15124848,45,11,4,1,5,2,1.0,10,1
15125870,65,11,4,1,20,2,4.0,20,1
15125989,60,2,4,2,1,7,4.0,1,4
15126641,55,12,4,1,20,1,4.0,1,1
15127774,60,11,1,1,20,2,4.0,20,1
15128815,60,11,1,1,20,2,4.0,20,1
15129007,55,11,1,1,20,2,4.0,20,1
15129387,60,11,1,1,20,2,4.0,21,1
15129713,60,11,1,1,1,2,4.0,20,1
15129734,60,11,1,1,20,2,4.0,21,1
15133787,50,11,1,1,20,2,4.0,21,1
15133926,65,12,1,1,20,2,4.0,21,1
15134112,60,12,1,1,20,2,1.0,10,1
15134291,60,11,4,1,20,2,4.0,21,1
15135797,60,2,1,2,1,2,4.0,20,1
15136756,60,11,1,1,1,2,4.0,20,1
15136833,60,2,1,2,20,2,4.0,20,1
15137237,60,11,4,1,20,2,4.0,20,1
15137316,60,2,1,2,20,7,4.0,1,4
15137400,65,12,1,2,20,2,4.0,20,1
15137642,40,2,1,2,20,7,2.0,1,4
15137882,60,2,1,2,20,2,4.0,20,1
15138264,60,12,2,1,20,2,4.0,20,1
15138380,60,12,1,0,20,2,4.0,21,1
15140734,45,12,1,1,20,2,4.0,21,1
15141701,45,12,1,1,6,2,1.0,10,1
15143033,60,2,1,2,20,7,4.0,1,2
15143477,60,12,1,1,20,2,4.0,21,1
15143747,40,12,1,1,20,2,2.0,14,1
15144233,60,11,3,1,20,2,4.0,21,1
15144912,60,12,1,1,20,2,4.0,21,1
15144916,60,2,1,2,1,2,4.0,21,1
15145418,60,11,1,1,20,2,4.0,20,1
15146167,60,11,1,1,20,2,4.0,20,1
15146430,60,12,1,1,20,2,4.0,20,1
15148395,60,11,1,1,20,2,1.0,23,1
15148940,45,11,1,1,17,2,2.0,13,1
15148962,60,12,1,1,20,2,4.0,21,1
15149608,65,11,1,1,20,2,4.0,20,1
15150173,60,11,1,1,20,2,4.0,21,1
15150182,60,2,1,2,20,2,4.0,20,1
15150360,60,11,1,1,20,2,4.0,21,1
15150695,60,11,1,1,1,2,4.0,20,1
15150697,60,11,1,1,20,2,4.0,22,1
15151654,60,11,1,1,1,2,4.0,20,1
15151973,65,11,4,1,20,2,4.0,21,1
15153197,60,11,1,1,20,2,4.0,22,1
15154153,60,11,1,1,1,2,4.0,20,1
15154158,65,2,1,1,20,2,4.0,20,1
15155613,60,11,1,1,20,2,4.0,20,1
15157152,65,2,1,2,20,2,4.0,21,1
15157896,60,11,4,1,20,9,4.0,1,3
15158071,60,11,1,1,1,7,4.0,1,4
15158073,60,12,1,1,5,2,1.0,10,1
15158089,60,11,1,1,20,7,4.0,1,1
15158524,60,11,1,1,20,2,4.0,20,1
15158827,60,11,1,1,1,2,4.0,22,1
15159126,60,11,1,1,1,2,4.0,21,1
15159228,60,11,1,1,20,2,4.0,21,1
15159374,60,11,1,1,20,2,4.0,20,1
15161465,60,11,1,1,20,2,4.0,21,1
15161580,60,11,4,1,20,2,4.0,20,1
15161837,60,11,1,1,20,2,4.0,20,1
15163289,65,11,1,1,20,7,4.0,1,2
15163526,45,11,1,1,8,2,2.0,13,1
15163738,40,11,1,1,5,2,1.0,10,1
15163767,60,11,1,1,20,2,4.0,20,1
15163904,60,11,4,1,1,7,4.0,1,2
15163932,55,11,6,1,20,10,4.0,1,1
15164331,60,2,1,2,1,2,4.0,22,1
15164632,60,2,1,2,20,2,4.0,21,1
15164731,60,11,4,1,20,7,4.0,1,4
15166125,60,11,1,1,20,2,4.0,20,1
15168988,55,11,1,1,20,2,4.0,22,1
15170791,60,11,1,1,20,2,4.0,20,1
15173090,45,11,1,1,5,2,2.0,22,1
15173123,60,11,1,1,20,2,4.0,22,1
15173198,60,11,1,1,20,2,4.0,20,1
15173569,60,11,1,1,20,2,4.0,20,1
15174466,60,11,1,1,1,2,2.0,20,1
15175138,45,2,1,2,20,2,2.0,21,1
15175365,55,12,1,1,11,2,4.0,20,1
15175936,55,11,1,1,20,2,4.0,20,1
15176494,35,12,1,1,8,2,1.0,10,1
15176893,65,11,1,1,20,2,4.0,21,1
15176902,60,11,1,1,1,7,4.0,1,4
15179221,60,11,1,1,20,2,4.0,22,1
15179634,65,11,1,1,20,2,4.0,21,1
15179761,60,11,4,1,20,7,4.0,1,2
15179762,60,11,4,1,20,2,4.0,20,1
15180809,60,11,1,1,20,2,4.0,21,1
15182179,65,2,1,1,20,2,4.0,22,1
15182182,60,11,1,1,1,2,4.0,22,1
15182365,65,11,1,1,20,2,4.0,21,1
15183054,60,11,1,1,20,2,2.0,14,1
15183327,45,11,1,1,20,2,3.0,23,1
15185060,60,11,1,1,20,2,4.0,20,1
15187155,60,11,1,1,20,2,4.0,20,1
15187301,60,11,1,1,1,2,4.0,20,1
15188458,55,11,4,1,1,2,4.0,20,1
15188634,60,11,1,1,20,2,4.0,20,1
15188645,60,11,4,1,20,7,4.0,1,4
15188958,60,11,1,1,20,2,4.0,21,1
15189139,60,11,4,1,20,2,4.0,20,1
15190142,45,11,4,1,20,5,4.0,1,2
15190147,60,11,4,1,20,7,4.0,1,2
15190148,60,11,5,1,20,2,1.0,21,1
15190788,55,11,1,1,20,2,4.0,20,1
15191101,60,11,1,1,20,2,4.0,20,1
15191993,60,11,1,1,20,2,4.0,20,1
15192191,45,11,1,1,11,2,4.0,21,1
15192523,65,11,1,1,20,2,4.0,20,1
15192676,60,11,4,1,20,2,4.0,20,1
15192723,60,11,6,1,20,7,4.0,1,4
15192796,65,11,4,1,17,7,4.0,1,4
15193604,35,11,1,1,20,2,4.0,21,1
15193682,65,11,1,1,1,2,4.0,22,1
15194131,60,11,1,1,20,2,4.0,20,1
15194155,60,12,1,1,20,2,4.0,20,1
15194174,60,12,1,1,20,2,4.0,21,1
15194378,60,11,1,1,1,8,4.0,1,1
15194777,70,11,3,1,20,7,4.0,1,2
15196245,60,11,1,1,1,2,4.0,20,1
15196483,60,11,1,1,20,2,4.0,20,1
15196818,60,12,4,1,20,2,4.0,21,1
15196834,60,11,3,1,20,7,4.0,1,2
15197239,55,11,1,1,20,2,4.0,22,1
15197852,60,11,1,1,20,2,2.0,13,1
15198538,60,11,4,1,20,7,4.0,1,2
15199235,60,11,4,1,20,2,4.0,21,1
15200175,60,11,4,1,20,1,4.0,1,1
15200353,60,11,4,1,20,2,4.0,20,1
15200851,60,11,1,1,1,2,4.0,20,1
15202341,65,11,1,1,1,2,4.0,20,1
15202510,60,11,1,1,20,2,4.0,21,1
15202514,60,11,1,1,20,2,4.0,20,1
15202518,40,11,1,1,20,7,4.0,1,2
15202636,60,2,3,2,20,2,1.0,10,1
15202798,45,12,1,2,20,7,4.0,1,2
15202804,60,11,1,1,20,2,4.0,20,1
15204847,60,11,4,1,20,10,4.0,1,2
15205388,60,11,1,1,20,2,4.0,21,1
15208520,60,11,1,1,20,2,4.0,20,1
15208828,60,11,1,1,20,2,4.0,20,1
15209000,60,11,1,1,20,2,4.0,22,1
15209058,60,11,1,1,20,2,4.0,22,1
15209064,60,11,1,1,20,2,2.0,22,1
15209230,60,11,3,1,20,2,1.0,13,1
15209891,45,11,1,1,1,2,4.0,21,1
15210049,60,12,1,1,20,2,4.0,20,1
15210939,40,11,1,1,20,2,1.0,21,1
15210951,65,12,4,1,20,2,4.0,20,1
15210952,60,11,1,1,20,2,4.0,20,1
15211318,60,11,4,1,20,2,4.0,20,1
15211331,60,11,4,1,20,2,4.0,21,1
15211818,60,11,4,1,20,2,4.0,21,1
15211843,60,11,4,1,20,2,4.0,21,1
15211872,45,11,1,1,20,2,1.0,21,1
15211885,60,11,1,1,20,2,4.0,20,1
15211890,60,11,1,1,20,2,4.0,21,1
15211902,45,11,1,1,5,2,2.0,20,1
15211910,45,11,1,1,5,1,2.0,1,1
15211954,45,11,1,1,20,2,4.0,20,1
15212059,45,11,1,1,1,2,1.0,21,1
15212165,45,11,1,1,5,2,1.0,10,1
15212392,65,11,1,1,20,2,4.0,21,1
15212563,45,11,1,1,9,2,4.0,20,1
15212581,60,12,4,1,20,2,4.0,20,1
15212845,60,11,1,1,20,2,4.0,20,1
15213312,60,11,1,1,20,7,4.0,1,1
15214416,60,11,1,1,20,2,4.0,21,1
15214825,60,11,1,1,20,2,4.0,20,1
15215231,60,11,1,1,20,2,4.0,21,1
15216237,60,11,1,1,1,2,4.0,20,1
15216363,60,11,1,1,20,2,4.0,20,1
15216640,60,11,1,1,1,2,4.0,20,1
15217042,60,11,1,1,20,2,4.0,21,1
15217104,60,11,6,1,20,2,4.0,20,1
15217356,40,11,1,1,9,10,4.0,3,2
15217357,60,12,1,1,20,2,4.0,20,1
15217692,60,11,1,1,1,7,4.0,1,2
15217713,60,11,1,1,20,7,4.0,1,2
15219360,60,11,4,1,1,2,4.0,22,1
15220348,60,11,1,1,20,2,4.0,21,1
15222046,60,11,1,1,20,2,4.0,22,1
15222782,60,11,5,1,20,2,4.0,20,1
15223001,50,11,4,1,1,7,2.0,2,4
15223125,60,0,0,0,20,2,4.0,21,1
15223277,45,11,1,1,5,2,4.0,20,1
15223279,60,11,1,1,20,2,4.0,20,1
15223606,60,11,1,1,20,2,4.0,20,1
15223632,60,11,1,1,1,2,4.0,22,1
15223692,35,11,1,1,20,2,1.0,24,1
15223700,65,11,4,1,20,2,4.0,20,1
15223872,60,0,1,0,20,2,4.0,20,1
15224468,65,11,1,1,20,2,4.0,20,1
15224469,65,11,1,1,20,7,4.0,1,2
15224852,60,11,1,0,20,2,4.0,21,1
15224878,60,11,1,1,8,2,1.0,10,1
15225221,45,11,1,1,5,2,2.0,13,1
15227002,60,11,4,1,20,7,4.0,1,2
15227870,60,11,1,1,1,2,4.0,20,1
15228313,60,11,1,1,20,2,4.0,21,1
15228717,60,11,4,1,20,2,4.0,20,1
15229094,55,12,1,2,20,2,4.0,21,1
15229558,60,12,1,1,20,2,4.0,22,1
15229672,45,11,1,1,1,2,3.0,34,1
15229920,-1,11,1,1,17,2,4.0,20,1
15231210,60,2,1,2,20,7,4.0,1,2
15231216,60,11,4,1,20,7,4.0,1,2
15231240,60,2,1,2,20,2,4.0,20,1
15232267,60,11,1,1,20,2,4.0,21,1
15232342,60,12,1,1,20,2,4.0,20,1
15234203,60,12,1,1,1,2,4.0,20,1
15234896,60,11,1,1,20,2,4.0,21,1
15235144,60,2,1,2,20,2,4.0,20,1
15235298,60,11,4,1,20,2,4.0,20,1
15235670,55,11,1,1,20,2,4.0,20,1
15236260,60,11,1,1,1,2,4.0,22,1
15236552,60,11,1,1,1,2,4.0,22,1
15236575,60,11,1,1,20,2,4.0,20,1
15236713,60,11,1,1,20,2,4.0,20,1
15237557,60,11,1,1,20,2,4.0,21,1
15238763,60,11,1,1,20,2,4.0,20,1
15242138,60,2,1,2,20,2,4.0,20,1
15242154,60,11,1,1,20,2,4.0,20,1
15242514,60,11,1,1,20,2,4.0,20,1
15242703,40,11,4,1,1,2,4.0,20,1
15243848,40,11,1,2,5,2,2.0,22,1
15244696,65,11,1,1,20,2,4.0,22,1
15245104,65,11,1,1,20,2,4.0,20,1
15247508,60,11,1,1,20,2,4.0,20,1
15248190,60,11,4,1,20,2,4.0,20,1
15248694,60,11,1,1,20,2,4.0,20,1
15253289,60,11,1,1,20,2,4.0,22,1
15254427,55,2,1,2,20,2,4.0,22,1
15256690,60,11,1,1,20,2,4.0,20,1
15259416,60,11,3,1,20,2,4.0,21,1
15264011,45,11,3,1,20,7,4.0,1,2
15657093,60,11,1,1,20,2,4.0,22,1
15243171,60,11,1,1,20,2,4.0,20,1
15245144,60,11,1,1,20,2,4.0,20,1
15245461,35,11,1,1,20,2,4.0,20,1
15246843,60,11,1,1,20,2,4.0,20,1
15247514,60,11,1,1,20,2,4.0,20,1
15248302,60,11,1,1,20,2,4.0,21,1
15249170,60,11,4,1,20,2,4.0,20,1
15249792,35,11,1,3,5,7,2.0,1,2
15250780,60,11,1,1,20,2,4.0,20,1
15253078,60,11,1,1,1,2,4.0,22,1
15253090,65,11,1,1,1,2,4.0,20,1
15253553,40,11,1,1,20,2,2.0,21,1
15254153,60,11,6,1,20,2,4.0,21,1
15256029,60,11,4,1,20,2,4.0,21,1
15256094,60,11,4,1,20,10,4.0,1,1
15259103,30,11,1,1,20,2,1.0,23,1
15260314,60,11,1,1,20,2,4.0,21,1
15260616,65,11,1,1,20,2,4.0,20,1
15260949,45,11,1,1,8,2,1.0,10,1
15260981,60,11,1,1,1,2,4.0,22,1
15261771,45,11,1,1,20,7,2.0,3,4
15261774,60,11,1,1,20,7,4.0,1,2
15261833,60,11,1,1,20,2,4.0,20,1
15262125,60,11,1,1,20,7,4.0,1,1
15262186,60,2,3,2,20,2,4.0,21,1
15262711,60,11,1,1,20,2,4.0,20,1
15263235,30,2,1,2,20,7,4.0,1,2
15263596,60,11,1,1,20,2,4.0,21,1
15264171,60,11,1,1,20,2,4.0,20,1
15264690,60,11,1,1,20,2,4.0,21,1
15264856,60,11,4,1,20,2,4.0,20,1
15264857,55,11,4,1,1,2,4.0,21,1
15266525,60,11,1,1,20,2,4.0,20,1
15266593,60,11,1,1,1,2,4.0,22,1
15268185,60,11,1,2,20,7,4.0,1,2
15268313,60,11,1,1,20,2,4.0,22,1
15268875,60,2,1,2,20,7,4.0,1,2
15270100,60,2,1,3,20,2,4.0,22,1
15271770,60,11,1,1,20,2,4.0,20,1
15271893,55,12,1,1,20,2,4.0,20,1
15273924,65,11,1,1,20,2,4.0,21,1
15273931,60,12,1,1,20,2,4.0,20,1
15274425,60,11,1,1,20,2,4.0,20,1
15274433,60,12,1,2,20,2,4.0,20,1
15274434,60,12,1,2,20,2,4.0,20,1
15274524,60,11,6,1,20,2,4.0,21,1
15274991,60,11,1,1,20,2,4.0,20,1
15275132,60,11,1,3,20,2,4.0,21,1
15275138,60,11,4,1,20,2,4.0,20,1
15275416,60,11,1,2,20,2,4.0,20,1
15275784,45,2,1,2,5,2,4.0,20,1
15275897,55,11,1,1,17,2,2.0,13,1
15277260,60,2,1,2,20,2,4.0,20,1
15278037,60,11,4,1,20,2,4.0,20,1
15278174,60,11,4,1,20,2,4.0,22,1
15278299,60,2,4,1,11,7,4.0,1,2
15278300,60,2,4,1,11,7,4.0,1,2
15278365,60,2,1,2,12,2,4.0,20,1
15280073,60,12,5,1,20,2,4.0,20,1
15280907,60,11,4,1,20,2,4.0,22,1
15281025,55,11,4,1,20,2,4.0,20,1
15281624,60,2,1,2,20,7,4.0,1,4
15282373,60,11,1,1,20,8,4.0,1,1
15283413,60,11,1,1,20,2,4.0,21,1
15283420,60,11,1,1,20,2,4.0,20,1
15283422,60,12,1,1,20,2,4.0,21,1
15283427,60,11,1,1,20,2,4.0,20,1
15284271,60,11,4,1,20,2,4.0,21,1
15284313,60,2,1,2,20,2,4.0,20,1
15284350,45,12,1,2,5,2,2.0,22,1
15284351,60,11,1,1,20,2,4.0,20,1
15284456,65,2,1,2,20,7,4.0,1,4
15284624,60,11,4,1,20,2,4.0,21,1
15285353,60,11,1,1,9,2,2.0,20,1
15285456,60,11,1,1,20,2,4.0,20,1
15285732,60,12,1,1,20,2,4.0,20,1
15286689,60,11,1,1,1,2,4.0,22,1
15286694,35,11,1,1,5,2,1.0,10,1
15286733,60,11,1,1,20,2,4.0,21,1
15286743,45,12,1,1,20,2,4.0,22,1
15287633,60,11,1,1,20,2,4.0,21,1
15288907,60,11,1,1,20,2,4.0,20,1
15289222,60,2,1,2,1,7,4.0,1,2
15289650,65,2,1,2,20,2,4.0,20,1
15290028,60,11,1,1,20,2,4.0,20,1
15291815,65,11,1,1,20,2,4.0,20,1
15292028,60,12,1,1,20,2,4.0,22,1
15293176,60,11,1,1,20,2,4.0,20,1
15293619,60,12,1,1,20,2,4.0,20,1
15293743,30,2,1,2,20,2,2.0,20,1
15293830,60,12,1,1,20,2,4.0,22,1
15295123,60,12,1,1,20,2,1.0,10,1
15295853,45,11,1,1,1,2,4.0,21,1
15295913,60,12,1,1,20,2,4.0,20,1
15295924,35,11,1,1,20,2,2.0,28,1
15296342,45,11,1,1,20,2,4.0,20,1
15296344,30,2,3,2,1,7,2.0,1,2
15296513,35,11,4,1,20,2,2.0,36,1
15296559,60,11,4,1,20,7,4.0,1,4
15297674,60,11,1,1,20,2,4.0,21,1
15297682,60,11,1,1,20,2,4.0,22,1
15297683,60,11,1,1,20,2,4.0,20,1
15297692,60,11,1,1,20,2,4.0,20,1
15297694,60,11,1,1,20,2,4.0,20,1
15298152,40,12,4,1,1,2,4.0,20,1
15298747,60,11,4,1,20,2,4.0,21,1
15298792,40,11,1,1,20,2,4.0,21,1
15298805,60,11,1,1,20,2,4.0,21,1
15298829,60,11,1,1,20,2,4.0,21,1
15298945,65,12,1,1,20,2,4.0,22,1
15299784,60,11,1,1,20,2,4.0,20,1
15300075,60,11,4,1,20,7,2.0,1,4
15300098,40,11,4,1,1,2,4.0,21,1
15300141,60,12,3,1,20,2,4.0,20,1
15300146,60,11,1,1,20,2,4.0,21,1
15300150,60,11,1,1,20,2,4.0,20,1
15300853,60,11,1,2,20,2,4.0,21,1
15301505,65,11,4,1,1,2,4.0,22,1
15301951,65,12,1,1,1,2,4.0,22,1
15301994,35,11,1,1,20,2,4.0,22,1
15303642,60,2,1,2,20,2,4.0,21,1
15303647,60,11,1,1,20,2,4.0,20,1
15305515,60,11,1,1,11,2,4.0,21,1
15305985,60,11,4,1,1,2,4.0,20,1
15306376,45,11,4,1,20,7,2.0,1,2
15306742,60,11,1,1,20,2,4.0,20,1
15306743,45,11,1,1,20,2,2.0,20,1
15307001,65,11,1,1,1,2,4.0,20,1
15308399,45,12,1,2,20,4,2.0,1,2
15310744,60,12,1,0,20,2,4.0,21,1
15310864,60,2,1,2,20,7,4.0,1,2
15311200,60,11,1,1,20,2,4.0,20,1
15311337,60,11,4,1,20,2,4.0,21,1
15311605,60,12,1,1,20,2,4.0,20,1
15312023,65,2,4,2,20,2,4.0,21,1
15312786,45,11,1,1,11,2,4.0,21,1
15312966,60,11,1,1,20,2,4.0,20,1
15312967,55,11,1,1,1,2,4.0,20,1
15314235,60,12,1,2,20,7,4.0,1,4
15314290,65,11,1,1,20,2,4.0,22,1
15314338,55,11,1,1,3,2,2.0,20,1
15314339,55,11,4,1,3,2,4.0,20,1
15316657,65,11,1,1,20,2,4.0,20,1
15316737,60,11,1,1,11,2,4.0,20,1
15317528,60,11,4,1,20,2,4.0,21,1
15317693,60,11,4,1,20,2,4.0,20,1
15318182,45,2,1,2,20,2,3.0,10,1
15318256,60,2,2,2,20,2,4.0,20,1
15318486,30,11,1,1,20,2,4.0,20,1
15318711,60,11,1,1,20,2,1.0,10,1
15318728,60,11,1,1,20,2,4.0,21,1
15318729,60,11,1,1,20,2,2.0,21,1
15319355,40,11,4,1,20,2,4.0,21,1
15319561,-1,11,1,1,3,2,1.0,24,1
15319954,55,11,1,1,20,2,4.0,20,1
15321214,60,11,1,1,20,2,4.0,20,1
15321239,60,11,6,1,20,2,4.0,20,1
15322353,60,11,1,1,20,7,4.0,1,1
15322966,60,11,1,1,20,2,4.0,20,1
15324027,60,11,3,1,20,1,4.0,1,1
15324035,65,11,1,1,20,2,4.0,22,1
15324039,60,11,4,1,20,2,4.0,20,1