Crash_ID,Crash_Speed_Limit,Wthr_Cond_ID,Light_Cond_ID,Surf_Cond_ID,Traffic_Cntl_ID,Harm_Evnt_ID,Intrsct_Relat_ID,FHE_Collsn_ID,Road_Relat_ID
16479994,60,2,1,2,20,2,4.0,21,1
16480235,60,11,1,1,20,2,2.0,22,1
16480501,60,2,1,2,20,2,4.0,20,1
16482640,60,11,4,1,1,2,4.0,20,1
16482647,60,11,4,1,1,2,4.0,20,1
16482891,40,11,1,1,1,2,4.0,21,1
16482899,60,11,1,1,20,2,4.0,20,1
16483197,60,11,1,1,20,2,4.0,20,1
16485958,30,11,1,1,20,2,2.0,22,1
16486151,45,11,1,1,20,2,4.0,21,1
16486407,60,11,1,1,1,2,4.0,21,1
16486847,60,2,1,2,20,7,4.0,1,4
16487556,60,11,1,1,20,2,4.0,21,1
16488140,45,11,1,1,5,2,1.0,10,1
16488667,45,11,1,1,20,2,3.0,10,1
16489959,60,11,1,1,20,2,4.0,21,1
16491888,55,11,1,1,20,2,4.0,20,1
16492277,60,12,1,2,20,2,4.0,20,1
16492290,65,11,1,1,20,2,4.0,22,1
16492456,60,2,1,2,20,7,4.0,1,2
16492507,60,11,1,1,20,2,4.0,20,1
16494282,60,12,1,2,20,2,4.0,20,1
16494746,60,11,1,1,20,2,4.0,20,1
16495270,60,11,1,1,1,2,4.0,20,1
16495761,40,11,1,1,20,2,4.0,21,1
16496387,60,11,4,2,1,7,4.0,1,4
16496602,65,2,1,2,11,2,4.0,21,1
16498579,65,11,1,1,20,2,4.0,20,1
16499018,65,11,1,1,20,2,4.0,21,1
16499749,45,11,1,1,1,2,2.0,35,1
16501468,60,12,1,1,20,2,4.0,22,1
16501582,65,11,4,1,20,2,4.0,20,1
16501710,45,11,4,1,20,7,4.0,1,2
16502885,60,2,1,2,1,2,4.0,20,1
16503030,60,2,4,3,20,2,4.0,20,1
16503823,60,11,1,1,20,2,4.0,21,1
16503855,60,2,4,3,20,7,4.0,1,2
16505784,60,11,1,2,20,2,4.0,21,1
16506038,60,11,6,1,20,10,4.0,1,4
16506052,60,11,4,1,11,2,4.0,20,1
16506785,60,12,3,2,20,7,4.0,1,4
16507373,60,2,1,3,20,2,4.0,20,1
16507385,60,11,1,1,20,2,4.0,22,1
16507540,60,11,1,1,20,2,4.0,20,1
16510004,35,11,1,1,5,2,1.0,24,1
16511709,60,12,1,1,20,2,4.0,20,1
16512203,60,11,1,1,20,2,4.0,20,1
16514059,60,11,1,1,20,2,2.0,20,1
16514063,60,11,1,1,20,2,4.0,21,1
16514069,60,11,1,1,20,2,4.0,20,1
16514150,60,11,4,1,20,2,4.0,20,1
16515958,60,11,1,1,20,7,4.0,1,2
16515981,60,2,1,2,20,2,4.0,20,1
16516837,35,11,1,1,5,2,1.0,10,1
16517333,70,11,4,1,20,2,4.0,21,1
16517546,60,11,1,1,20,2,4.0,21,1
16517863,60,11,1,1,20,2,4.0,21,1
16519128,45,12,1,2,1,2,4.0,21,1
16519246,40,11,1,1,8,2,1.0,10,1
16519333,60,2,4,2,20,7,4.0,1,4
16519780,60,11,1,1,20,2,4.0,21,1
16521171,60,11,1,1,20,2,4.0,21,1
16521661,60,0,0,0,20,2,4.0,21,1
16521911,45,11,3,1,20,2,4.0,20,1
16522137,45,0,0,0,5,2,2.0,28,1
16522151,60,11,4,1,20,2,4.0,20,1
16523981,65,11,1,1,20,2,4.0,20,1
16524077,45,12,1,1,20,2,4.0,21,1
16524853,60,11,1,1,1,2,4.0,21,1
16524871,60,11,1,1,20,2,4.0,22,1
16524889,60,11,1,1,1,2,4.0,20,1
16525149,65,2,1,2,20,2,4.0,22,1
16525522,65,11,1,1,20,2,4.0,20,1
16525668,60,11,4,1,20,2,4.0,22,1
16526456,60,11,1,1,20,2,4.0,22,1
16526460,60,11,1,1,20,2,4.0,20,1
16526462,60,11,1,1,20,2,4.0,21,1
16526471,60,11,1,1,20,2,4.0,20,1
16526472,60,11,1,1,20,2,4.0,20,1
16527525,60,12,3,3,20,2,4.0,21,1
16530521,60,11,1,1,20,2,4.0,20,1
16530858,60,11,1,1,11,2,4.0,20,1
16531212,60,11,1,1,20,2,4.0,21,1
16531935,60,11,1,1,20,2,4.0,21,1
16532485,30,11,1,1,20,2,4.0,20,1
16533090,60,11,1,1,20,2,4.0,22,1
16535182,60,11,1,1,20,2,4.0,20,1
16535419,60,11,1,1,20,2,4.0,22,1
16537171,60,11,1,1,1,7,4.0,1,4
16537175,55,11,1,1,20,2,4.0,21,1
16538094,35,11,1,1,5,2,4.0,20,1
16538102,60,11,1,1,20,2,4.0,22,1
16538224,45,11,1,1,20,2,4.0,20,1
16540401,-1,11,1,1,8,2,1.0,10,1
16542027,60,11,4,1,20,2,4.0,20,1
16542052,65,11,4,1,20,2,4.0,20,1
16542914,40,11,1,1,5,2,2.0,22,1
16543171,60,11,1,1,20,2,4.0,20,1
16543799,45,11,1,1,20,2,3.0,13,1
16544932,60,11,4,1,20,7,4.0,1,4
16545751,65,12,1,0,17,2,4.0,20,1
16545900,60,11,4,1,20,2,4.0,21,1
16546143,60,11,1,1,20,2,4.0,20,1
16546586,60,11,1,1,20,2,4.0,21,3
16546607,60,11,1,1,20,2,4.0,20,1
16547016,60,12,1,1,5,2,2.0,22,1
16547047,60,11,1,1,1,2,4.0,21,1
16547847,60,11,1,1,20,2,4.0,22,1
16548634,45,11,1,1,9,2,4.0,14,1
16549092,60,11,1,1,20,2,4.0,22,1
16549278,60,11,4,1,20,7,4.0,1,4
16551711,40,11,4,1,1,7,4.0,1,2
16551749,60,11,6,1,20,7,4.0,1,2
16552399,60,11,1,1,20,2,4.0,20,1
16552840,60,11,4,1,20,2,4.0,20,1
16554720,35,11,4,1,1,10,4.0,1,1
16556910,65,11,1,1,20,2,4.0,21,1
16556941,35,11,1,1,8,2,1.0,10,1
16557718,50,12,1,3,20,7,2.0,1,2
16560335,65,11,4,0,20,2,4.0,21,1
16562019,60,11,1,1,20,2,4.0,20,1
16562135,45,11,1,1,20,2,4.0,21,1
16562797,60,11,1,1,20,7,4.0,1,2
16565461,60,11,4,1,20,7,4.0,1,2
16570908,55,11,4,1,20,2,4.0,20,1
16572435,65,11,1,1,20,2,4.0,21,1
16573942,60,11,1,1,20,2,4.0,21,1
16909913,-1,11,1,1,20,2,4.0,20,1
16554877,60,11,4,1,20,7,4.0,1,4
16555284,60,11,1,1,1,2,4.0,21,1
16558527,60,11,1,1,1,2,4.0,20,1
16558557,60,11,1,1,20,2,4.0,20,1
16563600,60,11,1,1,20,2,4.0,20,1
16564889,60,11,4,1,1,2,4.0,20,1
16565280,30,2,1,1,20,2,2.0,21,1
16566120,60,11,1,1,20,2,4.0,20,1
16567650,60,11,1,1,20,2,4.0,22,1
16567697,50,12,1,1,20,2,4.0,21,1
16567716,60,11,1,1,20,2,4.0,21,1
16567728,60,11,1,1,20,2,4.0,20,1
16567738,60,11,1,1,20,2,4.0,20,1
16567739,60,11,1,1,20,2,4.0,20,1
16570885,60,12,1,1,20,2,4.0,20,1
16570887,40,11,1,1,9,2,2.0,22,1
16571011,60,11,4,1,20,2,4.0,20,1
16572042,50,11,1,1,9,2,2.0,22,1
16572264,65,2,1,1,20,2,4.0,20,1
16572653,60,2,1,2,20,2,4.0,20,1
16573109,60,11,1,1,20,2,4.0,20,1
16573543,60,11,1,1,20,2,4.0,20,1
16573552,60,11,1,1,20,2,4.0,20,1
16574236,35,11,1,1,20,2,1.0,34,1
16574953,55,12,4,1,1,2,4.0,21,1
16575351,60,11,1,1,20,2,4.0,21,1
16575598,60,11,1,1,1,2,4.0,20,1
16575746,60,11,1,1,20,2,4.0,20,1
16576742,60,11,6,1,20,7,4.0,1,4
16577308,60,11,1,1,20,2,4.0,20,1
16577525,70,11,1,1,20,2,4.0,21,1
16578895,60,11,4,1,1,2,4.0,20,1
16581153,60,11,1,1,20,2,4.0,20,1
16581546,60,11,4,1,20,2,4.0,20,1
16581554,60,11,1,1,1,2,4.0,21,1
16581726,55,11,1,1,1,2,4.0,21,1
16583737,60,11,5,1,20,2,4.0,20,1
16583940,60,11,4,1,20,7,4.0,1,4
16584045,55,11,1,1,20,2,4.0,20,1
16584121,60,11,1,1,20,2,4.0,22,1
16584176,60,11,1,1,20,2,4.0,22,1
16584369,60,11,1,1,1,2,4.0,20,1
16585351,65,11,1,1,20,2,4.0,20,1
16586253,35,11,1,1,5,2,1.0,20,1
16587128,60,11,3,1,1,2,4.0,21,1
16588192,60,11,1,1,1,2,4.0,20,1
16588279,60,11,1,1,11,2,4.0,20,1
16588779,70,11,4,1,20,2,4.0,20,1
16588953,60,11,1,1,20,7,4.0,1,4
16589073,40,11,1,2,20,7,4.0,1,2
16589074,50,11,1,1,20,2,4.0,20,1
16589695,60,11,1,1,20,2,4.0,20,1
16590345,55,11,4,1,20,2,4.0,20,1
16590770,60,11,4,1,1,2,4.0,20,1
16590771,60,11,4,1,1,2,4.0,20,1
16592338,65,11,1,1,1,2,4.0,21,1
16593617,60,11,1,1,1,2,4.0,22,1
16594510,60,11,1,1,20,2,4.0,20,1
16594512,60,11,4,1,20,2,4.0,20,1
16594919,60,12,1,1,20,7,4.0,1,4
16595723,60,11,1,1,1,2,4.0,20,1
16596327,60,12,1,1,1,2,4.0,20,1
16596917,60,11,4,1,20,2,4.0,20,1
16597038,60,11,4,1,20,2,4.0,20,1
16597696,60,11,1,1,20,2,4.0,20,1
16598660,60,11,4,1,20,7,4.0,1,2
16598758,55,12,1,1,20,2,4.0,20,1
16599313,35,12,1,1,5,2,1.0,10,1
16600175,70,11,1,1,20,2,4.0,20,1
16600290,60,11,4,1,20,2,4.0,20,1
16600524,60,12,1,1,20,2,4.0,22,1
16600777,60,11,1,1,20,2,4.0,20,1
16601354,60,11,1,1,20,2,4.0,20,1
16601647,40,2,1,2,20,7,4.0,1,2
16601699,65,11,1,1,20,2,4.0,20,1
16601915,60,11,1,1,1,2,4.0,21,1
16601919,65,11,1,1,1,2,4.0,22,1
16601923,60,12,1,1,1,7,2.0,1,2
16602086,60,11,1,1,1,2,4.0,21,1
16602100,60,2,1,2,20,2,4.0,20,1
16603424,60,11,1,1,20,2,4.0,20,1
16603886,60,12,1,1,11,2,4.0,20,1
16603953,35,12,1,1,1,3,1.0,1,1
16604932,60,11,3,1,20,2,4.0,22,1
16605303,60,2,1,2,20,7,4.0,1,4
16605468,60,11,1,1,20,2,4.0,20,1
16605584,60,11,1,1,1,2,4.0,20,1
16606676,20,11,1,1,9,2,4.0,22,1
16606964,60,11,1,1,11,2,4.0,20,1
16607043,65,2,1,2,20,7,2.0,2,4
16607116,60,11,6,1,20,2,4.0,20,1
16607413,65,11,1,1,20,2,4.0,20,1
16608658,60,11,1,1,1,2,4.0,20,1
16609112,45,2,5,2,20,7,4.0,1,2
16609137,60,11,1,1,20,2,4.0,20,1
16609733,35,11,1,1,20,2,2.0,22,1
16610859,60,11,1,1,20,7,4.0,1,4
16611261,60,11,1,1,20,2,4.0,20,1
16611839,60,11,1,1,20,2,4.0,20,1
16612321,60,11,4,1,20,2,4.0,21,1
16612781,55,11,1,1,20,2,4.0,20,1
16612789,65,11,0,1,1,2,4.0,20,1
16615679,35,11,4,1,21,2,1.0,34,1
16616643,60,11,4,1,20,2,4.0,20,1
16617827,60,11,1,1,20,2,4.0,20,1
16619111,65,12,4,1,1,7,4.0,1,4
16619148,40,12,1,2,20,2,1.0,21,1
16620155,60,11,1,1,1,2,4.0,20,1
16620605,60,12,1,1,20,2,4.0,20,1
16621197,60,11,4,1,20,2,4.0,20,1
16622030,60,11,1,1,1,2,4.0,21,1
16622033,60,11,4,1,20,2,4.0,21,1
16622341,50,11,1,1,20,10,4.0,1,1
16624096,60,11,1,1,20,2,4.0,22,1
16624768,45,11,1,1,20,2,4.0,21,1
16625372,60,11,1,1,20,2,4.0,21,1
16625604,60,11,3,1,20,2,4.0,21,1
16625642,65,11,1,1,20,2,4.0,20,1
16627648,35,12,1,2,20,10,4.0,1,1
16628107,60,11,4,1,20,2,4.0,21,1
16628316,45,11,1,1,5,2,1.0,10,1
16628632,60,11,4,1,20,2,4.0,20,1
16630724,60,2,4,2,20,7,4.0,1,4
16630740,60,11,4,1,20,2,4.0,21,1
16630885,60,11,1,1,1,2,4.0,22,1
16631897,60,2,1,2,20,2,4.0,21,1
16632094,65,11,1,1,20,2,4.0,20,1
16632120,60,11,4,1,20,2,4.0,22,1
16632405,65,11,1,1,20,2,4.0,21,1
16632807,60,11,1,1,20,2,4.0,21,1
16634455,65,11,1,1,11,2,4.0,21,1
16635785,35,2,1,2,20,2,2.0,22,1
16635820,60,11,1,1,20,2,4.0,21,1
16636342,60,11,4,1,20,2,4.0,21,1
16636347,60,11,1,1,20,2,4.0,20,1
16636522,40,11,4,1,11,7,4.0,1,4
16637112,30,2,1,2,5,2,2.0,21,1
16637273,60,11,1,1,20,2,4.0,20,1
16637531,40,11,1,1,20,2,4.0,20,1
16637532,60,12,1,1,20,2,4.0,20,1
16637533,60,11,1,1,20,2,4.0,21,1
16637670,60,11,4,1,20,2,4.0,20,1
16637675,60,2,1,2,20,7,4.0,1,2
16638407,60,2,1,2,1,2,4.0,22,1
16638411,60,12,1,2,20,2,4.0,22,1
16638497,60,11,1,1,20,2,4.0,21,1
16640415,60,11,1,1,20,2,4.0,22,1
16640517,60,12,1,1,20,2,4.0,20,1
16640598,60,12,1,2,20,2,4.0,20,1
16640839,60,11,1,1,20,2,4.0,20,1
16640993,50,11,1,1,20,2,4.0,20,1
16641312,60,12,4,1,20,2,4.0,20,1
16642932,60,2,1,2,20,7,4.0,1,4
16643036,60,11,1,1,20,2,4.0,20,1
16643181,55,11,1,1,20,2,4.0,20,1
16643476,35,11,4,1,20,2,4.0,21,1
16643535,65,12,1,1,20,7,4.0,1,4
16644100,35,0,0,0,20,7,4.0,1,2
16645609,60,11,1,1,20,2,4.0,21,1
16645782,60,11,1,1,20,2,4.0,20,1
16645942,60,11,1,1,1,2,4.0,20,1
16646816,60,11,4,1,20,2,4.0,20,1
16647375,45,2,1,2,20,2,4.0,20,1
16647376,60,11,4,1,20,2,4.0,21,1
16647856,60,11,1,1,20,2,4.0,20,1
16648158,30,12,1,2,5,2,1.0,34,1
16649250,35,11,3,1,20,2,4.0,20,1
16650213,65,12,1,2,20,7,4.0,1,2
16650731,60,12,1,2,20,2,4.0,20,1
16651330,65,11,4,1,20,2,4.0,46,1
16652417,60,2,1,2,1,7,4.0,1,2
16655060,60,11,1,1,20,2,4.0,20,1
16655902,65,12,4,1,1,2,4.0,21,1
16656161,60,2,1,2,20,2,4.0,21,1
16656688,60,11,1,1,20,2,4.0,20,1
16658843,45,11,1,1,5,2,1.0,10,1
16659079,60,11,1,1,20,2,4.0,20,1
16659699,40,11,1,1,9,2,2.0,22,1
16660141,60,12,1,1,20,2,4.0,22,1
16660698,60,11,4,1,20,2,4.0,20,1
16660840,30,11,1,1,20,2,3.0,22,1
16660984,60,12,1,2,20,2,4.0,20,1
16660985,60,11,1,1,20,2,4.0,20,1
16661027,60,11,4,2,20,2,4.0,22,1
16661243,65,12,3,1,20,2,4.0,22,1
16663039,60,11,1,1,20,2,4.0,20,1
16663283,60,11,4,1,20,7,4.0,1,4
16663593,60,11,1,1,20,2,4.0,20,1
16663596,60,11,1,1,20,2,4.0,20,1
16663650,60,12,1,1,1,2,4.0,21,1
16664705,65,11,4,1,20,2,4.0,20,1
16664915,60,11,1,1,20,2,4.0,21,1
16664916,60,12,1,0,20,2,4.0,20,1
16665093,60,11,4,1,1,7,4.0,1,4
16665476,60,12,1,1,1,2,4.0,21,1
16668058,60,12,1,1,11,2,4.0,20,1
16668303,35,11,1,1,20,2,3.0,13,1
16668334,40,0,6,0,20,2,4.0,21,1
16668722,60,11,1,1,20,2,4.0,21,1
16669155,45,11,4,1,20,7,4.0,1,2
16669598,60,11,1,1,20,2,4.0,20,1
16669599,60,11,1,1,20,2,4.0,20,1
16670589,60,11,6,1,20,8,4.0,1,1
16670980,60,12,1,1,20,2,4.0,20,1
16671475,35,11,1,1,20,2,3.0,10,1
16672964,60,11,1,1,20,2,4.0,20,1
16673549,65,11,1,1,1,2,4.0,20,1
16673686,65,11,3,1,1,2,4.0,21,1
16673763,60,11,1,1,20,2,4.0,20,1
16674329,60,11,1,1,20,2,4.0,21,1
16674491,45,11,1,1,20,2,4.0,20,1
16675894,60,11,1,1,20,2,4.0,20,1
16676349,65,11,1,1,20,2,4.0,21,1
16676658,60,11,4,1,20,7,4.0,1,4
16676698,60,11,4,1,20,2,4.0,20,1
16676943,50,11,3,1,1,2,4.0,21,1
16677084,60,11,1,1,1,2,4.0,20,1
16677439,60,11,1,1,20,2,4.0,22,1
16677573,60,11,4,1,11,2,4.0,20,1
16677619,65,11,4,1,20,2,4.0,20,1
16677744,60,11,4,1,20,2,4.0,22,1
16678708,60,12,1,1,20,2,4.0,21,1
16679634,65,11,1,1,1,2,4.0,20,1
16679875,60,12,1,1,20,2,4.0,20,1
16683268,35,11,4,1,20,2,1.0,24,1
16683940,60,2,1,2,1,2,2.0,10,1
16684169,60,11,1,1,1,2,4.0,22,1
16684455,60,11,1,1,20,2,4.0,20,1
16686624,60,12,1,1,20,2,2.0,20,1
16687293,60,11,1,1,20,2,4.0,21,1
16687305,60,11,1,1,1,2,4.0,20,1
16689626,65,11,4,2,20,2,4.0,21,1
16689751,60,2,1,3,20,7,4.0,1,4
16690046,60,11,1,1,20,2,4.0,20,1
16690105,65,11,1,1,20,2,4.0,20,1
16690217,60,11,1,1,20,2,4.0,21,1
16690343,60,11,1,1,1,2,4.0,21,1
16691133,60,2,1,2,1,7,4.0,1,4
16691164,60,12,1,1,1,2,4.0,22,1
16691303,60,12,1,1,20,2,4.0,20,1
16691340,60,11,1,2,20,2,4.0,20,1
16691429,60,2,1,2,20,2,4.0,20,1
16692156,60,12,1,1,20,8,4.0,1,1
16692494,60,11,1,1,20,2,4.0,21,1
16692903,60,11,1,1,1,2,4.0,20,1
16693544,60,11,6,1,20,2,4.0,20,1
16694596,60,12,1,1,20,2,4.0,20,1
16695123,45,11,1,1,20,7,4.0,1,2
16695313,60,11,1,1,1,2,4.0,22,1
16695828,60,11,1,1,20,2,4.0,21,1
16695952,60,12,1,1,20,2,4.0,21,1
16695990,60,11,1,1,20,2,4.0,21,1
16696351,60,12,1,1,20,2,4.0,20,1
16696753,60,11,1,1,20,2,2.0,20,1
16697528,60,11,4,1,20,2,4.0,20,1
16698841,65,12,1,2,20,2,4.0,21,1
16698930,60,12,1,1,20,2,4.0,20,1
16701710,35,12,1,1,20,2,2.0,13,1
16701783,60,11,1,1,20,2,4.0,20,1
16701784,60,12,1,1,20,2,4.0,22,1
16701959,60,11,3,1,20,2,4.0,20,1
16702121,45,12,1,1,20,2,4.0,21,1
16702814,60,2,1,2,20,7,4.0,1,2
16703047,35,11,1,1,9,2,2.0,20,1
16703364,60,11,4,1,20,2,4.0,21,1
16704237,60,11,4,1,20,2,4.0,20,1
16704847,60,2,1,2,20,2,4.0,21,1
16704919,60,11,3,1,1,2,4.0,20,1
16704932,60,2,4,2,20,7,4.0,1,4
16704942,50,11,4,1,20,2,4.0,20,1
16704993,35,11,3,2,9,5,4.0,1,1
16705248,60,12,1,1,20,2,4.0,20,1
16705249,30,2,1,2,20,7,4.0,1,2
16705733,60,11,1,1,20,2,4.0,20,1
16707647,60,11,4,1,20,2,4.0,20,1
16707811,60,11,1,1,20,2,4.0,20,1
16708212,60,11,1,1,20,2,4.0,21,1
16708523,60,11,1,1,20,2,4.0,20,1
16709085,60,11,1,1,20,7,4.0,1,4
16712675,65,11,1,1,20,2,4.0,20,1
16712959,55,11,1,1,11,2,4.0,22,1
16713389,60,11,1,1,1,2,4.0,22,1
16713390,35,11,1,1,5,2,2.0,22,1
16713445,60,2,1,2,20,7,4.0,1,4
16714103,60,11,1,1,20,2,4.0,20,1
16715477,40,2,3,2,20,2,4.0,22,1
16715488,60,11,1,1,20,2,4.0,22,1
16715885,60,11,1,1,20,2,4.0,20,1
16716769,40,11,1,1,20,2,4.0,22,1
16716771,60,12,1,1,20,2,4.0,20,1
16716783,65,11,4,1,20,2,4.0,20,1
16717056,60,11,4,1,20,2,4.0,21,1
16717500,60,11,4,1,20,2,4.0,21,1
16717666,65,2,4,2,20,2,4.0,20,1
16718179,65,11,1,1,20,2,4.0,20,1
16718201,60,11,1,1,20,2,4.0,20,1
16718438,65,2,4,2,20,2,4.0,21,1
16718565,60,11,1,1,20,2,4.0,20,1
16718566,60,11,1,1,20,2,4.0,20,1
16720524,60,11,1,1,20,2,4.0,20,1
16721153,60,11,3,1,11,2,4.0,30,1
16721154,60,11,6,1,20,2,4.0,20,1
16721468,60,11,1,1,20,2,4.0,21,1
16723810,60,11,1,1,20,2,4.0,22,1
16724080,60,11,4,1,20,2,4.0,20,1
16724081,60,11,4,1,1,2,4.0,20,1
16724127,60,11,4,1,1,2,4.0,20,1
16724404,55,12,1,1,20,2,4.0,21,1
16724726,60,11,4,1,20,2,4.0,22,1
16724770,60,11,4,1,20,2,4.0,20,1
16725138,60,11,6,1,20,2,4.0,20,1
16725998,60,11,4,1,20,2,4.0,22,1
16726317,60,11,4,1,20,2,4.0,20,1
16726495,55,11,1,1,20,2,4.0,20,1
16727052,60,0,0,0,11,2,4.0,21,1
16728019,40,12,1,1,20,2,4.0,20,1
16728438,35,12,1,1,20,2,4.0,34,1
16729298,60,11,1,1,20,2,4.0,20,1
16729574,45,11,1,1,5,2,1.0,10,1
16730135,60,11,4,1,20,2,4.0,20,1
16730592,60,12,1,1,1,2,4.0,20,1
16730957,65,11,4,2,20,2,4.0,20,1
16731459,55,12,1,1,20,2,4.0,20,1
16731483,60,11,1,1,20,2,4.0,21,1
16732174,60,11,4,1,20,7,4.0,1,4
16732213,60,11,4,1,1,2,4.0,21,1
16732227,60,11,4,1,20,2,4.0,20,1
16732455,65,2,4,2,20,2,4.0,21,1
16732636,50,12,1,1,20,2,4.0,20,1
16734544,25,11,3,1,1,7,4.0,1,2
16734548,65,2,4,2,1,9,4.0,1,1
16734692,40,12,1,1,5,2,1.0,10,1
16736096,35,11,1,1,20,7,4.0,1,2
16737046,60,12,6,2,20,7,4.0,1,4
16737140,60,11,4,1,20,7,4.0,1,2
16738968,60,11,4,1,20,2,4.0,20,1
16739369,45,11,1,1,20,2,4.0,20,1
16739675,60,2,4,2,20,7,4.0,1,4
16739771,60,11,4,1,20,2,4.0,20,1
16740878,60,11,4,1,20,2,4.0,21,1
16741320,60,11,4,1,20,2,4.0,20,1
16741327,60,11,1,1,20,2,4.0,21,1
16742651,60,11,4,1,20,2,4.0,20,1
16742801,60,11,1,2,20,2,4.0,20,1
16743050,65,11,4,1,20,8,4.0,1,1
16743623,60,11,4,1,1,2,4.0,20,1
16744215,60,11,4,1,20,2,4.0,21,1
16755562,60,11,1,1,20,2,4.0,20,1
16755615,60,11,1,1,20,2,4.0,20,1
16764351,60,11,3,1,20,2,2.0,25,1
16765373,60,11,4,1,20,2,4.0,21,1
16765779,60,11,1,1,1,2,4.0,20,1
16765842,60,11,1,1,20,2,4.0,21,1
16765952,60,11,4,1,20,2,4.0,20,1
16766118,65,11,1,1,20,2,4.0,20,1
16766122,60,11,4,1,20,2,4.0,20,1
16766123,60,11,4,1,20,2,4.0,22,1
16766211,60,11,1,1,20,2,4.0,20,1
16766259,60,11,1,1,1,2,4.0,20,1
16766263,60,11,1,1,1,2,4.0,21,1
16766275,60,11,1,1,1,2,4.0,20,1
16766283,35,11,1,1,1,2,3.0,13,1
16766287,35,12,1,1,20,2,4.0,21,1
16766319,60,11,1,1,20,2,4.0,20,1
16766452,60,11,1,1,20,2,4.0,21,1
16766615,60,11,1,1,20,2,4.0,20,1
16766799,60,11,1,1,20,2,4.0,20,1
16766873,60,11,1,1,20,2,4.0,20,1
16766892,60,11,1,1,1,2,4.0,20,1
16766900,60,11,1,1,20,2,4.0,20,1
16766903,50,11,1,1,20,2,4.0,21,1
16766911,60,11,1,1,20,2,4.0,20,1
16766933,60,11,1,1,20,2,4.0,20,1
16767004,60,11,1,1,20,2,4.0,20,1
16767342,65,12,1,1,20,4,4.0,1,3
16767495,60,11,1,1,20,2,4.0,20,1
16770033,30,11,1,1,5,2,4.0,21,1
16770774,55,11,1,1,1,2,4.0,20,1
16770840,65,11,3,1,1,2,4.0,22,1
16770955,60,11,4,2,20,2,4.0,20,1
16771018,30,2,1,2,5,2,2.0,14,1
16771276,65,11,4,1,20,2,4.0,20,1
16771426,60,11,1,1,1,2,4.0,20,1
16771427,60,12,1,2,1,2,4.0,20,1
16771523,60,12,4,1,20,7,4.0,1,4
16771524,30,12,4,1,20,7,4.0,1,2
16771526,60,11,1,1,20,2,4.0,20,1
16771529,60,11,4,1,20,2,4.0,20,1
16771625,60,11,4,1,20,2,4.0,21,1
16771736,60,11,1,1,20,2,4.0,21,1
16775429,60,11,1,1,20,2,4.0,22,1
16775444,65,11,1,1,20,2,4.0,20,1
16775473,50,12,1,1,20,2,4.0,20,1
16775640,60,11,1,1,20,2,4.0,20,1
16775673,60,11,1,1,1,2,4.0,21,1
16775771,60,11,4,1,20,2,4.0,20,1
16776021,60,11,4,1,20,7,4.0,1,1
16776091,40,12,4,1,20,7,4.0,1,2
16776194,60,11,4,1,20,2,4.0,20,1
16776200,60,11,1,1,20,2,4.0,20,1
16776239,40,11,1,1,17,2,1.0,34,1
16777891,40,11,1,1,20,2,2.0,21,1
16777955,65,11,4,1,20,2,4.0,20,1
16778002,60,11,1,1,20,2,4.0,20,1
16778018,60,11,1,1,20,2,4.0,20,1
16780160,60,11,4,1,20,2,4.0,20,1
16780242,65,12,1,1,20,2,4.0,22,1
16780364,55,11,1,1,20,2,4.0,20,1
16780368,55,11,1,1,20,7,4.0,1,4
16780371,55,11,1,1,20,2,4.0,20,1
16785012,60,11,4,1,20,2,4.0,20,1
16785186,60,11,1,1,20,2,4.0,20,1
16785203,60,2,1,2,1,7,4.0,1,2
16785324,60,12,1,1,20,9,4.0,1,3
16785346,40,11,1,1,20,2,4.0,21,1
16785411,60,11,4,1,20,7,4.0,1,2
16785441,60,11,3,1,20,2,2.0,22,1
16785442,60,12,4,1,11,7,4.0,1,2
16791701,60,11,1,1,20,7,4.0,1,4
16791732,60,12,1,1,20,2,4.0,20,1
16791891,60,11,3,1,20,1,4.0,1,1
16792679,60,11,1,1,20,2,4.0,20,1
16792708,60,11,1,1,20,2,4.0,22,1
16792903,65,11,4,1,20,2,4.0,20,1
16793720,60,11,1,1,1,2,4.0,20,1
16793744,60,11,1,1,1,2,4.0,22,1
16794294,60,11,1,1,20,2,4.0,22,1
16796070,60,11,1,1,20,2,4.0,22,1
16796088,60,12,4,1,20,2,4.0,20,1
16800004,45,11,4,1,1,2,4.0,21,1
16801127,35,11,1,1,8,2,1.0,13,1
16808285,60,11,1,1,20,2,4.0,20,1
16808799,60,11,1,1,1,2,4.0,20,1
16811637,60,11,4,1,20,7,4.0,1,4
16835895,60,11,1,1,20,2,4.0,22,1
16838206,60,11,3,1,20,2,4.0,21,1
16841318,60,11,4,1,20,2,4.0,20,1
16850803,60,2,2,2,20,2,4.0,30,1
16859923,60,0,0,0,20,2,4.0,20,1
16862181,60,0,0,0,20,2,4.0,20,1
16866340,60,11,1,1,1,2,4.0,20,1
16867791,60,11,1,1,20,2,4.0,20,1
16867799,60,11,1,1,20,2,4.0,20,1
16877007,60,11,4,1,1,2,4.0,20,1
16905387,60,12,4,1,20,7,4.0,1,4
16955060,60,11,1,1,20,4,4.0,1,1
16827630,60,2,1,3,20,2,4.0,20,1
16832968,55,11,1,1,1,2,4.0,20,1