Crash_ID,Crash_Speed_Limit,Wthr_Cond_ID,Light_Cond_ID,Surf_Cond_ID,Traffic_Cntl_ID,Harm_Evnt_ID,Intrsct_Relat_ID,FHE_Collsn_ID,Road_Relat_ID
14601863,50,11,4,1,1,2,2.0,20,1
14604081,45,11,1,1,20,2,4.0,20,1
14604424,60,12,1,1,20,2,4.0,20,1
14604462,60,2,1,2,20,7,4.0,1,2
14604464,60,2,1,2,20,10,4.0,1,1
14604645,45,12,1,2,5,2,1.0,24,1
14604651,65,12,4,1,20,7,4.0,1,2
14608677,65,11,4,1,20,2,4.0,20,1
14608828,60,11,1,1,20,2,4.0,20,1
14609360,65,11,1,1,20,2,4.0,20,1
14609702,50,11,4,1,5,2,2.0,20,1
14610407,35,11,1,1,9,2,2.0,22,1
14611459,60,11,1,1,20,2,4.0,20,1
14611475,60,11,4,1,20,7,4.0,1,4
14613070,50,11,1,1,1,2,4.0,21,1
14613710,45,11,1,1,1,2,2.0,20,1
14615265,65,2,1,2,20,2,4.0,20,1
14619266,45,11,1,1,5,2,1.0,10,1
14620665,60,11,1,1,20,2,4.0,20,1
14621666,45,11,1,1,20,2,1.0,10,1
14621789,60,2,1,2,20,2,4.0,20,1
14622169,45,2,1,2,5,2,4.0,20,1
14622174,60,12,1,1,20,2,4.0,22,1
14623779,60,11,1,1,20,2,4.0,20,1
14623839,35,11,1,1,5,2,1.0,10,1
14625564,45,12,4,2,20,2,4.0,20,1
14626554,50,2,1,2,20,2,4.0,20,1
14626555,50,11,1,1,5,2,1.0,24,1
14627770,35,12,1,1,9,2,2.0,22,1
14629083,60,11,1,1,20,2,4.0,20,1
14629424,60,12,1,1,20,2,4.0,22,1
14631637,60,2,1,2,1,2,4.0,21,1
14632734,50,2,4,2,5,2,1.0,10,1
14632761,60,12,1,1,11,2,4.0,21,1
14633012,60,12,1,1,20,2,4.0,22,1
14633169,50,12,1,2,20,2,1.0,24,1
14633997,60,11,4,1,20,2,4.0,21,1
14636259,60,2,1,2,20,2,4.0,22,1
14636779,60,11,1,1,20,2,4.0,20,1
14636781,45,11,1,1,20,2,4.0,21,1
14638372,40,11,1,1,11,2,2.0,22,1
14640735,60,11,1,1,20,2,4.0,20,1
14640812,60,12,4,1,20,8,4.0,1,1
14640888,65,12,1,1,20,2,4.0,20,1
14642401,60,11,1,1,1,2,4.0,22,1
14644768,60,12,1,1,20,2,4.0,22,1
14644917,65,12,1,1,1,2,4.0,20,1
14647725,60,2,1,2,1,2,4.0,20,1
14647768,60,11,1,1,20,2,4.0,21,1
14648349,60,12,1,1,20,2,4.0,21,1
14648387,60,11,1,1,20,2,4.0,21,1
14651202,-1,11,1,1,20,2,4.0,22,1
14652706,45,11,1,1,5,2,4.0,14,1
14653636,65,12,1,1,20,2,4.0,20,1
14655761,50,11,1,1,20,2,4.0,20,1
14655860,60,11,1,1,20,2,4.0,22,1
14657820,60,11,1,1,20,2,4.0,21,1
14659265,65,11,1,1,20,2,4.0,20,1
14659868,45,11,1,1,20,2,1.0,24,1
14669530,50,11,1,1,20,2,4.0,22,1
14669932,45,11,1,1,20,2,1.0,21,1
14672453,60,11,1,1,20,2,4.0,20,1
14672454,50,11,1,1,5,2,4.0,20,1
14672892,60,11,4,1,20,7,4.0,1,3
14674877,50,2,1,2,5,2,2.0,22,1
14676196,50,11,1,1,20,2,1.0,24,1
14676510,60,11,1,1,20,2,4.0,20,1
14677577,60,11,4,1,20,7,4.0,1,2
14678191,55,11,4,1,20,2,2.0,21,1
14678222,65,11,4,1,1,2,4.0,20,1
14682219,50,11,1,1,20,2,3.0,13,1
14682303,60,11,1,1,20,10,4.0,1,1
14684747,50,11,1,1,5,2,1.0,24,1
14685844,65,12,1,1,20,2,4.0,20,1
14685991,50,11,1,1,20,2,1.0,24,1
14686333,60,11,4,1,1,7,4.0,1,2
14686590,45,12,1,2,1,2,2.0,20,1
14686600,45,12,1,1,9,2,2.0,22,1
14686606,40,11,1,1,5,2,1.0,21,1
14688219,60,11,1,1,20,2,4.0,20,1
14689643,60,11,3,1,1,2,4.0,20,1
14690796,45,11,1,1,9,2,2.0,20,1
14693615,45,11,1,1,1,2,2.0,22,1
14693669,65,12,4,1,20,2,4.0,21,1
14695552,50,11,4,1,5,2,2.0,22,1
14702648,60,11,1,1,20,2,4.0,21,1
14705860,65,11,1,1,20,7,4.0,1,4
14707368,65,11,4,1,1,2,4.0,20,1
14712138,60,11,1,1,20,2,4.0,20,1
14712434,45,11,1,1,5,2,1.0,10,1
14712616,60,11,4,1,20,2,4.0,20,1
14713369,60,11,4,1,20,2,4.0,20,1
14717254,60,11,6,1,20,2,4.0,20,1
14718737,60,11,1,1,20,2,4.0,22,1
14718740,60,11,1,1,20,2,4.0,21,1
14719813,40,2,1,2,1,2,4.0,22,1
14719911,60,11,1,1,20,2,4.0,20,1
14724304,45,11,1,1,5,2,2.0,14,1
14724653,65,11,1,1,20,2,4.0,20,1
14726052,60,11,1,1,20,2,4.0,21,1
14726238,35,11,1,1,1,2,4.0,20,1
14726504,60,2,1,2,20,2,4.0,21,1
14729208,60,2,1,2,20,2,4.0,21,1
14730599,60,12,1,1,20,2,4.0,21,1
14731335,45,11,1,1,20,2,1.0,24,1
14731373,45,11,1,1,20,2,2.0,22,1
14732122,40,11,4,1,8,7,2.0,1,2
14732126,45,11,4,1,1,2,1.0,24,1
14732846,60,12,1,1,1,2,4.0,21,1
14733565,65,11,1,1,20,10,4.0,1,1
14733596,40,11,1,1,20,2,1.0,28,1
14734093,60,11,1,1,1,2,4.0,20,1
14734101,50,11,4,1,20,7,2.0,1,4
14736360,45,11,1,1,20,2,1.0,24,1
14738082,65,12,1,1,20,2,4.0,20,1
14738130,70,11,1,1,11,2,4.0,20,1
14738220,65,2,1,3,20,7,4.0,1,4
14738253,60,11,1,1,1,2,4.0,20,1
14738422,60,12,1,1,20,2,4.0,21,1
14739318,60,12,1,1,1,7,4.0,1,4
14743116,60,11,1,1,20,2,4.0,21,1
14743198,50,11,4,1,20,2,1.0,28,1
14745080,60,11,4,1,20,2,4.0,31,1
14747189,-1,12,1,1,8,2,2.0,22,1
14747378,60,2,1,2,20,7,4.0,1,2
14747952,50,12,1,1,20,2,1.0,24,1
14749118,60,12,4,1,20,2,4.0,20,1
14749404,60,11,1,1,20,2,4.0,20,1
14749922,50,12,1,1,5,2,1.0,24,1
14751376,60,11,1,1,20,2,4.0,20,1
14752470,35,11,4,1,5,2,1.0,10,1
14752814,45,12,4,1,20,2,4.0,20,1
14757443,35,11,1,1,5,2,1.0,21,1
14757541,50,12,1,1,5,2,1.0,10,1
14758414,50,11,4,1,20,10,4.0,1,2
14758438,60,2,5,2,20,7,4.0,1,2
14761762,65,11,1,1,20,2,4.0,20,1
14762105,65,11,5,1,20,2,4.0,20,1
14762463,50,11,4,1,20,2,4.0,22,1
14763988,50,11,1,1,5,2,1.0,10,1
14765127,50,12,1,1,20,2,1.0,24,1
14766176,35,11,1,1,20,2,4.0,22,1
14766191,60,12,4,1,20,2,4.0,21,1
14766565,60,12,4,1,20,7,4.0,1,2
14766581,60,11,1,1,20,2,4.0,20,1
14768010,60,11,1,1,20,2,4.0,21,1
14768384,35,0,0,0,20,2,4.0,22,1
14771642,60,11,3,1,20,2,4.0,20,1
14773330,50,12,4,1,20,2,4.0,21,1
14774135,60,11,1,1,20,2,4.0,20,1
14775292,60,11,1,1,20,2,4.0,22,1
14775590,50,12,1,1,20,2,2.0,28,1
14775947,45,12,4,1,1,2,4.0,21,1
14776494,60,12,1,1,1,2,4.0,21,1
14776654,60,12,1,1,20,2,4.0,22,1
14776788,65,2,4,2,1,2,4.0,21,1
14777625,45,11,1,1,5,2,1.0,28,1
14783472,65,12,3,1,20,2,4.0,22,1
14784832,60,12,1,2,20,7,4.0,1,2
14786922,50,12,4,1,20,2,3.0,23,1
14787032,50,11,4,1,20,2,1.0,24,1
14787131,50,11,1,1,20,2,4.0,21,1
14787614,65,11,1,1,20,2,4.0,22,1
14788359,50,12,1,1,20,2,1.0,24,1
14789424,60,11,1,1,1,2,4.0,20,1
14790419,60,11,1,1,1,2,2.0,20,1
14790420,40,11,1,1,5,2,2.0,22,1
14790514,65,12,1,1,20,2,1.0,20,1
14790980,60,2,4,2,20,2,4.0,21,1
14791335,60,11,1,1,20,2,4.0,20,1
14791422,55,11,4,1,5,2,2.0,22,1
14793936,65,11,4,1,1,2,4.0,20,1
14798406,50,11,1,1,20,2,4.0,20,1
14798759,60,11,1,1,1,2,4.0,20,1
14799100,60,11,4,1,1,2,4.0,20,1
14800214,60,12,4,1,20,2,4.0,21,1
14800235,40,11,1,1,9,2,2.0,14,1
14801232,60,11,1,1,20,2,4.0,20,1
14801266,65,11,3,1,20,2,4.0,20,1
14801304,45,11,1,1,20,2,1.0,24,1
14802888,60,11,1,1,20,2,4.0,22,1
14804098,60,11,1,1,20,2,4.0,20,1
14804375,60,11,1,1,20,7,4.0,1,4
14804900,60,11,4,1,20,2,4.0,20,1
14805123,65,11,1,1,20,2,4.0,20,1
14810792,50,11,4,1,20,7,4.0,3,2
14812585,60,12,1,1,20,2,4.0,22,1
14814383,60,11,4,1,20,2,4.0,20,1
14814416,60,11,1,1,1,2,4.0,20,1
14815522,60,11,1,1,20,2,4.0,20,1
14815525,45,11,1,1,20,2,1.0,28,1
14817084,50,12,1,1,5,2,1.0,24,1
14818007,60,2,1,2,20,7,4.0,1,4
14818088,45,11,1,1,5,7,2.0,3,2
14818694,60,11,4,1,20,2,4.0,20,1
14818874,35,11,4,1,20,2,4.0,20,1
14820655,35,11,1,1,8,2,2.0,23,1
14821649,60,11,1,1,20,2,4.0,21,1
14823121,60,11,1,1,20,2,4.0,20,1
14824018,65,11,1,1,20,2,4.0,20,1
14824103,60,12,1,1,20,2,4.0,20,1
14826229,60,11,1,1,11,7,4.0,1,4
14826238,60,11,1,1,20,2,4.0,20,1
14826249,60,12,1,1,20,2,4.0,21,1
14827396,65,12,4,1,20,2,4.0,21,1
14827939,50,11,4,1,5,2,2.0,22,1
14827953,65,11,4,1,1,7,4.0,1,2
14832665,50,2,1,2,5,2,1.0,10,1
14832683,60,2,4,2,20,2,4.0,21,1
14838522,60,11,4,1,20,8,4.0,1,1
14854197,65,11,1,1,20,2,4.0,20,1
15073410,45,11,1,1,11,2,2.0,20,1
15076639,60,11,1,2,20,2,4.0,20,1
14842956,50,2,4,2,5,2,1.0,10,1
14844985,60,11,1,1,20,2,4.0,21,1
14845722,50,11,4,1,5,2,1.0,10,1
14845840,60,11,4,1,20,2,4.0,21,1
14846410,60,12,4,1,1,2,4.0,21,1
14847408,45,11,1,1,20,2,1.0,10,1
14848318,65,12,1,1,1,2,4.0,21,1
14849100,35,2,4,2,5,2,2.0,20,1
14849105,45,11,4,1,5,2,1.0,10,1
14849451,50,11,1,1,5,2,1.0,24,1
14849522,35,11,4,1,5,2,1.0,10,1
14850702,50,11,1,1,20,2,1.0,24,1
14852120,60,11,1,1,20,7,2.0,1,4
14855339,50,11,1,1,20,2,3.0,13,1
14858423,60,12,6,1,20,7,4.0,1,2
14858438,60,11,1,1,20,2,4.0,20,1
14860342,60,11,1,1,20,2,4.0,20,1
14860381,50,11,1,1,5,2,1.0,24,1
14863661,50,11,1,1,5,2,1.0,24,1
14865366,30,11,4,1,1,7,2.0,1,2
14866716,60,11,1,1,20,7,4.0,1,4
14868400,60,2,1,2,20,7,4.0,1,4
14869005,45,11,1,1,5,2,2.0,22,1
14869108,50,12,4,1,20,2,2.0,14,1
14869247,50,11,1,1,20,2,2.0,20,1
14869276,60,11,1,1,20,2,4.0,20,1
14869455,40,11,1,1,5,2,1.0,10,1
14870714,50,11,1,1,9,2,2.0,25,1
14870956,65,11,1,1,20,2,4.0,20,1
14871515,65,11,1,1,20,2,4.0,21,1
14875598,45,12,4,1,20,2,1.0,24,1
14879261,50,12,1,1,5,2,1.0,24,1
14879673,45,11,1,1,5,2,1.0,24,1
14880860,60,12,1,1,20,2,4.0,22,1
14882483,40,11,1,1,9,2,2.0,22,1
14882484,60,12,1,1,20,2,4.0,22,1
14882986,35,2,1,2,20,2,1.0,24,1
14883312,60,11,1,1,20,2,2.0,20,1
14883336,60,12,1,1,20,2,4.0,20,1
14887448,65,12,3,1,20,7,4.0,1,2
14887504,70,5,6,2,1,2,4.0,20,1
14888898,60,11,1,1,11,2,4.0,22,1
14892370,60,12,1,1,1,2,2.0,21,1
14893123,65,2,4,2,20,2,4.0,20,1
14893191,60,11,1,1,20,2,4.0,22,1
14894563,60,11,3,1,20,7,4.0,1,2
14897269,50,11,4,1,5,7,4.0,3,2
14899053,50,11,1,1,9,2,2.0,20,1
14899622,60,11,1,1,20,2,4.0,21,1
14899831,60,11,1,1,20,2,4.0,20,1
14899961,60,11,1,1,20,2,4.0,20,1
14900701,45,11,1,1,20,2,1.0,24,1
14900993,60,12,1,1,20,2,4.0,20,1
14903303,60,11,1,1,20,2,4.0,22,1
14903507,45,11,1,1,20,2,4.0,21,1
14905350,45,11,1,1,5,2,1.0,10,1
14906463,45,11,4,1,20,2,2.0,22,1
14906539,60,11,1,1,20,2,4.0,20,1
14906685,50,11,4,1,9,2,2.0,22,1
14908936,60,11,1,1,11,2,4.0,20,1
14909871,60,11,1,1,20,2,4.0,21,1
14910173,60,11,1,1,20,2,4.0,20,1
14912446,40,12,1,1,9,2,2.0,20,1
14913135,45,11,1,1,20,2,3.0,23,1
14913256,60,11,1,1,20,2,4.0,20,1
14914692,60,11,1,1,20,2,4.0,20,1
14917333,60,11,1,1,20,2,4.0,22,1
14917716,45,11,1,1,9,2,1.0,14,1
14917913,45,11,4,1,5,2,4.0,20,1
14919809,65,11,1,1,20,2,4.0,21,1
14919985,35,11,1,1,5,2,2.0,22,1
14921908,60,11,1,1,20,2,4.0,21,1
14923459,50,11,1,1,9,2,2.0,22,1
14924883,60,11,3,1,1,7,4.0,1,4
14925674,60,11,1,1,20,7,2.0,1,4
14927501,60,2,1,2,20,2,4.0,21,1
14931721,45,11,1,1,9,2,1.0,10,1
14932238,40,2,1,2,20,2,4.0,21,1
14935074,50,11,4,1,5,7,2.0,1,2
14935076,40,12,1,1,5,2,1.0,10,1
14937952,45,12,1,1,9,2,1.0,10,1
14938784,40,11,4,1,1,7,4.0,1,4
14938823,45,11,1,1,5,2,1.0,24,1
14938920,35,11,4,1,20,2,2.0,22,1
14938926,60,11,1,1,1,2,4.0,20,1
14939502,45,11,1,1,2,2,1.0,10,1
14939504,45,11,1,1,20,2,4.0,21,1
14940266,45,11,1,1,20,2,3.0,23,1
14940891,65,2,1,2,20,2,4.0,22,1
14940893,60,12,1,2,11,7,4.0,1,2
14941394,65,11,1,1,1,2,4.0,20,1
14941971,65,11,1,1,20,2,4.0,22,1
14942273,60,11,4,1,20,2,4.0,20,1
14942291,45,11,1,1,20,2,2.0,28,4
14942463,50,11,1,1,5,2,4.0,28,1
14942472,45,11,1,1,20,2,2.0,22,1
14944105,60,11,1,1,20,2,4.0,20,1
14945114,50,11,1,1,1,2,4.0,22,1
14945641,60,11,1,1,20,2,4.0,22,1
14945910,60,11,1,1,20,2,4.0,21,1
14946804,60,11,1,1,1,2,4.0,22,1
14946808,60,12,1,1,20,2,4.0,21,1
14949419,60,12,1,1,20,2,4.0,20,1
14956328,50,11,1,1,20,2,4.0,20,1
14957253,60,11,1,1,20,2,4.0,21,1
14958261,60,12,1,1,1,2,4.0,20,1
14960046,60,12,1,1,20,2,4.0,20,1
14960050,50,2,1,2,20,2,4.0,21,1
14960594,45,11,1,1,5,2,1.0,20,1
14961311,60,11,5,1,20,2,4.0,20,1
14961535,45,2,1,2,20,2,3.0,10,1
14962420,45,11,4,1,20,7,2.0,1,4
14963709,60,12,1,1,20,2,4.0,20,1
14963869,45,11,1,1,20,2,3.0,23,1
14963875,60,2,1,2,20,2,4.0,20,1
14963937,60,2,1,2,20,7,4.0,1,2
14964857,65,2,3,2,1,7,4.0,1,2
14968058,45,11,4,1,20,2,4.0,20,1
14968379,60,11,1,1,20,2,4.0,21,1
14968425,60,11,1,1,20,2,4.0,20,1
14968539,60,11,1,1,20,2,4.0,22,1
14971681,50,12,1,1,20,2,1.0,24,1
14973632,20,11,1,1,9,2,2.0,22,1
14973634,60,11,1,1,1,2,4.0,22,1
14977884,60,12,1,1,11,2,4.0,20,1
14978161,35,11,1,1,20,2,4.0,21,1
14978691,50,11,1,1,20,2,2.0,14,1
14980072,60,11,4,1,20,2,1.0,21,1
14980103,40,11,1,1,11,2,4.0,21,1
14980302,45,11,1,1,20,2,2.0,20,1
14980549,60,12,1,1,20,2,4.0,20,1
14983347,45,11,1,1,20,2,4.0,21,1
14985366,65,11,4,1,1,2,4.0,21,1
14985783,65,11,1,1,20,2,4.0,20,1
14985977,50,11,4,1,20,2,4.0,20,1
14986166,60,11,4,1,20,7,4.0,1,2
14986202,50,0,1,0,20,2,2.0,21,1
14987882,60,11,1,1,20,2,4.0,20,1
14991080,50,11,1,1,21,7,4.0,1,2
14991156,60,11,1,1,20,2,4.0,20,1
14991252,45,11,1,1,20,2,4.0,20,1
14991521,60,11,1,1,20,2,4.0,20,1
14993111,65,2,4,3,20,7,4.0,1,2
14994985,50,11,4,1,20,1,4.0,1,1
14995310,50,12,1,2,20,2,4.0,22,1
14996102,65,11,1,1,20,2,4.0,22,1
14996621,60,12,1,1,20,2,4.0,20,1
14996766,60,11,1,1,20,2,4.0,20,1
14997572,60,12,1,1,20,2,4.0,20,1
14997573,60,12,1,1,20,2,4.0,22,1
14997579,60,12,1,1,20,2,4.0,20,1
14998685,40,12,1,1,20,2,4.0,21,1
14998945,60,2,1,2,20,2,4.0,22,1
15000780,60,11,1,1,1,2,4.0,21,1
15004589,60,11,1,1,20,2,4.0,20,1
15006948,45,12,1,1,9,2,2.0,22,1
15007303,50,11,1,1,20,2,4.0,20,1
15007412,60,12,1,1,20,2,4.0,20,1
15007704,45,11,1,1,20,2,4.0,20,1
15007932,45,11,1,1,5,2,1.0,10,1
15012645,50,11,1,1,1,2,2.0,28,1
15014228,65,11,1,1,20,2,4.0,22,1
15015404,45,11,1,1,20,2,2.0,22,1
15015556,45,11,1,1,20,2,2.0,25,1
15015606,60,11,1,1,20,2,4.0,22,1
15016232,60,11,4,1,20,2,2.0,13,1
15016257,45,12,1,1,20,2,1.0,24,1
15019425,60,11,4,1,20,2,4.0,20,1
15019981,40,11,1,1,5,2,2.0,21,1
15020230,45,11,1,1,20,2,1.0,24,1
15024843,50,12,1,1,5,2,1.0,24,1
15025812,60,12,1,1,20,2,4.0,20,1
15030323,45,12,1,1,8,2,1.0,20,1
15030995,40,11,1,1,8,2,2.0,20,1
15032285,5,11,1,1,8,2,2.0,13,1
15032757,45,11,1,1,5,2,2.0,22,1
15033558,60,11,4,1,1,2,4.0,20,1
15033559,45,11,1,1,20,2,4.0,21,1
15033812,70,11,4,1,1,2,4.0,21,1
15034492,40,12,1,1,20,2,2.0,22,1
15039545,60,2,4,2,20,2,4.0,21,1
15039953,40,12,1,1,9,2,2.0,22,1
15040103,60,12,4,1,20,2,4.0,21,1
15040745,60,12,1,2,1,2,4.0,20,1
15041363,35,12,1,1,5,2,2.0,22,1
15042842,50,2,1,2,1,2,4.0,20,1
15043602,45,11,1,1,20,2,4.0,20,1
15044667,60,2,1,2,20,2,4.0,21,1
15045687,65,12,1,1,20,2,4.0,20,1
15046169,60,11,1,1,20,2,4.0,20,1
15046171,60,11,1,1,1,2,4.0,20,1
15046973,50,11,1,1,20,7,2.0,3,2
15049554,50,11,1,1,20,2,4.0,20,1
15049564,60,11,1,1,20,2,4.0,22,1
15050332,50,12,1,1,5,2,4.0,20,1
15051638,55,11,1,1,1,2,4.0,20,1
15052149,60,11,1,1,20,2,4.0,21,1
15052355,60,12,1,1,1,2,4.0,21,1
15052621,60,12,1,1,1,2,4.0,20,1
15053832,60,12,1,2,20,2,4.0,20,1
15056114,50,11,1,1,20,2,4.0,21,1
15056223,65,11,4,1,1,2,4.0,21,1
15062080,60,11,4,1,20,2,4.0,21,1
15064565,50,11,4,1,20,2,4.0,21,1
15067536,50,11,1,1,11,2,4.0,20,1
15068510,50,12,1,1,5,2,1.0,10,1
15068707,60,11,4,1,20,2,4.0,20,1
15068709,60,11,4,1,20,7,4.0,1,1
15069196,45,12,1,1,5,2,1.0,10,1
15069220,50,11,1,2,5,2,1.0,24,1
15069449,60,11,1,1,20,2,4.0,20,1
15069778,50,11,1,1,5,2,2.0,22,1
15069797,45,11,1,1,5,2,2.0,22,1
15070053,45,12,1,1,20,2,3.0,13,1
15071703,45,2,4,2,20,2,4.0,20,1
15072151,50,11,1,1,1,4,4.0,1,1
15072244,45,12,1,1,5,2,1.0,14,1
15072335,60,11,1,1,20,2,4.0,22,1
15079170,50,11,1,1,9,2,4.0,20,1
15079248,60,11,1,1,1,2,4.0,20,1
15079485,65,11,1,1,20,2,4.0,20,1
15081250,60,11,4,1,20,2,4.0,30,1
15083005,60,11,1,1,1,2,4.0,21,1
15083105,50,11,1,1,20,2,1.0,10,1
15083199,45,11,1,1,20,2,4.0,22,1
15084474,60,11,1,1,1,2,4.0,21,1
15084656,65,11,1,1,1,2,4.0,22,1
15085298,35,11,1,1,20,2,1.0,24,1
15085328,60,11,1,1,20,2,4.0,20,1
15086751,60,11,1,1,20,2,4.0,20,1
15087336,60,11,1,1,20,2,4.0,21,1
15088349,50,11,4,1,5,2,2.0,22,1
15092124,60,11,1,1,20,2,4.0,20,1
15092136,60,12,1,1,1,2,4.0,20,1
15092748,60,11,1,1,1,2,4.0,20,1
15095679,50,12,1,1,1,2,4.0,20,1
15096076,45,11,1,1,20,2,4.0,20,1
15096088,50,11,1,1,20,2,4.0,20,1
15096482,60,11,1,1,20,2,4.0,21,1
15096545,60,11,1,1,20,2,4.0,21,1
15098491,45,11,1,1,20,2,4.0,21,1
15099221,60,11,1,1,20,10,4.0,1,2
15099230,60,11,1,1,20,2,4.0,21,1
15099799,50,2,5,2,1,2,2.0,24,1
15100737,35,2,4,2,20,2,3.0,23,1
15101707,60,11,1,1,1,2,4.0,21,1
15103474,45,12,1,1,1,2,4.0,20,1
15103510,60,11,1,1,20,2,4.0,20,1
15104030,65,11,1,1,20,2,4.0,20,1
15106539,45,12,1,1,11,2,4.0,21,1
15107980,55,12,1,2,20,2,4.0,20,1
15108161,60,2,4,2,20,7,4.0,1,2
15108603,40,12,1,2,20,2,1.0,20,1
15111835,60,11,4,1,20,7,4.0,1,2
15111992,45,11,1,1,9,2,4.0,10,1
15111994,45,11,1,1,20,2,2.0,20,1
15112528,60,11,1,1,20,2,4.0,20,1
15112846,65,11,1,1,1,2,4.0,21,1
15113164,60,11,1,1,20,2,4.0,20,1
15113694,60,12,1,1,20,2,2.0,22,1
15113844,60,11,1,1,20,2,4.0,21,1
15120415,65,11,4,1,20,2,4.0,20,1
15120448,60,12,4,1,1,2,4.0,20,1
15123138,45,11,1,1,21,2,1.0,10,1
15125006,45,11,6,1,5,2,2.0,22,1
15125037,50,11,1,1,1,2,4.0,21,1
15125071,50,11,1,1,1,2,4.0,22,1
15125375,45,12,1,2,5,2,1.0,21,1
15125455,60,11,1,1,20,2,4.0,20,1
15125629,60,11,1,1,20,2,4.0,20,1
15125867,60,11,6,1,20,2,4.0,21,1
15131634,50,11,1,1,5,2,4.0,21,1
15132216,60,2,1,2,20,7,4.0,1,2
15132284,65,2,1,2,20,2,4.0,20,1
15132677,60,12,1,1,1,2,4.0,21,1
15133863,65,2,1,2,20,2,4.0,20,1
15134131,60,2,1,2,20,2,4.0,22,1
15134208,60,12,1,1,20,7,4.0,1,2
15134420,60,11,4,1,20,7,4.0,1,4
15134514,40,11,4,1,20,2,4.0,22,1
15137340,45,12,1,2,20,2,2.0,13,1
15137634,40,11,1,1,5,2,1.0,28,1
15137692,40,11,1,2,9,2,2.0,36,1
15138886,45,12,1,2,20,2,4.0,20,1
15140287,40,0,1,0,5,2,2.0,22,1
15141233,35,2,4,2,20,2,2.0,20,1
15144088,60,2,1,2,11,2,4.0,20,1
15144587,50,12,2,1,5,2,1.0,24,1
15145817,60,2,1,2,20,2,4.0,22,1
15145821,60,12,1,1,5,2,4.0,22,1
15145823,60,11,1,1,20,2,4.0,20,1
15147298,60,12,1,1,20,2,4.0,20,1
15147812,65,11,1,1,1,2,4.0,20,1
15149365,50,12,1,1,1,2,4.0,20,1
15150027,60,11,1,1,20,2,4.0,20,1
15150588,60,12,1,1,20,7,4.0,1,2
15150901,60,11,1,1,20,7,4.0,1,2
15151013,45,11,1,1,5,2,1.0,28,1
15151499,45,12,1,1,20,7,2.0,1,2
15151568,50,11,1,1,20,2,2.0,22,1
15151677,50,12,1,1,5,2,1.0,24,1
15151991,50,11,1,1,5,2,4.0,20,1
15152365,65,11,4,1,20,7,4.0,2,2
15152773,50,12,1,1,21,2,2.0,20,1
15153888,-1,11,1,1,5,2,1.0,24,1
15160069,45,11,1,1,9,2,2.0,22,1
15161221,60,11,4,1,20,2,4.0,20,1
15161485,40,11,1,1,1,2,4.0,20,1
15162909,45,11,1,1,20,2,4.0,20,1
15162980,45,11,4,1,20,7,4.0,1,2
15163078,65,11,1,1,20,2,4.0,20,1
15163571,50,11,1,1,1,2,4.0,22,1
15163641,35,11,1,1,1,2,4.0,21,1
15163770,60,11,1,1,20,2,4.0,20,1
15164206,60,11,1,1,20,2,4.0,20,1
15164863,50,11,3,1,20,7,4.0,1,4
15165110,45,11,1,1,5,2,1.0,28,1
15165532,45,12,1,1,20,7,4.0,5,2
15166217,60,12,1,2,20,7,4.0,1,4
15166219,65,11,1,1,20,2,4.0,20,1
15166465,60,11,1,1,1,2,4.0,21,1
15167315,45,12,1,1,5,2,1.0,34,1
15167321,60,11,1,1,20,2,4.0,20,1
15168389,65,12,1,1,20,2,2.0,22,1
15169633,65,11,4,1,20,4,4.0,1,3
15173230,60,11,1,1,20,2,1.0,10,1
15174645,65,11,1,1,1,2,2.0,21,1
15175115,45,11,1,1,5,2,1.0,10,1
15175386,45,12,1,1,20,2,4.0,14,1
15175676,45,11,1,1,5,2,1.0,10,1
15175751,65,11,4,1,20,2,4.0,21,1
15176466,40,11,1,1,20,2,4.0,22,1
15176470,40,11,1,1,5,2,2.0,20,1
15176523,60,11,1,1,20,2,4.0,20,1
15176589,60,11,1,1,20,2,4.0,20,1
15177244,45,11,1,1,1,2,4.0,20,1
15179669,65,11,1,1,20,2,4.0,21,1
15179728,45,12,1,1,5,2,1.0,10,1
15181000,40,11,1,1,5,2,1.0,28,1
15181258,60,11,1,1,20,2,4.0,22,1
15181806,50,11,5,1,20,2,4.0,20,1
15183599,60,12,1,1,20,2,4.0,21,1
15183653,50,11,1,1,8,2,4.0,21,1
15183656,45,2,1,3,10,7,4.0,1,2
15183669,45,2,1,2,11,2,4.0,20,1
15184759,60,11,4,1,20,2,4.0,21,1
15185851,60,11,4,1,2,7,2.0,1,4
15186475,50,11,1,1,20,2,1.0,23,1
15187230,40,11,1,1,5,2,1.0,24,1
15187670,60,11,1,1,20,2,4.0,22,1
15188641,45,11,1,1,5,2,2.0,22,1
15192656,35,11,4,1,9,2,4.0,21,1
15194953,60,11,1,1,20,2,4.0,21,1
15197025,60,11,1,1,1,7,4.0,1,2
15199011,45,11,4,1,5,2,1.0,21,1
15199398,50,11,1,1,20,2,4.0,20,1
15199803,50,11,1,1,5,7,2.0,1,2
15200000,60,11,1,1,20,2,4.0,22,1
15200457,65,11,1,1,1,2,4.0,20,1
15201842,45,11,1,1,20,7,4.0,1,4
15203422,45,12,1,1,9,2,2.0,22,1
15204183,60,12,1,1,1,2,4.0,20,1
15204185,45,12,1,1,9,2,2.0,22,1
15204227,60,11,1,1,20,2,4.0,21,1
15205539,50,11,1,1,20,2,2.0,25,1