Crash_ID,Crash_Speed_Limit,Wthr_Cond_ID,Light_Cond_ID,Surf_Cond_ID,Traffic_Cntl_ID,Harm_Evnt_ID,Intrsct_Relat_ID,FHE_Collsn_ID,Road_Relat_ID
15205583,65,11,1,1,20,2,4.0,20,1
15205618,65,11,1,1,1,2,4.0,22,1
15205681,50,12,1,1,20,2,4.0,20,1
15207177,45,11,4,1,20,2,4.0,21,1
15207232,65,11,4,1,20,7,4.0,1,4
15208702,65,11,1,1,20,2,4.0,20,1
15208960,35,11,1,1,5,2,1.0,24,1
15209823,45,11,1,1,20,2,4.0,21,1
15211173,60,11,1,1,20,2,4.0,22,1
15212414,45,11,1,1,20,2,4.0,20,1
15214499,40,11,1,1,5,2,1.0,24,1
15214741,55,11,1,1,20,2,4.0,22,1
15214983,45,11,4,1,5,2,4.0,21,1
15215916,40,11,1,1,20,2,4.0,20,1
15217619,50,11,4,1,20,7,4.0,1,4
15218121,50,12,1,1,5,2,2.0,21,1
15218815,50,12,1,2,1,2,1.0,10,1
15218974,50,11,1,1,5,2,1.0,24,1
15219225,60,11,1,1,20,2,4.0,20,1
15220220,45,2,1,2,1,2,4.0,20,1
15220221,45,11,1,2,1,2,4.0,22,1
15220858,65,11,4,1,20,2,4.0,21,1
15221237,50,11,2,1,9,2,2.0,28,1
15224262,50,11,3,1,20,2,4.0,20,1
15225817,60,12,1,1,20,2,4.0,20,1
15228890,60,11,1,1,20,2,4.0,20,1
15229039,65,11,1,1,20,2,2.0,21,1
15229364,45,11,4,1,20,2,2.0,20,1
15231062,50,11,3,1,9,2,1.0,14,1
15231581,40,11,1,1,20,2,2.0,22,1
15235312,65,11,4,1,20,7,4.0,1,2
15236578,60,11,1,1,20,2,4.0,21,1
15236833,45,11,4,1,5,2,1.0,10,1
15236950,45,11,4,1,20,2,4.0,20,1
15238435,50,11,1,1,5,2,1.0,10,1
15238762,60,12,1,1,20,2,4.0,21,1
15242261,60,12,1,1,20,2,4.0,20,1
15242728,60,12,1,1,20,2,4.0,20,1
15242968,35,11,1,1,5,2,1.0,10,1
15243700,45,11,1,1,5,2,2.0,21,1
15245056,60,11,1,1,20,2,4.0,21,1
15254256,60,12,1,1,11,2,4.0,20,1
15254257,60,11,1,1,20,2,4.0,20,1
15258569,60,11,1,1,1,2,4.0,21,1
15261383,60,11,4,1,1,7,4.0,1,2
15262488,50,11,4,1,20,7,2.0,1,2
15282711,60,12,1,1,20,2,4.0,20,1
15347852,60,12,1,1,20,2,4.0,22,1
16241266,50,2,1,2,20,2,4.0,21,1
15242477,60,11,1,1,20,2,4.0,20,1
15243176,60,11,1,1,20,2,4.0,22,1
15244683,35,11,1,1,11,2,4.0,20,1
15245057,60,11,1,1,20,2,4.0,20,1
15246967,65,11,1,1,20,2,4.0,20,1
15247447,60,11,1,1,20,2,4.0,22,1
15247565,65,11,1,1,20,2,4.0,20,1
15247987,50,11,1,1,5,2,1.0,24,1
15248615,60,11,1,1,20,2,4.0,20,1
15248635,45,11,1,1,20,2,4.0,21,1
15248726,60,11,1,1,20,2,4.0,21,1
15249871,45,11,1,1,9,2,4.0,14,1
15251575,60,11,4,1,20,7,2.0,1,2
15253468,50,11,1,1,20,2,4.0,20,1
15254328,45,11,1,1,20,2,4.0,20,1
15254372,60,11,1,1,20,2,4.0,20,1
15254426,60,12,1,1,20,2,4.0,20,1
15254428,40,11,1,1,5,2,2.0,22,1
15255251,60,12,1,1,1,2,4.0,21,1
15255688,60,11,1,1,20,2,4.0,20,1
15255730,60,11,1,1,20,2,4.0,20,1
15257377,60,11,1,1,20,2,4.0,20,1
15257511,60,11,1,1,20,2,4.0,20,1
15257512,60,11,1,1,20,2,4.0,21,1
15258124,50,11,4,1,1,2,4.0,21,1
15259895,60,11,1,1,20,2,4.0,20,1
15261489,45,11,1,1,9,2,2.0,20,1
15261784,60,2,1,2,20,7,4.0,1,2
15261810,60,11,1,1,1,2,4.0,22,2
15264300,60,11,1,1,20,2,4.0,22,1
15264313,60,11,1,1,20,9,4.0,1,4
15264389,60,11,1,1,20,2,4.0,20,1
15264932,65,11,1,1,1,2,4.0,20,1
15267457,60,12,1,1,20,2,4.0,20,1
15268125,60,12,4,1,20,2,4.0,22,1
15269789,65,11,1,1,20,2,4.0,20,1
15269841,45,2,1,2,5,2,2.0,22,1
15270078,50,12,1,2,20,2,4.0,22,1
15273588,65,12,4,1,20,7,2.0,1,2
15274393,50,12,5,1,5,2,1.0,21,1
15275587,60,12,1,1,1,2,4.0,20,1
15276327,50,12,1,1,5,2,1.0,10,1
15277652,35,0,0,0,5,2,4.0,21,1
15278269,65,12,4,1,20,2,4.0,20,1
15280561,60,12,1,1,20,2,4.0,20,1
15280655,65,11,4,1,20,2,4.0,20,1
15280904,60,2,1,2,20,2,4.0,20,1
15280914,40,11,1,1,11,2,4.0,21,1
15281551,60,11,1,1,20,2,4.0,20,1
15283428,60,2,1,2,20,2,4.0,22,1
15285323,60,12,1,1,20,2,4.0,20,1
15286737,40,12,1,1,5,2,2.0,22,1
15287546,60,2,4,2,20,2,4.0,21,1
15287570,60,11,1,1,20,2,4.0,20,1
15287603,60,11,4,1,20,7,4.0,1,2
15287718,45,11,1,1,20,2,3.0,23,1
15287740,65,11,1,1,20,2,4.0,20,1
15289890,45,11,4,1,1,7,2.0,1,2
15296051,45,11,1,2,20,2,4.0,20,1
15296334,35,11,4,1,20,2,2.0,20,1
15296877,50,11,1,1,9,2,4.0,20,1
15297318,35,11,1,1,5,2,1.0,24,1
15298217,60,11,1,1,20,2,4.0,20,1
15298251,65,12,1,1,20,2,4.0,20,1
15298269,35,11,1,1,5,2,1.0,23,1
15298858,65,11,1,1,1,2,4.0,20,1
15299181,65,11,4,1,20,2,4.0,21,1
15300011,40,11,4,1,5,2,2.0,21,1
15300368,60,11,1,1,20,2,4.0,21,1
15300960,60,11,3,1,20,2,4.0,21,1
15302812,60,11,2,1,20,2,4.0,22,3
15303840,50,11,4,1,20,2,3.0,13,1
15305203,60,11,1,1,20,2,4.0,21,1
15305674,60,11,1,1,20,2,4.0,22,1
15305886,60,11,1,1,20,2,4.0,20,1
15306177,60,12,1,1,20,2,4.0,20,1
15306197,60,11,1,1,20,2,4.0,20,1
15306404,50,11,1,1,5,2,4.0,22,1
15306469,60,11,1,1,20,2,4.0,20,1
15306586,55,11,1,1,20,2,4.0,20,1
15307492,65,12,1,1,20,2,4.0,20,1
15307660,50,11,1,1,20,2,1.0,24,1
15307668,50,2,1,2,20,2,1.0,24,1
15307705,65,12,4,2,20,2,4.0,20,1
15309707,60,12,1,2,20,2,4.0,20,1
15310150,45,11,4,1,5,2,1.0,10,1
15310343,60,11,1,1,20,2,2.0,20,1
15310712,60,11,1,1,20,2,4.0,20,1
15310713,60,11,1,1,20,2,4.0,20,1
15313385,55,12,1,1,11,2,4.0,21,1
15319078,40,11,4,1,5,2,1.0,10,1
15319079,45,11,1,1,20,2,4.0,20,1
15319256,65,12,1,1,20,2,4.0,21,1
15319394,45,11,4,1,20,2,4.0,20,1
15321253,50,11,1,1,9,2,2.0,25,1
15321256,45,11,1,1,5,2,2.0,22,1
15324504,45,12,1,1,1,2,2.0,20,1
15324601,65,12,1,1,20,2,4.0,20,1
15324675,30,11,4,1,20,2,4.0,24,1
15326781,50,11,1,1,20,2,4.0,20,1
15327164,65,11,1,1,20,2,4.0,20,1
15327167,65,11,4,1,20,2,4.0,20,1
15327324,50,12,1,1,20,2,2.0,20,1
15327956,60,2,1,2,20,2,4.0,20,1
15327982,60,11,1,1,20,2,4.0,20,1
15329286,60,11,1,1,20,2,4.0,20,1
15329919,60,12,1,1,20,8,4.0,1,1
15331834,60,11,1,1,1,2,4.0,20,1
15332296,30,12,1,1,8,2,1.0,10,1
15333145,50,11,4,1,20,2,4.0,20,1
15333695,65,11,6,1,20,2,4.0,20,1
15335789,50,11,1,1,9,2,2.0,20,1
15336304,45,12,4,1,20,7,2.0,1,2
15336399,45,11,4,1,5,2,1.0,10,1
15336463,65,11,4,1,20,2,4.0,20,1
15337017,45,11,1,1,20,2,2.0,21,1
15340552,55,12,1,1,5,2,2.0,22,1
15343399,40,11,1,1,20,2,4.0,20,1
15344578,50,12,1,1,5,2,4.0,22,1
15345040,60,11,1,1,20,2,4.0,22,1
15346954,60,11,1,1,20,2,4.0,21,1
15346994,65,11,1,1,20,7,4.0,1,4
15347468,60,11,4,1,20,2,4.0,21,1
15348230,60,12,1,1,1,2,4.0,21,1
15348237,60,12,1,1,1,2,4.0,20,1
15349594,50,0,0,0,20,4,4.0,1,2
15350061,60,12,1,1,20,2,4.0,21,1
15350373,-1,11,1,1,20,2,4.0,20,1
15350915,50,11,4,1,20,2,4.0,21,1
15350989,60,12,1,1,20,2,4.0,22,1
15351186,45,11,1,1,20,2,4.0,20,1
15351725,50,12,1,1,5,7,2.0,1,2
15352151,60,11,1,1,20,2,4.0,20,1
15352696,45,11,1,1,20,2,3.0,13,1
15356180,60,11,1,1,20,2,4.0,21,1
15356209,60,11,1,1,20,2,4.0,20,1
15358028,60,11,1,1,20,2,4.0,20,1
15358341,60,11,1,1,20,2,4.0,22,1
15358384,40,11,1,1,20,2,4.0,20,1
15358778,45,11,1,1,5,7,2.0,1,4
15362091,65,11,1,1,20,2,4.0,20,1
15362151,60,11,1,1,20,2,4.0,22,1
15363048,50,12,4,1,20,2,1.0,24,1
15367488,-1,11,1,1,20,2,4.0,20,1
15368143,-1,11,4,1,20,7,4.0,1,2
15371108,45,11,1,1,5,2,1.0,24,1
15371322,40,11,1,1,20,2,4.0,22,1
15372811,35,2,1,2,5,2,2.0,13,1
15375060,65,11,1,1,20,2,4.0,20,1
15376239,45,11,4,1,20,7,4.0,1,4
15376399,60,11,1,1,20,2,4.0,22,1
15378789,45,11,1,1,20,2,1.0,10,1
15383961,60,2,1,2,20,2,4.0,20,1
15386000,60,11,1,1,20,2,4.0,22,1
15386004,50,11,1,1,20,2,4.0,20,1
15386450,60,12,1,1,20,2,4.0,21,1
15388188,60,11,1,1,20,6,4.0,1,1
15388217,60,11,1,1,20,2,4.0,22,1
15388257,65,12,1,1,20,2,4.0,20,1
15389213,60,11,1,1,20,2,4.0,20,1
15389219,60,2,1,2,20,2,4.0,20,1
15389839,45,12,1,1,20,2,2.0,22,1
15392417,60,11,1,1,20,2,4.0,20,1
15397494,60,12,1,1,20,2,4.0,20,1
15397880,60,11,1,1,20,2,4.0,22,1
15399848,65,11,1,1,1,2,4.0,20,1
15401771,60,11,1,1,1,2,4.0,20,1
15402110,60,11,1,1,20,2,4.0,22,1
15402461,60,11,4,1,20,2,4.0,20,1
15402462,60,11,4,1,20,2,4.0,20,1
15403132,60,11,1,1,20,2,4.0,22,1
15403688,35,11,1,1,20,2,4.0,20,1
15406051,60,11,1,1,20,2,4.0,22,1
15406164,50,11,4,1,20,2,4.0,21,1
15406248,65,11,4,1,20,7,4.0,1,2
15409438,60,11,4,1,20,2,2.0,20,1
15409928,60,11,1,1,20,2,4.0,22,1
15410404,60,12,1,1,20,2,4.0,20,1
15410619,65,11,1,1,20,2,4.0,20,1
15412556,65,11,1,1,20,2,4.0,20,1
15412869,60,11,1,1,20,2,4.0,20,1
15416075,60,11,4,1,20,2,4.0,21,1
15416462,50,11,1,1,5,2,1.0,34,1
15417106,45,11,4,1,1,2,4.0,20,1
15417534,45,11,4,0,20,2,1.0,28,1
15421597,50,11,1,1,20,2,2.0,25,1
15422475,50,11,1,1,5,2,2.0,22,1
15423802,40,11,4,1,1,2,4.0,20,1
15424127,60,12,1,1,20,2,4.0,20,1
15426797,45,12,1,1,5,2,1.0,24,1
15428682,65,12,1,1,20,2,4.0,21,1
15428902,60,11,1,1,20,2,4.0,20,1
15429161,45,11,1,1,5,2,2.0,22,1
15429892,45,12,1,1,17,2,2.0,20,1
15432157,60,11,1,1,20,2,4.0,22,1
15435263,35,11,1,0,5,2,2.0,25,1
15438768,45,11,1,1,5,2,1.0,24,1
15439757,65,11,4,1,20,2,4.0,20,1
15441394,60,11,1,1,5,7,4.0,1,2
15441873,65,11,1,1,20,2,4.0,20,1
15443189,40,11,1,1,5,2,2.0,13,1
15443219,60,11,1,1,20,2,4.0,22,1
15443223,45,11,4,1,20,2,2.0,20,1
15445906,65,11,4,1,20,2,4.0,20,1
15447215,60,11,1,1,20,2,4.0,20,1
15447216,60,11,4,1,16,2,4.0,20,1
15448603,50,11,1,1,20,2,4.0,21,1
15448604,50,11,1,1,20,2,4.0,21,1
15448606,40,11,1,1,1,2,1.0,13,1
15449031,60,11,1,1,20,2,4.0,20,1
15449958,60,11,4,1,1,2,4.0,20,1
15451703,35,11,1,1,5,2,1.0,36,1
15453037,40,12,1,1,20,2,1.0,21,1
15453041,40,12,1,2,20,7,2.0,1,2
15453082,45,12,1,1,20,2,2.0,22,1
15453187,45,11,4,1,20,2,1.0,13,1
15453188,60,11,5,1,20,2,4.0,23,1
15453817,65,11,4,1,1,2,4.0,20,1
15454300,60,11,4,1,20,2,4.0,21,1
15455008,35,11,1,1,1,9,4.0,1,1
15455512,45,11,1,1,5,2,4.0,20,1
15455564,50,11,1,1,5,2,1.0,10,1
15457213,65,12,4,1,20,2,4.0,20,1
15460696,65,11,4,1,20,2,4.0,20,1
15461026,50,12,4,1,5,2,1.0,10,1
15466477,65,11,4,1,20,2,4.0,20,1
15468583,60,11,5,1,20,2,4.0,22,1
15468630,15,11,1,1,1,7,3.0,2,2
15469500,45,11,1,1,20,2,4.0,21,1
15471060,50,12,2,2,5,2,1.0,24,1
15471944,60,11,1,1,20,2,4.0,21,1
15472075,60,12,1,2,20,2,4.0,20,1
15472092,60,11,1,1,20,2,4.0,20,1
15473429,50,12,1,1,20,2,4.0,22,1
15473430,50,12,1,1,9,2,2.0,22,1
15473824,55,2,4,2,1,2,4.0,21,1
15474236,45,2,1,2,5,2,2.0,20,1
15475092,65,12,5,2,20,2,4.0,20,1
15475395,60,11,4,1,1,2,4.0,21,1
15477223,60,11,3,1,1,2,4.0,20,1
15477465,50,2,4,2,1,2,4.0,22,1
15477598,45,12,1,1,20,2,2.0,22,1
15478986,45,11,1,1,1,2,4.0,21,1
15479085,45,2,4,2,5,2,2.0,22,1
15480994,60,11,1,1,20,2,4.0,21,1
15482171,45,12,1,1,20,2,4.0,21,1
15482943,45,2,1,2,5,2,1.0,10,1
15484191,45,12,1,0,1,2,4.0,20,1
15484941,55,11,5,1,1,2,4.0,21,1
15488099,45,12,1,1,1,2,4.0,20,1
15488203,50,12,4,1,20,2,4.0,21,1
15488837,60,12,1,1,20,2,4.0,20,1
15489992,60,11,4,1,20,2,4.0,21,1
15490258,60,12,4,1,20,2,4.0,20,1
15491153,45,11,4,1,5,2,4.0,20,1
15492646,45,11,1,1,20,2,4.0,20,1
15492649,45,11,1,1,20,2,4.0,22,1
15493270,60,12,1,1,20,2,4.0,20,1
15494097,60,2,4,2,20,7,4.0,1,2
15495445,60,12,4,2,20,7,2.0,1,2
15496302,35,11,0,1,1,2,4.0,20,1
15497552,60,11,1,1,20,2,4.0,21,1
15497581,65,11,1,1,1,7,4.0,1,1
15497770,50,12,3,1,1,2,2.0,10,1
15498006,45,12,1,1,5,2,1.0,24,1
15500290,50,11,4,1,1,2,4.0,20,1
15501341,45,11,5,1,20,2,2.0,20,1
15501516,65,11,4,1,1,2,4.0,20,1
15502463,40,12,1,1,20,2,4.0,20,1
15503451,65,11,1,1,20,2,2.0,10,1
15505119,50,11,4,1,20,2,4.0,21,1
15509248,5,11,5,1,1,2,4.0,22,1
15509440,65,12,1,1,20,2,4.0,20,1
15509616,50,12,1,1,20,2,4.0,21,1
15509746,60,12,1,1,20,2,4.0,20,1
15511775,30,12,1,1,20,2,4.0,31,1
15512116,60,11,1,1,20,2,4.0,20,1
15515011,60,12,1,1,20,2,4.0,21,1
15515879,60,11,1,1,20,7,4.0,1,2
15521338,45,11,1,1,20,2,2.0,24,1
15536580,60,11,1,1,20,2,4.0,20,1
15603391,65,11,1,1,20,2,4.0,20,1
15626104,60,11,1,1,11,2,4.0,20,1
15626108,65,11,4,1,20,7,4.0,1,2
15626134,45,2,4,2,20,7,4.0,1,2
15626161,60,12,5,1,20,2,4.0,21,1
15626208,60,2,4,2,20,7,4.0,1,4
15626252,60,11,5,1,20,2,4.0,20,1
15626254,35,12,1,1,5,2,1.0,10,1
15626275,60,11,1,1,20,7,4.0,1,4
15626297,65,11,5,1,16,7,4.0,1,4
15626321,60,11,1,1,20,2,4.0,21,1
15626353,60,12,1,1,20,2,4.0,21,1
15626379,60,11,4,2,20,2,4.0,21,1
15626392,60,11,4,1,11,2,4.0,20,1
15626566,60,12,1,1,17,2,4.0,20,1
15628815,65,12,1,1,20,7,2.0,1,2
15632636,60,12,1,1,20,2,4.0,20,1
16146445,65,11,1,1,20,2,4.0,20,1
15521869,50,11,1,1,20,2,4.0,20,1
15522427,40,11,1,1,5,2,2.0,22,1
15523402,60,11,1,1,20,2,4.0,20,1
15526690,60,12,1,1,20,7,4.0,1,2
15526697,45,11,1,2,9,2,1.0,14,1
15532863,65,11,4,1,20,2,4.0,22,1
15534900,60,11,4,1,20,2,4.0,21,1
15535902,50,12,1,1,20,2,4.0,21,1
15537363,35,11,1,1,5,2,2.0,20,1
15537429,45,11,4,1,20,2,3.0,13,1
15538080,45,12,1,1,5,2,1.0,24,1
15538699,60,11,1,1,11,2,4.0,21,1
15538777,45,11,1,1,20,2,4.0,20,1
15540472,60,2,4,2,20,2,4.0,20,1
15542219,60,2,4,2,20,2,4.0,22,3
15542266,60,11,4,1,1,2,4.0,21,1
15546059,45,2,1,2,5,2,1.0,10,1
15546083,50,12,1,1,20,2,4.0,21,1
15549212,60,12,1,0,1,2,4.0,20,1
15549652,60,11,1,1,20,2,4.0,20,1
15551117,35,11,1,1,5,2,1.0,10,1
15551517,60,12,5,1,20,2,4.0,20,1
15552144,40,2,6,2,20,2,4.0,20,1
15554356,45,2,4,2,5,2,1.0,10,1
15555546,45,11,1,1,20,2,1.0,28,1
15555663,65,11,4,1,20,2,4.0,20,1
15557208,60,11,4,1,20,2,2.0,20,1
15558423,65,12,4,1,20,2,4.0,22,1
15559016,60,11,1,1,20,2,4.0,20,1
15559478,35,11,1,1,5,2,2.0,28,1
15559486,40,2,1,2,11,2,4.0,20,1
15562791,50,11,4,1,20,2,1.0,28,1
15564400,15,11,1,1,9,2,2.0,20,1
15565120,60,11,3,1,20,7,4.0,1,2
15565289,65,11,1,1,20,2,4.0,20,1
15565594,45,11,1,1,9,2,2.0,28,1
15566209,40,11,1,1,5,2,2.0,22,1
15567800,40,11,1,1,5,2,1.0,24,1
15567906,35,12,1,1,20,2,1.0,28,1
15568061,60,11,1,1,20,2,4.0,21,1
15568333,40,11,4,1,5,2,1.0,24,1
15568602,45,11,1,1,5,2,1.0,10,1
15569945,60,11,6,1,20,2,4.0,22,1
15569983,60,11,4,1,1,2,4.0,21,1
15570881,65,12,6,1,20,7,4.0,1,4
15571120,45,11,1,1,20,2,4.0,21,1
15571482,45,11,4,1,1,7,4.0,3,2
15572090,35,11,4,2,5,2,1.0,10,1
15572768,50,12,1,1,20,2,4.0,20,1
15574158,65,12,1,1,20,2,4.0,20,1
15574186,60,11,1,1,20,2,4.0,20,1
15578643,40,11,3,1,5,7,4.0,1,4
15580028,60,11,1,1,20,2,4.0,20,1
15580256,60,11,1,1,1,2,4.0,20,1
15581594,60,11,1,1,20,2,4.0,22,1
15582233,45,11,5,1,20,2,4.0,20,1
15582240,65,11,4,1,20,2,4.0,22,1
15582276,45,11,1,1,1,2,4.0,20,1
15582499,45,12,1,1,1,2,4.0,20,1
15583267,45,12,4,1,20,7,4.0,1,2
15583338,65,11,4,1,1,2,4.0,21,1
15584060,60,11,1,1,20,2,4.0,20,1
15584142,55,12,4,1,5,2,1.0,24,1
15585331,60,12,1,1,11,2,4.0,20,1
15585857,65,11,1,1,20,6,4.0,1,1
15588293,45,11,4,1,20,7,4.0,1,2
15588333,60,11,1,1,20,2,4.0,20,1
15589829,65,12,1,1,20,2,4.0,21,1
15589833,45,12,1,1,20,2,4.0,21,1
15589835,60,11,1,1,20,2,4.0,20,1
15590545,55,11,1,1,1,2,4.0,20,1
15590866,65,11,4,1,20,2,4.0,22,1
15592625,50,11,4,1,20,7,4.0,1,2
15592772,60,11,1,1,20,2,4.0,22,1
15594136,60,2,1,2,1,2,4.0,21,1
15594754,60,12,3,1,20,2,4.0,22,1
15595115,65,11,1,1,20,7,4.0,4,1
15595968,50,11,1,1,20,7,4.0,1,4
15597633,50,11,1,1,20,2,4.0,22,1
15598658,65,2,1,2,20,2,4.0,20,1
15598719,45,11,1,1,1,2,1.0,24,1
15599174,35,11,3,1,5,1,2.0,2,1
15599548,60,12,3,1,20,2,4.0,21,1
15599558,60,12,4,1,20,2,4.0,20,1
15601346,45,11,1,1,11,2,2.0,20,1
15601545,60,11,4,1,20,2,4.0,22,1
15601554,65,11,4,1,20,2,4.0,22,1
15602687,60,11,1,1,20,2,1.0,13,1
15603438,50,11,5,1,5,2,1.0,24,1
15605182,60,11,4,1,20,2,4.0,20,1
15605606,60,12,1,1,20,2,4.0,20,1
15605923,45,12,4,1,5,2,1.0,24,1
15606280,45,12,4,2,20,2,1.0,28,1
15606544,60,11,1,1,20,2,4.0,20,1
15606572,60,12,6,1,20,2,4.0,21,1
15607498,65,11,1,1,20,7,4.0,1,2
15607683,45,12,1,1,20,2,4.0,21,1
15610655,60,11,1,1,20,2,4.0,21,1
15612037,60,12,1,1,1,2,4.0,21,1
15616199,60,11,1,1,20,2,4.0,20,1
15616674,60,11,1,1,20,2,4.0,22,1
15618374,60,11,1,1,1,2,4.0,20,1
15619367,60,11,4,1,1,2,4.0,22,1
15619589,60,11,1,1,20,2,4.0,20,1
15620487,45,2,1,2,20,2,4.0,21,1
15625464,45,11,1,1,20,2,4.0,22,1
15625465,45,11,1,1,5,2,3.0,13,1
15626373,45,11,4,1,20,2,4.0,22,1
15626395,60,11,4,1,20,2,4.0,21,1
15626409,60,12,4,1,20,2,4.0,20,1
15626594,60,11,1,1,20,2,4.0,21,1
15626643,50,12,1,1,11,7,3.0,1,2
15626677,60,11,4,1,20,7,4.0,1,2
15627716,60,12,1,1,20,2,4.0,20,1
15627907,40,2,1,2,9,2,4.0,14,1
15629457,45,11,5,1,20,2,2.0,13,1
15629498,45,12,1,1,11,2,4.0,20,1
15629504,60,11,4,1,20,2,4.0,20,1
15631843,65,11,3,1,20,2,4.0,20,1
15633172,60,2,4,2,1,7,2.0,1,2
15635896,65,11,1,1,20,2,4.0,21,1
15635898,65,12,1,1,20,2,4.0,21,1
15638103,60,11,4,1,21,8,4.0,1,1
15638754,45,2,4,2,20,2,4.0,20,1
15638760,60,2,6,2,1,2,4.0,20,1
15639027,60,11,1,1,20,2,4.0,20,1
15639526,45,2,1,2,5,2,1.0,28,1
15642920,30,11,1,1,20,2,2.0,23,1
15644298,60,11,1,1,11,2,4.0,21,1
15644553,60,11,1,1,20,2,4.0,20,1
15644663,45,11,4,1,20,7,4.0,1,2
15645887,60,11,1,1,20,7,4.0,1,4
15648319,40,12,1,2,20,2,4.0,20,1
15648543,35,12,1,1,5,2,1.0,24,1
15649682,45,11,1,1,9,2,4.0,14,1
15649964,65,11,1,1,20,2,4.0,20,1
15650541,60,11,1,1,20,2,4.0,22,1
15650751,45,11,1,1,20,7,4.0,1,2
15651212,45,11,3,1,1,2,4.0,21,1
15651543,65,11,1,1,20,2,4.0,22,1
15653282,50,12,2,1,20,2,4.0,21,1
15656700,60,11,1,1,20,2,4.0,22,1
15656746,40,11,4,1,8,7,2.0,1,2
15656828,60,11,1,1,20,2,4.0,20,1
15658916,60,11,4,1,20,1,4.0,4,1
15659467,60,11,1,1,20,2,4.0,20,1
15659468,45,12,1,1,20,2,4.0,16,1
15659506,50,11,1,1,5,2,1.0,21,1
15660624,45,11,1,1,20,7,4.0,1,2
15660874,40,11,1,1,11,2,4.0,20,1
15660975,45,11,1,1,9,2,4.0,14,1
15663255,65,12,1,1,1,2,4.0,20,1
15663744,60,11,1,1,20,2,4.0,20,1
15664471,50,11,1,1,20,2,4.0,20,1
15664495,50,11,1,1,20,2,1.0,24,1
15665038,60,11,1,1,20,2,4.0,20,1
15665205,60,11,1,1,20,2,4.0,20,1
15667157,65,11,1,1,20,2,4.0,20,1
15667182,35,11,1,1,20,2,4.0,22,1
15667323,65,11,1,1,20,2,4.0,20,1
15667556,60,11,3,1,20,7,2.0,1,2
15667984,45,2,1,2,1,2,4.0,21,1
15669852,-1,11,1,1,5,2,1.0,10,1
15671318,40,11,1,1,1,2,4.0,20,1
15671590,30,12,1,1,21,2,2.0,22,1
15672342,60,11,1,1,20,2,4.0,20,1
15672486,65,2,4,2,20,2,4.0,20,1
15672561,45,11,4,1,20,7,2.0,1,2
15672780,60,11,1,1,20,2,4.0,20,1
15673008,60,12,1,1,1,2,4.0,20,1
15673643,45,11,1,1,1,2,4.0,21,1
15673963,60,12,5,1,20,9,4.0,1,2
15674110,60,11,1,1,1,2,4.0,20,1
15676439,60,11,1,1,20,2,4.0,20,1
15676631,65,11,1,1,1,2,4.0,20,1
15677180,60,11,4,1,20,2,4.0,21,1
15678956,70,11,1,1,20,2,4.0,21,1
15680002,60,11,1,1,20,2,4.0,20,1
15680872,35,11,4,1,5,2,4.0,20,1
15681149,50,11,1,1,5,2,1.0,28,1
15682051,45,12,1,1,11,2,4.0,22,1
15683551,40,11,4,1,5,2,2.0,22,1
15684718,60,11,1,1,20,2,4.0,22,1
15686977,60,11,1,1,1,2,4.0,20,1
15690594,60,11,4,1,20,2,4.0,20,1
15690597,60,11,4,1,20,2,4.0,20,1
15691550,65,11,4,1,20,2,4.0,20,1
15693707,60,12,1,1,20,2,4.0,21,1
15694200,60,11,1,1,20,2,4.0,20,1
15694966,45,12,1,1,20,2,4.0,21,1
15695934,65,11,1,1,1,2,4.0,22,1
15696310,45,12,1,1,20,2,4.0,22,1
15696655,60,11,4,1,20,7,4.0,1,2
15697136,45,11,4,1,20,2,1.0,24,1
15697179,55,11,4,1,20,7,4.0,1,2
15697184,45,11,4,1,20,7,4.0,1,2
15698018,45,11,1,1,20,2,4.0,20,1
15698089,60,12,1,1,20,2,4.0,20,1
15700951,60,12,1,1,20,2,4.0,20,1
15701019,60,11,1,1,20,2,4.0,20,1
15701264,60,12,1,1,20,2,4.0,22,1
15703501,45,11,1,1,20,2,4.0,20,1
15703779,60,11,1,1,20,2,4.0,21,1
15703793,60,12,4,1,11,7,2.0,1,2
15703973,40,11,1,1,20,2,4.0,21,1
15703984,45,11,1,1,20,2,4.0,20,1
15704262,60,11,1,1,20,2,4.0,21,1
15707198,45,11,1,1,20,2,4.0,22,1
15707442,65,11,1,1,20,2,4.0,21,1
15708370,60,12,1,1,20,2,2.0,20,1
15708606,45,11,1,1,20,2,4.0,21,1
15710520,60,2,1,2,20,2,4.0,20,1
15715110,65,11,1,1,1,2,4.0,21,1
15715847,40,11,1,1,20,2,4.0,21,1
15716121,45,11,5,1,9,2,2.0,20,1
15716271,60,11,1,1,20,2,4.0,20,1
15716478,60,11,1,1,20,2,4.0,20,1
15717538,40,2,1,2,20,2,4.0,21,1
15717547,60,11,1,1,20,2,4.0,22,1
15719605,60,11,1,1,1,2,4.0,20,1
15719606,60,11,1,1,20,2,4.0,21,1
15719706,65,11,1,1,1,2,2.0,20,1
15720558,50,12,1,1,20,2,4.0,22,1
15723036,50,12,1,1,20,2,4.0,22,1
15723438,45,11,1,1,20,2,4.0,20,1
15723454,65,11,4,1,1,2,4.0,20,1
15723464,45,2,1,2,20,2,4.0,22,1
15724253,45,12,1,1,20,2,2.0,20,1
15724321,60,11,1,1,11,2,4.0,20,1