Crash_ID,Crash_Speed_Limit,Wthr_Cond_ID,Light_Cond_ID,Surf_Cond_ID,Traffic_Cntl_ID,Harm_Evnt_ID,Intrsct_Relat_ID,FHE_Collsn_ID,Road_Relat_ID
16218999,45,11,1,1,9,2,4.0,14,1
16220293,45,12,1,1,5,2,1.0,24,1
16220865,45,12,1,1,5,2,1.0,21,1
16221336,60,11,4,1,20,2,2.0,20,1
16223312,45,11,1,1,11,2,2.0,13,1
16224129,45,11,1,1,20,7,4.0,3,2
16225888,55,11,3,1,20,7,4.0,1,2
16226086,40,11,1,1,20,2,1.0,24,1
16226581,45,12,1,1,9,2,2.0,22,1
16227785,60,11,4,1,1,2,4.0,20,1
16228055,45,11,1,1,5,2,1.0,24,1
16232246,60,5,1,2,20,2,4.0,21,1
16234315,45,11,1,1,8,2,3.0,13,1
16235453,60,11,1,1,20,2,4.0,20,1
16237624,60,2,1,2,20,2,4.0,22,1
16237925,65,12,4,1,20,2,4.0,20,1
16238117,40,2,1,2,20,2,4.0,22,1
16239135,50,11,1,1,20,2,1.0,23,1
16239624,60,12,1,1,20,2,4.0,20,1
16241278,70,12,1,1,11,2,4.0,20,1
16241318,35,2,1,2,20,2,4.0,20,1
16241509,45,11,3,1,20,7,4.0,1,4
16241889,-1,3,1,6,20,4,4.0,1,3
16242117,60,11,1,1,20,2,4.0,20,1
16242691,45,3,1,6,20,7,4.0,1,4
16243469,60,12,1,1,1,2,2.0,20,1
16243514,40,12,1,2,20,2,1.0,24,1
16244156,60,12,1,1,20,2,4.0,20,1
16244973,50,11,4,1,20,2,4.0,20,1
16244974,50,11,4,1,20,2,4.0,20,1
16247187,45,12,1,1,20,2,1.0,23,1
16247334,35,11,1,1,1,2,4.0,20,1
16249123,5,2,1,2,20,2,4.0,21,1
16249127,45,2,1,2,20,2,4.0,20,1
16249328,60,2,4,1,20,7,4.0,1,4
16250836,65,11,1,1,20,2,4.0,22,1
16251926,70,12,1,2,11,2,4.0,20,1
16251958,30,12,1,1,11,2,4.0,20,1
16253152,45,11,1,1,20,2,4.0,20,1
16253418,60,12,4,1,11,2,4.0,20,1
16253422,50,12,1,1,20,2,4.0,21,1
16254109,65,11,1,1,20,2,4.0,20,1
16255182,40,11,1,1,20,2,4.0,21,1
16257923,65,11,4,1,20,2,4.0,22,1
16260774,60,11,1,1,20,2,4.0,21,1
16261950,65,3,1,6,20,2,4.0,21,1
16262266,60,12,0,1,20,8,4.0,1,1
16264419,45,12,1,1,20,2,4.0,20,1
16264850,50,12,5,1,5,2,4.0,21,1
16265333,45,11,1,1,20,2,1.0,24,1
16266504,45,11,1,1,20,2,2.0,25,1
16266775,60,11,1,1,20,2,4.0,20,1
16266789,40,2,1,2,20,2,4.0,20,1
16268647,65,12,1,1,1,2,4.0,20,1
16268667,60,12,1,1,20,2,4.0,20,1
16268944,40,11,1,1,20,2,2.0,22,1
16271124,65,11,1,1,20,2,4.0,21,1
16271551,45,11,1,1,20,2,4.0,20,1
16271561,60,2,4,2,20,7,4.0,1,2
16272465,40,11,1,1,5,2,1.0,24,1
16273544,60,11,1,1,20,2,4.0,21,1
16274402,45,11,1,1,5,2,1.0,28,1
16275494,45,11,1,1,20,2,1.0,24,1
16275681,60,11,1,1,20,2,4.0,21,1
16276066,65,11,1,1,11,2,4.0,20,1
16278807,60,11,1,1,20,2,4.0,21,1
16285822,65,11,4,1,20,7,4.0,1,2
16285930,60,11,1,1,1,2,4.0,21,1
16286393,45,12,1,2,20,2,1.0,23,1
16286967,65,11,1,1,20,2,4.0,20,1
16287946,60,12,1,1,11,2,4.0,20,1
16289030,45,12,4,1,20,2,4.0,20,1
16290314,55,0,1,0,5,2,4.0,21,1
16290458,60,11,1,1,20,2,4.0,20,1
16292741,45,11,1,1,20,2,4.0,21,1
16293874,60,12,1,1,20,2,4.0,20,1
16294106,40,11,1,1,5,2,2.0,22,1
16294598,45,11,1,1,20,2,4.0,21,1
16294991,40,11,1,1,20,2,4.0,21,1
16295063,55,11,1,1,1,2,4.0,21,1
16295066,65,11,1,1,20,2,4.0,22,1
16296619,60,12,1,1,20,2,4.0,20,1
16296824,65,12,4,1,20,2,4.0,21,1
16297027,45,11,1,1,20,2,3.0,10,1
16297305,45,0,0,0,1,2,4.0,21,1
16297580,35,11,1,1,20,2,2.0,22,1
16298529,60,11,1,1,1,2,4.0,20,1
16298772,45,11,1,1,5,2,1.0,24,1
16299457,60,11,1,1,20,2,4.0,20,1
16300635,45,11,1,1,20,2,4.0,21,1
16300679,60,11,1,1,20,2,4.0,20,1
16300696,60,11,1,1,20,2,4.0,20,1
16300718,60,11,1,1,20,7,4.0,1,4
16300907,65,11,4,1,20,2,4.0,20,1
16300914,60,12,4,1,20,7,4.0,1,2
16302451,45,11,6,1,5,2,1.0,24,1
16302501,45,11,1,1,20,10,4.0,2,1
16302701,50,11,1,1,5,2,1.0,10,1
16302722,60,11,1,1,20,2,4.0,21,1
16303155,45,11,1,1,20,2,1.0,28,1
16303943,45,11,1,1,1,2,4.0,21,1
16304488,60,11,4,1,20,7,2.0,1,2
16304741,65,11,1,1,20,2,1.0,10,1
16306346,65,11,1,1,20,2,4.0,20,1
16307088,45,11,4,1,5,2,1.0,24,1
16307350,45,11,1,1,20,2,4.0,21,1
16307937,50,11,1,1,5,2,1.0,24,1
16308509,60,12,1,2,20,2,4.0,20,1
16308525,65,2,1,2,20,2,4.0,22,1
16308728,40,11,1,1,9,2,4.0,22,1
16309644,60,11,4,1,20,7,4.0,1,2
16309734,60,11,1,1,20,2,4.0,20,1
16310989,50,11,1,1,20,2,4.0,20,1
16311341,45,11,1,1,20,2,4.0,20,1
16311556,65,11,4,1,20,8,4.0,1,1
16312348,60,11,1,1,11,2,4.0,21,1
16314239,60,11,4,1,20,2,4.0,20,1
16315132,60,11,1,1,11,2,4.0,20,1
16315163,60,11,1,1,20,2,4.0,20,1
16315170,60,11,1,1,20,7,4.0,1,2
16315233,60,11,3,1,20,2,4.0,21,1
16315240,60,11,1,1,20,2,4.0,21,1
16315279,45,11,1,1,20,2,1.0,10,1
16315802,35,11,1,1,5,2,1.0,28,1
16318121,60,11,1,1,1,2,4.0,20,1
16318433,60,11,1,1,20,2,4.0,20,1
16318690,45,11,1,1,20,2,1.0,24,1
16319456,-1,11,4,1,1,7,4.0,1,4
16319501,45,12,5,1,5,2,1.0,28,1
16321305,45,11,1,1,20,2,4.0,20,1
16321776,50,11,1,1,3,2,1.0,24,1
16323414,45,11,1,1,20,2,1.0,24,1
16324829,60,11,1,1,20,2,4.0,21,1
16324874,60,11,1,1,11,2,4.0,22,1
16327277,60,11,1,1,1,2,4.0,21,1
16327351,45,11,1,1,20,2,1.0,28,1
16327985,65,11,1,1,20,2,4.0,22,1
16328300,45,11,4,1,5,2,4.0,20,1
16328303,40,11,1,1,5,2,4.0,20,1
16328602,60,11,4,1,20,2,4.0,20,1
16330873,60,11,1,1,20,2,4.0,20,1
16331991,45,11,1,1,20,2,4.0,20,1
16333449,35,11,1,1,1,2,1.0,34,1
16334604,45,11,4,1,5,2,2.0,22,1
16334637,50,11,3,1,20,8,4.0,1,1
16335929,60,11,1,1,20,2,4.0,22,1
16336289,5,11,4,1,20,2,2.0,20,1
16336812,60,11,6,1,20,2,4.0,21,1
16336970,45,11,4,1,5,2,1.0,10,1
16340525,60,11,1,1,20,2,4.0,20,1
16340639,45,11,5,2,5,2,1.0,24,1
16340725,35,2,4,2,1,7,4.0,1,2
16341163,40,11,1,1,20,2,4.0,21,1
16341550,60,11,4,1,20,2,4.0,21,1
16341863,60,12,1,1,11,2,4.0,21,1
16342439,65,11,1,1,20,2,4.0,20,1
16342449,55,11,4,1,20,2,4.0,21,1
16342716,45,11,1,1,20,2,4.0,21,1
16345084,60,11,3,1,1,2,4.0,22,1
16345318,65,12,1,1,20,2,4.0,20,1
16345594,45,11,4,1,5,2,1.0,34,1
16347526,60,2,4,2,20,7,4.0,1,4
16348399,60,11,1,1,20,2,4.0,22,1
16350247,65,11,1,1,20,2,4.0,21,1
16351605,50,11,4,1,5,7,2.0,1,4
16351606,65,11,4,1,1,7,4.0,1,4
16352723,60,11,1,1,1,2,4.0,21,1
16353012,45,11,1,1,20,2,4.0,20,1
16353238,60,11,1,1,20,2,4.0,20,1
16353310,30,11,1,1,5,2,1.0,24,1
16354573,60,11,1,1,20,2,4.0,21,1
16354648,60,11,3,1,20,8,4.0,1,1
16354738,60,11,1,1,20,2,4.0,20,1
16361287,60,11,1,1,20,2,4.0,21,1
16361299,45,11,1,1,20,2,4.0,20,1
16361340,45,11,1,1,5,2,1.0,14,1
16361747,45,11,1,1,5,2,1.0,24,1
16364497,60,11,1,1,20,2,4.0,22,1
16364524,60,11,1,1,20,2,4.0,20,1
16364972,65,11,1,1,1,2,4.0,20,1
16365295,55,11,1,1,1,2,4.0,20,1
16365555,65,12,1,1,20,2,4.0,20,1
16368996,65,11,2,1,20,2,4.0,22,1
16371223,45,11,4,1,20,2,2.0,20,1
16372136,60,11,1,1,20,2,4.0,20,1
16372203,60,11,1,1,20,2,4.0,20,1
16373623,45,11,1,1,9,2,4.0,20,1
16373948,45,11,1,1,20,2,1.0,34,1
16375792,60,11,1,1,20,2,4.0,20,1
16375880,40,2,4,2,20,2,4.0,20,1
16376344,60,11,1,1,1,2,4.0,20,1
16377934,50,11,4,1,5,2,1.0,10,1
16378477,45,11,1,1,20,2,4.0,22,1
16378526,55,11,1,1,20,2,4.0,20,1
16378820,45,11,1,1,20,2,3.0,13,1
16384294,40,12,1,1,5,2,4.0,20,1
16384735,60,11,1,1,20,2,4.0,20,1
16384900,50,11,1,1,2,2,1.0,24,1
16385309,70,12,1,1,11,2,4.0,20,1
16385729,45,11,4,1,5,2,1.0,13,1
16386360,60,11,1,1,20,7,4.0,1,4
16388508,65,11,1,1,20,2,4.0,20,1
16389583,60,11,1,1,20,2,4.0,20,1
16389740,45,12,1,1,20,2,4.0,20,1
16390085,65,11,1,1,1,2,4.0,20,1
16390260,50,11,1,1,20,2,4.0,22,1
16390273,35,11,1,1,20,2,4.0,20,1
16390303,45,11,1,1,8,2,1.0,13,1
16390558,45,11,4,1,5,2,1.0,10,1
16391635,45,12,1,1,5,2,1.0,24,1
16391647,45,11,1,1,20,2,1.0,24,1
16392569,40,12,1,1,20,2,4.0,21,1
16392591,45,11,1,1,5,2,1.0,36,1
16394926,45,11,4,1,5,2,2.0,22,1
16395003,60,11,4,1,20,2,4.0,20,1
16395744,50,11,1,1,1,2,4.0,20,1
16396870,65,11,1,1,20,2,4.0,20,1
16396979,65,11,1,1,20,2,4.0,21,1
16397018,45,12,1,1,20,2,2.0,25,1
16399488,60,11,4,1,20,2,4.0,21,1
16401315,45,11,1,1,5,2,1.0,24,1
16402616,60,11,1,1,20,2,4.0,20,1
16402622,60,12,1,1,20,7,2.0,1,2
16402893,60,12,1,1,11,2,4.0,20,1
16403341,65,11,1,1,20,2,4.0,20,1
16403428,60,11,4,1,20,2,4.0,21,1
16403437,65,11,1,1,20,2,4.0,20,1
16404062,65,11,1,1,20,2,4.0,20,3
16404127,45,11,1,1,5,2,1.0,24,1
16404868,60,12,1,1,20,2,4.0,21,1
16405073,65,11,1,1,20,2,4.0,20,1
16407907,60,11,1,1,20,2,4.0,20,1
16410701,60,11,1,1,20,2,4.0,20,1
16410725,60,11,1,1,20,2,4.0,21,1
16410790,60,11,1,1,20,2,4.0,20,1
16410802,60,11,1,1,20,2,4.0,20,1
16410828,45,11,1,1,20,2,3.0,13,1
16410834,45,11,4,1,5,2,2.0,22,1
16410859,40,11,1,1,5,2,2.0,20,1
16410960,35,11,1,1,1,2,4.0,21,1
16412221,45,11,1,1,17,2,1.0,28,1
16412942,40,11,1,1,20,2,4.0,22,1
16413149,60,11,1,1,20,2,4.0,21,1
16414167,60,11,1,1,20,2,4.0,21,1
16414548,60,11,1,1,20,2,4.0,21,1
16414769,60,11,1,1,20,2,4.0,22,1
16414782,60,11,1,1,20,2,4.0,22,1
16417386,45,11,1,1,1,2,4.0,21,1
16417706,35,11,1,1,5,2,2.0,22,1
16420208,45,11,6,1,5,2,4.0,21,1
16420225,45,11,1,1,1,2,4.0,21,1
16420716,60,11,1,1,20,2,4.0,21,1
16420763,60,11,1,1,20,2,4.0,20,1
16420992,60,11,1,1,20,2,4.0,21,1
16421211,60,12,1,1,1,2,4.0,20,1
16425293,50,11,3,1,5,2,1.0,23,1
16426765,30,12,1,1,9,2,4.0,20,1
16431151,60,11,1,1,20,2,4.0,20,1
16432432,30,11,4,1,20,7,4.0,1,2
16432712,45,11,1,1,5,2,1.0,24,1
16433167,60,11,1,1,20,2,4.0,21,1
16434950,65,11,4,1,20,2,4.0,20,1
16438000,60,11,4,1,20,2,4.0,21,1
16438460,50,11,1,1,16,2,1.0,13,1
16440258,65,11,4,1,20,2,4.0,21,1
16440311,45,11,1,1,1,2,4.0,21,1
16440712,60,11,1,1,1,2,4.0,20,1
16441836,45,0,5,0,5,2,1.0,24,1
16441843,60,11,1,1,20,7,4.0,1,2
16442627,45,11,1,1,20,2,1.0,24,1
16443287,45,11,1,1,20,2,1.0,10,1
16443388,65,11,1,1,1,2,4.0,20,1
16446405,65,11,1,1,20,2,4.0,21,1
16446802,45,11,1,1,5,2,1.0,28,1
16449038,50,11,4,1,20,2,4.0,20,1
16449680,60,11,1,1,20,2,4.0,21,1
16449808,60,11,4,1,20,2,4.0,21,1
16449809,60,11,4,1,20,2,4.0,21,1
16450078,45,11,1,1,20,2,1.0,24,1
16451038,60,11,1,1,20,7,4.0,1,2
16453892,60,11,1,1,20,2,4.0,20,1
16455510,35,12,1,1,5,2,2.0,13,1
16456711,65,11,1,1,20,2,4.0,22,3
16457502,60,11,1,1,20,2,4.0,21,1
16458079,65,11,4,1,20,7,4.0,1,4
16459683,50,11,1,1,1,2,4.0,22,1
16460736,45,11,4,1,1,7,4.0,1,2
16461344,60,11,1,1,20,2,4.0,20,1
16463273,60,11,4,1,20,2,4.0,21,1
16463303,45,11,1,1,1,2,4.0,21,1
16463659,50,11,1,1,1,2,1.0,24,1
16464751,60,11,1,1,1,2,4.0,20,1
16467287,55,11,1,1,20,2,4.0,22,1
16467380,60,2,1,2,20,2,4.0,20,1
16467708,60,11,1,1,20,2,4.0,20,1
16469322,60,12,1,1,20,2,4.0,20,1
16469530,60,11,1,1,1,2,4.0,20,1
16469589,65,11,1,1,20,2,4.0,20,1
16469857,60,11,4,1,20,2,4.0,21,1
16469986,40,11,1,1,5,2,2.0,20,1
16469987,40,11,1,1,20,2,4.0,22,1
16471198,65,11,1,1,20,2,4.0,20,1
16471608,60,11,1,1,20,2,4.0,21,1
16471793,60,11,4,1,20,2,4.0,20,1
16472224,60,11,1,1,20,2,4.0,21,1
16473860,60,0,4,0,20,2,4.0,21,1
16474277,50,11,1,1,5,2,1.0,24,1
16474458,70,11,1,1,11,2,4.0,20,1
16475644,-1,11,1,1,9,2,4.0,22,1
16476025,60,11,1,1,20,2,4.0,20,1
16476122,60,12,1,1,20,2,4.0,20,1
16476585,60,2,1,2,1,2,4.0,20,1
16476982,65,11,1,1,1,2,4.0,20,1
16477191,60,12,1,1,20,2,4.0,21,1
16479565,60,12,1,1,1,2,4.0,20,1
16482237,65,12,1,1,20,2,4.0,20,1
16482703,60,11,1,1,20,2,4.0,20,1
16482734,60,2,1,2,20,2,4.0,20,1
16483924,45,11,1,1,5,2,1.0,24,1
16486408,60,12,1,2,20,2,4.0,21,1
16486513,65,11,1,1,20,2,4.0,20,1
16488584,60,2,1,2,1,2,4.0,21,1
16491075,40,11,1,1,20,2,4.0,22,1
16492850,60,11,1,1,20,2,4.0,20,1
16493073,70,11,1,1,20,2,4.0,20,1
16494828,45,11,4,1,1,2,2.0,22,1
16495246,60,11,1,1,20,2,4.0,20,1
16495447,60,11,1,1,20,2,4.0,20,1
16495638,50,11,3,1,20,2,1.0,24,1
16497926,45,11,1,1,21,2,2.0,22,1
16498122,50,11,1,1,20,2,1.0,10,1
16498860,40,11,1,1,5,2,1.0,23,1
16499780,60,11,1,1,1,2,4.0,22,1
16500214,45,11,1,1,20,2,4.0,21,1
16500536,45,11,1,1,20,2,4.0,20,1
16500568,30,11,1,1,5,2,1.0,24,1
16501978,60,11,1,1,20,2,4.0,20,1
16506515,45,11,1,1,1,2,2.0,20,1
16507248,60,11,1,1,20,2,4.0,20,1
16507455,55,12,1,1,20,2,4.0,21,1
16510071,50,11,1,1,20,7,4.0,1,2
16511047,45,11,1,1,5,2,1.0,10,1
16511419,35,2,1,2,1,2,2.0,25,1
16512224,65,11,1,1,20,2,4.0,20,1
16512265,60,11,1,1,1,2,4.0,20,1
16512273,50,11,1,1,1,2,4.0,20,1
16512623,65,12,1,1,20,2,4.0,20,1
16513027,50,12,1,1,20,2,4.0,21,1
16513303,60,12,1,1,20,2,4.0,20,1
16514760,60,12,1,1,20,2,4.0,22,1
16516982,60,11,1,1,20,2,4.0,22,1
16518322,65,11,1,1,20,2,4.0,21,1
16519144,45,12,1,2,20,2,2.0,22,1
16520508,65,12,4,1,11,2,4.0,21,1
16520587,65,11,1,1,11,2,4.0,22,1
16522247,60,11,1,1,1,2,4.0,21,1
16522262,65,11,1,1,1,2,2.0,20,1
16523930,60,11,4,1,20,2,4.0,20,1
16525249,65,11,1,1,20,2,4.0,20,1
16525288,45,11,1,1,20,2,4.0,21,1
16527264,60,11,1,1,20,2,4.0,20,1
16528255,60,11,1,1,20,2,4.0,22,1
16528334,60,12,1,1,1,2,4.0,20,1
16528754,45,11,1,1,20,2,1.0,24,1
16528914,60,11,1,1,20,2,4.0,20,1
16530315,65,11,1,1,20,2,4.0,20,1
16530328,45,11,1,1,20,2,1.0,24,1
16530528,45,11,1,0,20,2,2.0,22,1
16532700,60,2,2,2,20,2,4.0,20,1
16532715,60,0,6,1,20,2,4.0,20,1
16532854,35,11,1,1,5,2,1.0,10,1
16532989,45,11,1,1,20,2,4.0,20,1
16533127,45,11,1,1,5,2,1.0,24,1
16535426,60,11,4,1,20,2,4.0,21,1
16536467,35,11,1,1,20,2,4.0,20,1
16538190,60,11,1,1,20,2,4.0,20,1
16539025,60,11,1,1,20,7,4.0,1,2
16539277,60,12,1,1,20,2,4.0,21,1
16539791,60,11,1,1,20,2,4.0,21,1
16540098,60,11,1,1,20,2,4.0,20,1
16540138,60,11,1,1,16,2,4.0,21,1
16540880,45,11,1,1,20,2,1.0,28,1
16541070,60,11,1,1,20,2,4.0,21,1
16541645,60,11,1,1,1,2,4.0,22,1
16541977,45,11,4,1,20,2,1.0,10,1
16542175,45,11,6,1,8,2,1.0,13,1
16542366,60,11,1,1,20,2,4.0,20,1
16542425,50,11,1,1,5,2,1.0,24,1
16543997,60,11,1,1,20,2,4.0,20,1
16544025,65,11,4,1,20,2,4.0,20,1
16547217,45,11,4,1,5,2,1.0,10,1
16547311,60,11,1,1,20,2,4.0,20,1
16547840,60,11,1,1,20,2,4.0,22,1
16548657,65,11,4,1,20,2,4.0,20,1
16551109,60,11,1,1,1,2,4.0,22,1
16551206,65,11,1,1,20,2,4.0,20,1
16552862,40,11,1,1,5,2,1.0,24,1
16553771,60,11,1,1,1,2,4.0,20,1
16553943,60,11,1,1,20,2,4.0,20,1
16554742,45,11,4,1,5,2,1.0,24,1
16555404,35,11,1,1,20,2,1.0,28,1
16560327,30,12,1,1,20,2,2.0,23,1
16560336,45,11,1,1,1,2,4.0,14,1
16561183,60,11,1,1,20,2,4.0,21,1
16564965,60,11,1,1,20,2,4.0,20,1
16565590,45,11,1,1,20,2,4.0,20,1
16570799,65,0,1,0,20,2,4.0,21,1
16571080,60,11,4,1,20,2,4.0,20,1
16703713,55,11,1,1,8,2,2.0,27,1
16844306,45,12,1,1,1,2,4.0,20,1
16558505,55,11,1,1,20,2,4.0,21,1
16560312,45,11,1,1,1,2,4.0,20,1
16560361,60,12,1,1,20,2,4.0,20,1
16560798,45,11,1,1,5,2,1.0,24,1
16562096,45,11,1,1,20,2,3.0,23,1
16562455,50,11,1,1,5,2,4.0,14,1
16564279,60,11,1,1,20,2,4.0,20,1
16564725,60,11,1,1,20,2,4.0,20,1
16565119,65,11,1,1,20,2,4.0,20,1
16565261,45,11,1,1,20,2,1.0,24,1
16569760,60,12,1,1,20,2,4.0,20,1
16570327,35,12,1,1,8,2,1.0,10,1
16570536,60,11,4,1,20,2,4.0,20,1
16571947,60,11,1,1,20,2,4.0,20,1
16571976,45,11,1,1,9,2,2.0,22,1
16572650,65,11,1,1,20,2,4.0,21,1
16572886,60,11,4,1,20,2,4.0,21,1
16572897,60,11,4,1,20,7,4.0,1,2
16573620,60,12,1,1,20,2,4.0,20,1
16574742,50,11,1,0,20,2,4.0,21,1
16574917,60,11,1,1,20,2,4.0,20,1
16574928,60,12,1,1,20,2,4.0,20,1
16574930,60,11,1,1,20,2,2.0,25,1
16575029,60,11,1,1,20,2,4.0,21,1
16575030,60,11,1,1,20,2,4.0,22,1
16575637,40,11,1,1,5,2,2.0,22,1
16577254,65,11,1,1,20,2,4.0,20,1
16577322,45,11,1,1,1,2,4.0,22,1
16577423,-1,11,1,1,20,7,4.0,1,2
16578971,60,11,4,1,20,2,4.0,20,1
16579951,35,11,1,1,20,2,1.0,24,1
16580978,45,11,1,1,20,2,2.0,21,1
16581017,45,11,1,1,1,2,4.0,21,1
16581250,65,11,1,1,20,2,4.0,20,1
16583584,30,11,1,1,20,2,4.0,21,1
16583605,60,11,1,1,20,2,4.0,20,1
16584168,60,11,1,1,20,2,4.0,22,1
16586211,60,11,1,1,20,2,4.0,22,1
16589614,65,2,4,2,20,7,4.0,1,2
16589873,50,11,1,1,20,2,1.0,28,1
16589875,50,11,1,1,5,2,1.0,24,1
16590630,60,11,1,1,20,2,4.0,20,1
16590631,60,11,1,1,20,2,4.0,20,1
16592990,60,11,1,1,20,2,4.0,20,1
16594085,60,11,1,1,20,2,4.0,20,1
16596145,60,11,1,1,20,2,4.0,22,1
16597551,45,11,1,1,20,2,4.0,20,1
16598109,60,12,1,2,20,2,4.0,20,1
16598839,60,11,1,1,20,2,4.0,20,1
16599573,60,11,1,1,20,7,4.0,1,4
16602350,50,11,1,1,20,2,1.0,24,1
16602360,60,11,1,1,20,2,4.0,22,1
16602583,60,11,4,1,1,2,4.0,21,1
16602943,45,11,1,1,1,2,4.0,20,1
16603687,60,12,1,1,20,2,4.0,20,1
16603688,45,12,1,1,20,2,4.0,22,1
16604974,60,11,1,1,20,2,4.0,21,1
16605083,45,12,1,2,20,2,2.0,25,1
16605088,40,11,1,1,20,2,1.0,24,1
16605096,45,11,1,1,5,2,4.0,21,1
16605137,65,11,1,1,20,2,4.0,20,1
16606267,45,12,1,2,5,2,1.0,24,1
16608954,35,2,1,1,11,2,2.0,20,1
16609382,60,12,1,1,20,2,4.0,20,1
16612022,60,11,1,1,20,2,4.0,20,1
16612568,40,11,1,1,20,7,4.0,1,4
16612572,35,12,1,1,5,2,2.0,13,1
16612799,50,11,1,1,20,2,4.0,20,1
16613045,45,11,4,1,20,2,4.0,20,1
16613522,60,11,2,1,20,2,4.0,21,1
16616909,35,12,4,1,20,2,4.0,21,1
16617395,45,11,4,2,5,7,2.0,1,2
16617541,45,11,1,1,20,2,4.0,20,1
16617763,45,2,1,2,1,2,4.0,20,1
16617807,45,12,1,1,20,2,1.0,24,1
16617858,45,11,4,1,20,2,4.0,21,1
16620535,40,12,1,1,20,2,4.0,22,1
16620715,60,12,1,1,20,2,4.0,20,1
16621903,55,11,4,1,20,7,4.0,1,4
16622058,60,12,4,1,1,2,4.0,20,1
16622219,60,12,1,1,20,2,4.0,21,1
16625128,40,11,1,1,20,2,1.0,24,1
16625236,65,11,1,1,20,2,4.0,20,1
16625387,45,12,1,1,5,2,2.0,22,1
16625393,65,2,1,2,1,2,4.0,20,1
16625507,60,2,1,2,20,2,4.0,20,1
16625769,60,12,1,1,20,7,4.0,1,2
16627363,65,2,1,2,20,2,4.0,21,1
16629680,40,11,1,1,9,2,4.0,14,1
16629744,45,11,1,1,20,2,4.0,20,1
16630465,50,11,1,1,1,2,4.0,21,1
16630466,45,12,1,1,20,2,1.0,21,1
16630550,45,11,4,1,5,2,2.0,22,1
16630551,45,11,1,1,20,2,4.0,14,1
16630555,65,12,4,2,20,4,4.0,1,3
16636575,45,11,1,1,20,2,1.0,10,1
16641052,65,11,4,1,20,2,4.0,21,1
16642294,60,12,1,1,1,2,4.0,20,1
16643372,60,11,4,1,20,7,4.0,1,4
16644582,60,11,1,1,20,2,4.0,21,1
16644958,45,12,1,2,20,2,1.0,28,1
16648165,60,11,4,1,20,2,4.0,21,1
16649146,60,2,1,2,20,7,4.0,1,2
16649516,45,11,1,1,20,2,1.0,24,1
16650601,45,11,1,1,20,2,1.0,24,1
16651407,45,12,4,1,1,7,4.0,1,2
16653228,45,12,1,1,20,2,3.0,24,1
16653707,65,11,1,1,20,10,4.0,1,1
16653862,45,12,1,1,20,2,1.0,10,1
16653964,60,11,1,1,20,2,4.0,20,1
16654155,60,11,1,1,20,2,4.0,20,1
16656882,40,0,0,0,1,2,4.0,21,1
16658180,65,11,1,1,20,2,4.0,20,1
16658754,65,11,1,1,20,2,4.0,20,1
16659170,45,12,1,1,5,2,1.0,10,1
16660028,50,11,1,1,1,2,1.0,24,1
16660444,45,12,1,1,20,2,4.0,20,1
16660771,60,12,1,2,20,2,4.0,20,1
16661105,45,12,1,1,20,2,4.0,21,1
16661666,65,11,4,1,20,2,4.0,21,1
16662815,45,12,1,2,1,2,4.0,21,1
16662854,60,11,1,1,20,2,4.0,21,1
16664125,65,2,1,2,20,2,4.0,22,1
16664565,40,11,1,1,5,2,4.0,14,1
16664658,60,11,1,1,20,2,4.0,20,1
16665027,45,11,1,1,20,2,4.0,20,1
16665028,60,12,1,1,20,2,4.0,20,1
16667829,50,11,1,1,9,2,4.0,22,1
16667837,60,11,1,1,20,7,4.0,1,2
16668049,60,11,1,1,1,2,4.0,21,1
16668173,40,11,1,1,5,2,4.0,20,1
16668318,45,12,1,1,20,2,4.0,20,1
16668737,65,11,1,1,20,2,4.0,20,1
16668900,65,11,1,1,20,2,4.0,20,1
16669059,40,11,1,1,5,2,1.0,24,1
16669062,45,11,1,1,9,2,2.0,22,1
16669081,60,11,1,1,20,2,4.0,20,1
16670994,50,2,1,2,20,2,2.0,22,1
16672812,45,12,1,1,5,2,4.0,20,1
16672951,60,12,1,1,20,2,4.0,22,1
16673413,45,11,1,1,20,2,4.0,20,1
16673724,40,11,1,1,5,2,4.0,20,1
16673872,45,12,1,1,5,2,1.0,24,1
16674853,60,11,1,1,20,2,4.0,22,1
16676213,45,11,1,1,20,2,4.0,20,1
16677036,65,12,4,1,20,2,4.0,20,1
16680403,35,11,1,1,20,2,2.0,23,1
16682279,50,12,1,1,20,2,4.0,20,1
16683053,60,2,1,2,20,2,4.0,20,1
16683069,60,11,1,1,20,2,4.0,20,1
16683075,45,11,1,1,5,2,1.0,24,1
16683261,60,0,0,0,20,2,4.0,20,1
16685332,50,11,4,1,20,2,4.0,21,1
16687654,65,11,4,1,1,2,4.0,20,1
16689436,60,11,1,1,20,2,4.0,20,1
16689437,60,11,4,1,20,2,4.0,21,1
16689856,65,12,1,1,1,2,4.0,20,1
16690145,45,11,1,1,9,2,4.0,24,1
16691247,65,2,1,2,1,2,4.0,20,1
16691770,65,11,5,1,1,2,4.0,21,1
16691877,60,2,4,2,1,7,4.0,1,2
16692997,45,12,1,1,1,2,4.0,20,1
16696404,60,12,1,1,20,2,4.0,20,1
16696423,60,11,4,1,20,2,4.0,21,1
16696430,65,11,4,1,1,2,4.0,21,1
16696439,60,11,1,1,20,2,4.0,21,1
16696480,60,11,4,1,20,2,4.0,22,1