Crash_ID,Crash_Speed_Limit,Wthr_Cond_ID,Light_Cond_ID,Surf_Cond_ID,Traffic_Cntl_ID,Harm_Evnt_ID,Intrsct_Relat_ID,FHE_Collsn_ID,Road_Relat_ID
15402018,60,11,4,1,20,2,4.0,20,1
15402452,40,11,1,1,1,2,4.0,21,1
15402459,65,11,1,1,20,2,4.0,20,1
15402798,65,11,4,1,20,2,4.0,20,1
15403678,45,11,1,1,5,2,1.0,14,1
15404999,60,12,1,1,20,2,4.0,21,1
15405788,60,11,4,1,20,2,4.0,20,1
15406095,60,11,1,1,20,2,4.0,20,1
15406168,60,11,4,1,20,2,4.0,21,1
15406392,40,11,4,1,5,2,2.0,22,1
15408658,40,11,1,1,1,2,4.0,21,1
15408660,40,11,1,1,1,2,4.0,20,1
15409279,60,11,2,1,20,2,4.0,22,1
15409325,60,11,1,1,20,2,4.0,20,1
15409890,60,12,4,1,20,2,4.0,20,1
15409892,60,12,1,1,20,2,4.0,20,1
15412497,60,11,4,1,20,2,4.0,20,1
15412885,35,12,1,1,5,2,1.0,10,1
15415822,60,11,1,1,20,2,4.0,20,1
15416811,60,11,1,1,20,2,4.0,20,1
15419598,60,11,4,1,1,2,4.0,20,1
15419645,60,11,4,1,20,2,4.0,21,1
15420017,40,12,1,1,20,2,2.0,20,1
15421570,60,11,1,1,20,2,4.0,21,1
15422411,45,12,1,1,20,2,4.0,21,1
15422784,60,11,5,1,20,2,4.0,20,1
15422788,60,12,1,1,20,2,4.0,20,1
15422800,60,11,1,1,20,2,4.0,20,1
15426473,60,12,1,1,20,2,4.0,20,1
15426800,60,12,3,1,20,2,4.0,21,1
15427639,60,11,1,1,20,2,4.0,21,1
15427822,40,11,4,1,20,2,1.0,10,1
15428541,45,11,1,1,20,2,4.0,20,1
15428547,60,11,1,1,20,2,4.0,20,1
15429320,60,12,4,1,20,2,4.0,21,1
15429403,60,11,1,1,20,2,4.0,20,1
15429406,60,11,4,1,20,2,4.0,20,1
15433040,60,11,4,1,20,7,4.0,1,4
15434656,35,12,1,1,20,2,2.0,28,1
15435200,60,11,4,1,1,2,4.0,20,1
15436468,65,11,1,1,1,2,4.0,20,1
15436480,60,11,1,1,20,2,4.0,20,1
15441778,60,11,1,1,20,2,4.0,22,1
15441824,60,11,4,1,1,2,4.0,20,1
15441895,60,11,1,1,20,7,4.0,1,4
15442049,60,11,4,1,20,2,4.0,21,1
15442252,55,11,1,1,20,10,4.0,1,1
15442875,10,11,3,1,20,5,3.0,1,1
15443350,35,11,1,1,20,2,4.0,22,1
15445072,60,11,1,1,20,2,4.0,20,1
15445936,60,11,2,1,20,2,4.0,22,1
15449068,60,11,1,1,20,2,4.0,20,1
15449755,60,11,1,1,20,2,4.0,21,1
15451036,60,11,1,1,20,2,4.0,20,1
15451959,60,11,1,1,11,2,4.0,21,1
15452255,60,12,1,1,1,2,4.0,20,1
15453394,65,0,0,0,1,2,4.0,21,1
15453500,60,11,4,1,20,7,4.0,1,2
15453526,60,11,4,1,20,7,4.0,1,4
15454144,60,0,0,0,20,2,4.0,22,1
15454495,65,11,4,1,20,2,4.0,20,1
15455523,60,2,1,3,20,7,4.0,1,4
15455775,60,11,1,1,20,2,4.0,20,1
15458257,60,11,4,1,20,2,4.0,21,1
15462643,60,12,1,1,20,2,4.0,21,1
15466783,40,12,1,1,1,2,3.0,23,1
15466795,60,11,4,1,20,7,4.0,1,4
15467571,40,11,4,1,20,7,4.0,1,2
15471282,60,11,1,1,20,2,4.0,21,1
15471284,60,2,4,2,20,7,4.0,1,2
15471285,60,2,6,2,20,2,4.0,21,1
15472460,60,12,4,2,20,2,2.0,21,1
15472464,60,2,4,2,20,2,4.0,21,1
15472651,40,2,1,2,20,2,4.0,22,1
15472711,60,11,1,2,20,2,4.0,22,1
15474363,60,2,4,3,20,7,4.0,1,2
15474364,40,11,1,1,17,4,4.0,3,2
15474848,35,11,4,1,20,2,2.0,28,1
15474945,60,11,4,1,20,2,4.0,20,1
15475718,60,2,1,2,20,2,4.0,20,1
15477229,45,11,1,1,20,2,1.0,21,1
15477596,60,12,1,1,20,8,4.0,1,1
15477601,60,12,1,1,20,7,4.0,1,4
15478761,60,2,4,2,20,7,4.0,1,2
15481462,60,11,1,1,20,2,4.0,20,1
15481640,60,11,3,1,20,7,4.0,1,4
15481643,60,12,4,1,20,2,4.0,20,1
15481884,50,11,3,1,20,7,4.0,1,3
15482822,35,2,2,2,5,2,1.0,14,1
15484702,60,12,1,0,1,2,4.0,20,1
15484865,60,12,4,1,20,2,4.0,21,1
15484868,60,12,4,1,20,2,4.0,20,1
15485204,60,11,4,2,20,2,4.0,20,1
15485358,60,12,4,1,20,2,4.0,21,1
15488219,45,11,1,1,20,2,4.0,21,1
15489086,50,12,1,1,20,2,4.0,22,1
15489229,60,11,2,1,20,2,4.0,20,1
15489503,60,12,1,1,20,2,4.0,20,1
15491501,60,11,1,1,20,2,4.0,20,1
15493711,60,11,4,1,20,2,4.0,20,1
15495318,60,2,4,2,20,2,4.0,21,1
15497605,45,12,4,1,20,2,4.0,30,1
15497623,60,2,4,2,20,7,2.0,1,2
15499843,65,2,4,2,20,2,4.0,20,1
15500768,60,11,1,1,20,2,4.0,21,1
15501100,60,11,1,1,20,2,4.0,20,1
15501137,65,11,4,1,20,2,4.0,20,1
15501980,45,11,1,1,5,2,1.0,34,1
15501992,60,11,1,1,20,2,4.0,21,1
15502395,60,12,4,1,20,2,4.0,22,1
15504735,60,11,4,1,20,7,2.0,1,2
15505228,60,2,4,2,20,2,4.0,20,1
15505232,60,2,4,2,20,2,4.0,21,1
15506298,60,11,4,1,20,2,4.0,21,1
15509613,60,11,1,1,20,2,4.0,21,1
15515018,60,12,1,1,20,2,4.0,21,1
15515203,60,2,1,3,20,7,4.0,1,4
15517908,60,2,1,2,20,2,4.0,21,1
15536599,35,12,1,1,5,2,1.0,10,1
15539694,50,11,4,1,20,2,4.0,22,1
15560189,60,11,1,1,20,2,4.0,21,1
15628310,60,11,3,1,20,2,4.0,21,1
15517964,60,11,1,1,1,7,4.0,1,4
15517965,60,11,3,1,1,4,4.0,1,3
15517966,60,11,4,1,20,2,4.0,20,1
15521458,60,11,4,1,20,2,4.0,20,1
15522312,35,12,4,2,5,2,1.0,10,1
15523721,65,11,4,1,20,2,4.0,20,1
15524678,50,12,1,1,20,2,4.0,20,1
15525334,60,11,4,1,20,2,4.0,35,1
15525996,60,11,4,1,20,2,4.0,20,1
15526477,60,12,3,1,11,2,1.0,21,1
15526620,60,11,1,1,20,2,4.0,20,1
15526624,60,11,1,1,20,2,4.0,20,1
15526639,60,11,1,1,1,2,4.0,21,1
15526708,60,11,4,1,20,2,4.0,20,1
15532340,60,2,1,2,20,2,4.0,21,1
15533157,60,11,4,1,20,7,2.0,1,2
15533184,65,11,1,1,20,2,4.0,22,1
15534984,60,12,4,1,1,2,4.0,20,1
15535115,45,12,4,1,5,2,1.0,14,1
15536589,60,11,4,1,20,2,4.0,21,1
15537033,60,12,1,1,20,7,4.0,1,4
15537098,60,11,1,1,20,2,4.0,20,1
15537644,65,2,4,2,20,7,4.0,1,4
15538361,60,11,1,1,20,2,4.0,20,1
15539778,60,2,4,2,20,7,4.0,1,2
15540353,60,11,4,1,1,2,4.0,21,1
15540721,60,11,1,1,20,2,4.0,20,1
15544393,60,11,4,1,1,2,4.0,20,1
15544661,60,2,4,2,20,7,4.0,1,2
15545735,60,2,1,2,20,2,4.0,20,1
15545737,60,2,1,2,20,2,4.0,20,1
15546523,60,11,4,1,20,7,4.0,1,4
15546598,40,12,1,2,5,2,1.0,10,1
15548999,60,12,1,1,20,2,4.0,20,1
15549521,60,2,4,2,20,2,4.0,20,1
15550587,60,2,4,2,20,2,4.0,21,1
15550617,60,2,4,2,20,2,4.0,21,1
15552205,60,11,4,1,20,7,4.0,1,3
15552249,60,11,4,1,20,7,2.0,1,2
15555530,60,11,1,1,20,2,4.0,20,1
15555645,45,11,1,1,5,2,4.0,24,1
15555684,45,12,1,1,20,7,4.0,1,2
15556063,60,12,1,1,20,2,4.0,20,1
15559212,70,11,4,1,20,2,4.0,21,1
15559338,40,11,3,1,20,2,4.0,20,1
15562822,60,11,4,1,20,7,4.0,1,4
15564175,60,11,1,1,20,2,4.0,20,1
15564294,60,11,1,1,20,2,4.0,20,1
15564313,60,11,6,1,20,2,4.0,20,1
15564901,60,0,0,0,1,2,4.0,20,1
15564941,60,11,1,1,20,2,4.0,20,1
15565831,60,11,1,1,20,2,4.0,20,1
15568595,60,11,4,1,20,2,4.0,21,1
15570229,60,12,1,2,20,2,4.0,21,1
15570403,60,11,1,1,1,2,4.0,21,1
15570412,60,11,4,1,20,2,4.0,21,1
15571575,60,12,1,1,20,2,4.0,22,1
15571749,60,11,1,1,20,2,4.0,20,1
15572149,60,11,4,1,20,9,4.0,1,1
15575365,60,11,1,1,20,2,4.0,21,1
15577578,40,11,1,1,20,2,2.0,20,1
15579870,45,12,1,1,20,2,4.0,20,1
15580226,40,11,1,1,4,2,4.0,24,1
15581257,45,12,1,1,5,2,2.0,22,1
15581355,60,11,1,1,20,2,4.0,20,1
15581364,60,11,1,1,20,2,4.0,20,1
15581469,60,11,1,1,20,2,4.0,22,1
15583839,60,11,4,1,20,2,4.0,20,1
15583845,60,11,6,1,20,2,4.0,20,1
15586016,60,11,1,1,20,2,4.0,21,1
15586644,60,11,1,1,20,2,4.0,20,1
15586759,60,11,1,1,20,2,4.0,21,1
15588820,60,11,1,1,20,2,4.0,22,1
15589443,60,2,1,2,20,2,4.0,21,1
15590316,60,11,1,1,20,2,4.0,20,1
15592706,60,11,1,1,20,2,4.0,21,1
15594891,55,11,4,1,20,2,4.0,21,1
15598336,60,11,1,1,20,2,4.0,20,1
15599050,60,0,0,0,1,2,4.0,21,1
15599293,60,11,4,1,20,2,4.0,21,1
15599450,60,11,4,1,1,7,4.0,1,4
15600841,60,2,1,2,20,2,4.0,21,1
15600895,60,11,1,1,20,2,4.0,20,1
15601841,60,11,1,1,20,2,4.0,21,1
15601968,55,11,1,1,20,2,4.0,21,1
15602386,35,11,1,1,5,2,1.0,24,1
15603025,60,11,1,1,20,2,4.0,21,1
15603029,60,11,1,1,20,2,4.0,21,1
15603671,60,11,1,1,20,2,4.0,20,1
15605559,60,11,4,1,1,2,4.0,21,1
15605687,60,11,1,1,20,2,4.0,20,1
15606445,60,11,1,1,20,2,4.0,20,1
15607006,60,12,1,0,1,2,4.0,20,1
15608803,60,11,1,1,20,2,4.0,22,1
15612608,60,12,1,1,20,2,4.0,21,1
15613465,45,11,1,1,5,2,4.0,21,1
15613830,60,11,6,1,20,2,4.0,20,1
15615058,60,12,1,1,20,2,4.0,21,1
15616515,60,11,1,1,20,9,4.0,1,3
15616597,40,11,1,1,20,8,4.0,1,1
15616997,60,11,4,1,20,7,4.0,1,4
15616999,60,11,4,1,20,2,2.0,20,1
15617667,35,11,1,1,1,2,3.0,13,1
15618998,60,11,4,1,20,7,4.0,1,2
15619550,35,11,4,1,1,2,4.0,20,1
15620085,60,11,1,1,1,7,4.0,1,4
15620458,55,2,1,2,20,2,4.0,20,1
15623919,60,12,1,1,20,2,4.0,20,1
15625383,65,2,1,2,1,2,4.0,21,1
15625385,65,2,1,2,1,2,4.0,20,1
15625399,65,2,1,2,1,2,4.0,20,1
15625531,60,2,1,2,20,2,4.0,21,1
15625532,60,11,1,1,20,2,4.0,21,1
15625818,60,2,1,3,20,7,4.0,1,4
15625883,60,11,1,1,1,2,4.0,21,1
15631783,60,11,1,1,20,2,4.0,22,1
15635925,35,11,4,1,20,2,1.0,24,1
15637345,60,2,1,2,11,2,4.0,21,1
15638020,60,11,4,1,20,7,4.0,1,2
15638100,60,11,4,1,20,2,4.0,20,1
15638364,60,12,6,1,20,2,4.0,21,1
15638375,60,12,6,1,20,2,4.0,20,1
15639491,60,11,4,1,20,7,4.0,1,4
15641932,60,12,1,1,1,2,4.0,20,1
15642469,60,12,4,1,20,2,4.0,21,1
15642999,60,11,1,1,20,2,4.0,21,1
15644901,60,12,1,1,20,2,4.0,20,1
15645235,60,2,1,2,20,2,4.0,20,1
15646597,60,11,4,1,20,2,4.0,20,1
15646794,60,11,1,1,20,2,4.0,21,1
15649898,60,11,1,1,20,2,4.0,21,1
15651253,60,11,1,1,20,2,4.0,20,1
15651539,60,11,1,1,20,2,4.0,20,1
15653372,60,11,1,1,20,2,4.0,20,1
15653396,60,11,4,1,20,2,4.0,20,1
15654122,60,11,4,1,20,2,4.0,21,1
15654190,60,11,1,1,20,2,4.0,20,1
15654392,40,11,1,1,20,7,4.0,1,2
15654401,60,12,1,1,20,2,4.0,21,1
15654567,40,11,4,1,5,2,1.0,34,1
15656404,60,11,1,1,20,7,2.0,1,2
15659554,35,11,1,1,20,7,4.0,1,2
15660955,60,11,1,1,20,2,4.0,20,1
15661028,45,11,1,1,5,2,1.0,10,1
15663552,60,12,1,1,20,2,4.0,20,1
15664020,40,11,1,1,5,2,1.0,10,1
15664306,60,11,4,1,20,2,4.0,20,1
15664817,60,11,1,1,20,2,4.0,21,1
15665160,35,11,1,1,20,2,4.0,21,1
15667090,60,11,1,1,20,7,4.0,1,4
15667115,60,12,1,1,20,2,4.0,20,1
15667624,60,2,4,2,1,2,4.0,21,1
15670133,40,11,1,1,20,2,4.0,20,1
15670431,60,11,4,1,20,7,4.0,1,2
15670515,60,12,1,1,20,2,4.0,21,1
15674091,60,11,1,1,20,2,4.0,20,1
15674251,60,11,4,1,20,2,4.0,20,1
15674330,60,11,1,1,20,2,2.0,21,1
15675769,35,11,1,1,5,2,1.0,10,1
15676105,60,12,1,1,20,2,4.0,20,1
15676273,35,11,1,1,5,2,1.0,10,1
15676502,60,12,1,1,20,2,4.0,21,1
15676861,60,12,1,1,1,2,4.0,21,1
15677276,60,2,1,2,20,2,4.0,20,1
15677738,60,11,1,1,20,2,4.0,20,1
15677953,60,11,4,1,20,2,4.0,20,1
15678154,60,11,3,1,1,2,4.0,21,1
15678283,60,12,4,1,20,2,4.0,21,1
15680267,50,12,1,1,20,2,2.0,10,1
15680293,60,12,1,1,20,2,4.0,20,1
15680320,60,12,1,1,20,2,4.0,20,1
15680873,60,11,4,1,20,7,4.0,1,2
15682110,60,12,4,1,20,2,4.0,21,1
15682886,60,11,1,1,20,2,4.0,20,1
15682888,45,11,1,1,20,2,4.0,21,1
15685427,35,11,1,1,20,2,4.0,20,1
15687067,40,11,1,1,20,2,4.0,21,1
15688211,45,11,1,1,20,2,4.0,21,1
15689279,60,12,1,1,20,4,4.0,1,3
15689834,60,11,1,1,20,2,4.0,20,1
15689836,65,11,1,1,1,2,4.0,20,1
15693560,60,11,1,1,20,2,4.0,22,1
15694276,35,11,4,1,20,2,1.0,24,1
15696186,60,11,1,1,20,2,4.0,21,1
15698023,40,11,1,1,5,2,2.0,22,1
15698937,60,2,1,2,20,2,4.0,20,1
15699373,60,11,1,1,11,4,4.0,1,3
15700683,60,11,1,1,20,2,4.0,20,1
15701737,65,11,1,1,20,2,4.0,20,1
15702300,60,11,4,1,20,2,4.0,20,1
15702318,60,11,1,1,20,2,4.0,20,1
15703062,45,11,4,1,20,2,4.0,21,1
15703281,35,11,1,1,5,2,1.0,24,1
15703882,60,11,4,1,20,2,4.0,20,1
15704030,60,11,1,1,20,2,4.0,20,1
15704370,45,11,4,1,20,7,2.0,1,2
15707423,45,11,1,1,20,2,2.0,22,1
15709902,60,2,1,2,20,2,4.0,20,1
15710061,60,2,3,2,1,8,4.0,1,1
15711728,55,2,4,2,1,2,4.0,21,1
15713054,35,11,1,1,20,2,4.0,20,1
15715165,60,11,1,1,1,2,4.0,21,1
15715664,60,12,1,1,20,2,4.0,20,1
15716408,60,11,1,1,20,2,4.0,20,1
15719577,40,0,0,0,1,2,2.0,30,1
15719909,45,11,4,1,1,2,4.0,20,1
15720052,60,11,4,1,20,7,4.0,1,4
15722592,45,11,1,1,5,2,4.0,21,1
15723536,65,11,1,1,20,2,4.0,21,1
15723817,60,11,1,1,20,2,4.0,20,1
15724334,60,11,1,1,20,2,4.0,22,1
15724646,35,12,1,1,20,2,4.0,21,1
15724668,45,12,1,1,5,2,2.0,22,1
15726431,35,11,1,1,5,2,4.0,20,1
15728364,60,11,1,1,20,2,4.0,21,1
15728575,60,11,1,1,20,2,4.0,21,1
15728600,65,11,1,1,20,2,4.0,21,1
15729196,60,11,6,1,20,2,4.0,20,1
15729635,45,11,1,1,20,2,1.0,24,1
15731592,60,12,1,1,20,2,4.0,21,1
15732238,60,12,1,1,20,2,4.0,20,1
15732372,60,11,1,1,20,2,4.0,21,1
15733910,40,11,1,1,5,2,2.0,28,1
15734292,60,11,1,1,20,7,4.0,1,4
15735118,35,11,4,1,5,7,2.0,1,4
15735877,60,11,2,1,20,2,4.0,22,1
15735886,60,11,1,1,20,2,4.0,20,1
15738240,60,12,1,1,20,2,4.0,20,1
15738966,60,11,1,1,20,2,4.0,21,1
15741035,60,11,1,1,1,2,4.0,20,1
15747862,65,11,1,1,20,2,4.0,20,1
15748295,60,12,1,1,20,2,4.0,22,1
15750068,60,11,1,1,20,2,4.0,20,1
15750457,60,11,6,1,20,2,4.0,21,1
15750779,50,11,1,1,20,2,4.0,20,1
15750815,45,11,1,1,20,2,1.0,21,1
15752414,60,11,1,1,20,7,4.0,1,4
15754845,60,11,1,1,20,2,4.0,20,1
15754945,45,12,1,1,20,2,2.0,23,1
15754947,60,11,1,1,20,2,4.0,21,1
15754957,60,11,1,1,1,2,4.0,22,1
15755317,35,11,4,1,5,2,4.0,20,1
15757883,30,11,1,1,1,7,4.0,1,2
15758587,65,11,1,1,20,2,4.0,20,1
15758970,45,11,1,1,20,2,4.0,21,1
15758985,60,11,1,1,20,2,4.0,21,1
15759729,60,11,1,1,20,2,1.0,21,1
15761627,65,11,1,1,1,2,4.0,21,1
15766567,60,11,1,1,20,2,4.0,22,1
15766779,65,11,1,1,1,7,4.0,1,2
15767152,60,12,1,1,11,2,4.0,20,1
15768216,60,11,1,1,20,2,4.0,21,1
15768234,60,12,1,1,20,2,4.0,21,1
15768862,60,2,1,2,20,7,4.0,1,4
15769345,60,2,1,2,20,7,4.0,1,2
15770002,60,2,1,2,20,7,4.0,1,4
15771361,60,11,4,1,20,2,4.0,21,1
15771362,40,12,4,1,1,4,4.0,4,1
15771580,45,2,1,2,1,2,4.0,21,1
15771876,60,2,1,2,20,2,4.0,21,1
15772598,60,2,1,2,20,2,4.0,21,1
15773137,60,2,1,2,20,2,4.0,21,1
15773490,60,2,1,2,20,7,4.0,1,4
15773775,60,11,4,1,20,7,4.0,1,1
15775249,60,11,1,1,20,2,4.0,21,1
15776263,60,11,1,1,20,2,4.0,21,1
15776340,35,11,1,1,20,2,4.0,20,1
15776578,60,12,1,1,20,2,4.0,22,1
15776607,60,2,1,2,20,2,4.0,21,1
15778341,60,12,1,1,1,2,4.0,20,1
15778358,60,2,1,2,20,7,4.0,1,2
15779160,60,2,1,2,20,10,4.0,1,2
15779239,60,11,1,1,20,2,4.0,21,1
15780095,50,11,1,1,20,2,3.0,13,1
15780168,45,11,1,1,5,2,1.0,10,1
15780282,60,11,1,1,20,2,4.0,20,1
15780464,60,11,1,1,1,2,4.0,21,1
15780543,60,11,1,1,20,2,4.0,20,1
15780596,35,12,1,1,20,2,1.0,23,1
15782600,35,2,4,2,5,7,2.0,1,2
15785042,60,12,1,1,20,2,4.0,20,1
15785339,45,11,4,1,20,2,2.0,22,1
15786523,60,11,4,1,20,2,2.0,21,1
15787361,65,2,1,2,20,2,4.0,21,1
15787939,60,11,1,1,20,2,4.0,20,1
15788311,60,11,4,1,1,2,4.0,20,1
15790057,60,12,4,1,20,2,4.0,20,1
15790168,60,11,4,1,20,7,4.0,1,1
15790704,45,12,1,1,5,2,1.0,10,1
15791519,45,11,1,1,5,2,4.0,20,1
15791520,60,12,1,1,20,2,4.0,20,1
15792198,60,12,4,1,20,7,4.0,1,4
15793065,60,11,3,1,1,2,4.0,21,1
15797779,60,11,1,1,20,2,4.0,21,1
15798553,60,11,1,1,20,2,4.0,20,1
15799057,60,12,4,1,20,2,4.0,21,1
15799066,60,12,1,1,20,2,4.0,20,1
15800848,60,12,1,1,20,2,4.0,20,1
15801775,60,11,1,1,20,2,4.0,20,1
15801843,60,12,1,1,20,2,4.0,21,1
15802697,35,2,1,2,20,2,4.0,21,1
15802727,45,11,4,1,5,2,2.0,22,1
15804666,45,2,5,2,5,2,4.0,20,1
15805043,40,2,1,2,20,7,4.0,1,4
15805754,60,11,1,1,20,2,4.0,21,1
15806201,45,11,1,1,20,2,4.0,21,1
15813093,60,11,1,3,20,7,4.0,1,4
15813153,45,11,1,1,20,2,1.0,10,1
15813183,45,11,1,1,20,2,4.0,20,1
15813335,60,11,1,1,20,2,4.0,22,1
15814963,60,11,4,1,20,2,4.0,20,1
15815156,60,11,4,1,20,2,4.0,21,1
15815257,45,11,1,1,5,2,1.0,10,1
15816889,45,11,1,1,20,2,4.0,21,1
15817589,60,11,1,1,20,2,4.0,20,1
15818277,60,12,1,1,20,2,4.0,20,1
15818950,60,11,1,0,1,2,4.0,20,1
15818968,60,11,1,1,20,2,4.0,20,1
15820392,65,11,1,1,20,2,4.0,20,1
15820771,60,11,4,1,20,2,2.0,21,1
15823450,60,11,4,1,11,2,4.0,20,1
15823694,65,11,1,1,20,2,4.0,21,1
15825157,45,12,1,1,20,2,4.0,20,1
15828363,60,12,1,1,20,2,4.0,20,1
15828910,60,11,1,1,20,2,4.0,21,1
15829788,60,11,3,1,20,10,4.0,1,1
15829921,60,11,1,1,20,2,4.0,20,1
15830196,60,12,4,1,20,7,4.0,1,2
15834254,60,11,1,1,20,2,4.0,20,1
15834258,60,11,1,1,20,2,4.0,21,1
15836037,60,11,1,1,20,2,4.0,21,1
15836439,60,12,1,1,20,2,4.0,20,1
15836596,60,11,1,1,20,2,4.0,20,1
15837799,50,12,4,1,20,7,2.0,1,2
15838521,60,11,1,1,20,2,2.0,24,1
15839588,45,11,1,1,20,2,1.0,21,1
15840115,65,11,4,1,1,2,4.0,20,1
15840261,35,12,4,1,5,2,1.0,10,1
15841285,50,11,3,1,20,7,4.0,1,2
15841509,30,11,1,1,20,2,4.0,21,1
15843901,45,11,1,1,5,2,1.0,10,1
15843903,60,12,1,1,20,2,4.0,21,1
15849777,60,12,1,1,20,2,4.0,20,1
15851355,60,11,1,1,20,2,4.0,21,1
15851536,45,11,1,1,20,2,4.0,21,1
15851549,60,11,1,1,20,2,4.0,20,1
15852209,60,11,1,1,20,2,4.0,20,1
15852244,35,11,1,1,20,2,1.0,24,1
15853364,45,11,1,1,20,2,4.0,21,1
15855935,60,11,4,1,20,7,4.0,1,2
15857510,50,11,1,1,20,7,2.0,1,2
15857524,65,11,1,1,1,2,4.0,20,1
15858016,60,11,1,1,20,7,4.0,1,4
15858654,60,11,1,1,20,2,4.0,20,1
15861840,60,11,1,1,20,2,4.0,20,1
15863379,60,11,3,1,1,2,4.0,20,1
15864241,65,11,1,1,20,2,4.0,21,1
15864318,35,11,1,1,20,2,1.0,25,1
15864319,60,11,1,1,20,2,4.0,20,1
15864320,60,11,1,1,20,2,4.0,21,1
15864732,40,11,1,1,5,2,1.0,10,1
15869055,45,11,1,1,20,2,4.0,23,1
15869059,35,12,1,1,20,2,4.0,20,1
15872824,35,11,4,1,20,2,4.0,21,1
15872846,60,11,4,1,20,2,4.0,21,1
15873488,60,12,1,1,20,2,4.0,21,1
15874337,40,11,1,1,5,2,1.0,10,1
15874338,60,11,1,1,20,2,4.0,20,1
15874852,30,11,1,1,5,2,1.0,34,1
15875056,60,12,4,1,20,7,4.0,1,2
15877684,45,11,4,1,1,2,4.0,21,1
15879348,30,11,1,1,5,2,4.0,21,1
15880842,45,11,4,1,20,7,4.0,1,4
15882529,65,11,4,1,1,2,4.0,21,1
15882533,60,11,4,1,20,2,4.0,21,1
15883824,60,11,1,1,20,2,4.0,20,1
15884514,60,11,1,1,20,2,4.0,20,1
15885733,60,11,1,1,20,2,4.0,20,1
15886238,60,11,1,1,20,2,4.0,21,1
15886242,60,11,1,1,20,2,4.0,22,1
15886243,60,11,1,1,20,2,4.0,20,1
15886414,60,11,3,1,1,2,4.0,20,1
15886742,60,11,4,1,20,2,4.0,21,1
15886784,45,11,1,1,20,2,4.0,20,1
15887335,60,12,1,1,20,2,1.0,21,1
15887342,60,11,1,1,20,2,4.0,20,1
15888022,60,11,4,1,20,7,4.0,1,2
15889261,60,11,1,1,20,7,4.0,1,4
15889839,60,11,1,1,20,2,4.0,20,1
15892133,60,11,1,1,20,2,4.0,20,1
15893743,60,11,1,1,20,2,4.0,22,1
15893872,40,11,1,1,20,2,3.0,10,1
15894102,60,11,1,1,1,2,4.0,20,1
15894307,60,11,1,1,20,2,4.0,20,1
15895769,-1,11,1,1,1,7,4.0,1,4
15898868,60,12,1,1,20,2,4.0,21,1
15898955,60,11,4,1,1,7,4.0,1,4
15899108,45,11,1,1,5,1,2.0,2,1
15899604,45,12,1,1,20,7,4.0,1,2
15899686,60,11,1,1,20,2,4.0,20,1
15903424,60,2,3,2,20,2,4.0,21,1
15904851,60,2,4,2,20,10,4.0,1,1
15905535,60,2,1,2,20,2,4.0,21,1
15907252,65,11,1,1,20,2,4.0,21,1
15910419,60,11,4,1,20,2,2.0,20,1
15910538,60,11,1,1,1,7,4.0,1,2
15912546,40,11,1,1,1,2,1.0,34,1
15912575,60,11,1,1,20,2,4.0,22,1
15914024,60,12,1,2,20,2,4.0,22,1
15932321,40,2,1,1,5,2,4.0,20,1
16045089,60,11,1,1,20,2,4.0,20,1
16233573,60,12,4,1,20,7,4.0,1,4
15909441,60,2,1,2,20,2,4.0,20,1
15912552,65,11,1,1,20,2,2.0,21,1
15914493,65,11,1,1,20,2,4.0,21,1
15916207,60,11,1,1,20,2,4.0,20,1
15916497,60,11,4,1,20,2,4.0,20,1
15916704,60,11,1,1,20,2,4.0,21,1
15916860,60,11,1,1,20,2,4.0,20,1
15918311,60,11,1,1,20,2,4.0,21,1
15923028,45,11,1,0,1,2,4.0,20,1
15923597,55,11,4,1,20,2,4.0,21,1
15924441,40,11,1,1,5,2,2.0,13,1
15924976,40,11,1,1,20,2,4.0,20,1
15926128,35,11,1,1,20,2,1.0,24,1
15927386,45,11,1,1,5,2,4.0,31,1
15927645,55,11,1,1,20,2,4.0,21,1
15929326,60,11,4,1,20,2,4.0,22,1
15930967,60,11,1,1,20,2,4.0,20,1
15931362,65,11,1,1,20,2,4.0,20,1
15931479,65,11,1,1,20,2,4.0,20,1
15931489,60,11,1,1,20,2,4.0,21,1
15931500,65,11,1,1,20,2,4.0,20,1
15933224,35,11,4,1,21,2,1.0,10,1
15933280,60,11,1,1,20,2,4.0,21,1
15933925,45,11,1,1,1,7,3.0,1,1
15936023,60,11,4,1,20,2,4.0,20,1
15940783,65,12,1,1,20,2,4.0,20,1
15944585,60,11,4,1,20,7,4.0,1,2
15944739,60,11,1,1,1,2,4.0,21,1
15944745,60,11,1,1,20,2,4.0,20,1
15946910,60,11,4,1,20,2,4.0,21,1
15948111,65,11,1,1,20,2,4.0,20,1
15950449,40,12,1,1,20,2,3.0,10,1
15950823,60,11,1,1,20,2,4.0,21,1
15952827,30,11,4,1,20,2,1.0,14,1
15953381,30,11,1,1,20,2,4.0,21,1
15953845,60,11,1,1,20,2,4.0,20,1
15954540,60,2,3,3,20,7,4.0,1,4
15954542,60,2,4,2,20,2,4.0,20,1
15956554,60,11,1,1,20,2,4.0,20,1
15958400,60,11,1,1,20,2,4.0,20,1
15959226,35,11,1,1,20,2,3.0,10,1
15960364,40,2,1,2,5,2,1.0,10,1
15960370,35,12,1,2,5,2,1.0,23,1