Crash_ID,Crash_Speed_Limit,Wthr_Cond_ID,Light_Cond_ID,Surf_Cond_ID,Traffic_Cntl_ID,Harm_Evnt_ID,Intrsct_Relat_ID,FHE_Collsn_ID,Road_Relat_ID
15960407,35,11,1,1,20,2,4.0,21,1
15960502,60,11,1,1,11,2,4.0,20,1
15960529,45,11,1,1,20,2,3.0,23,1
15961512,60,11,1,1,20,2,4.0,21,1
15965422,60,11,1,1,20,2,4.0,21,1
15965448,45,2,1,2,5,2,4.0,20,1
15965803,55,11,1,1,20,2,4.0,21,1
15966133,60,12,1,1,20,2,4.0,20,1
15966977,45,0,0,1,1,2,4.0,22,1
15967642,45,11,1,1,20,2,4.0,21,1
15967688,45,11,1,1,5,1,2.0,2,4
15967731,65,11,1,1,1,2,4.0,20,1
15967735,60,11,1,1,20,2,4.0,20,1
15969171,60,11,1,1,20,2,4.0,20,1
15972767,65,11,1,1,20,2,4.0,20,1
15972837,40,11,1,1,20,2,4.0,23,1
15972847,60,11,1,1,20,2,4.0,21,1
15972950,50,11,1,1,20,2,4.0,20,1
15973391,65,11,1,1,20,2,2.0,21,1
15973624,55,12,1,2,20,2,4.0,20,1
15975660,60,11,4,1,20,2,4.0,21,1
15975906,60,12,4,1,20,2,4.0,20,1
15977815,60,11,1,1,20,2,4.0,20,1
15978345,45,0,0,0,1,2,4.0,21,1
15979646,60,11,6,1,20,7,4.0,1,4
15979818,45,11,1,1,20,2,4.0,21,1
15980115,35,11,1,1,5,2,1.0,10,1
15981688,60,11,1,1,20,2,4.0,20,1
15982108,60,11,1,1,20,2,4.0,21,1
15982993,45,11,1,1,5,2,1.0,24,1
15983230,35,11,1,1,20,2,4.0,21,1
15986002,60,11,1,1,20,2,4.0,21,1
15988644,45,11,4,1,20,4,4.0,1,1
15988699,60,11,1,1,20,2,4.0,20,1
15991627,65,12,1,1,20,2,4.0,20,1
15991709,40,11,1,1,5,2,1.0,10,1
15991720,60,12,1,1,20,2,4.0,20,1
15991735,60,11,1,1,20,2,4.0,20,1
15991738,60,11,1,1,20,7,4.0,1,2
15992155,60,11,1,1,20,2,4.0,20,1
15992166,40,11,1,1,20,2,1.0,24,1
15993152,60,11,4,1,20,10,4.0,1,1
15995669,60,11,1,1,20,2,4.0,20,1
15995681,60,2,4,2,20,2,4.0,21,1
15998713,65,11,1,1,20,2,4.0,21,1
15999415,60,11,6,1,20,7,4.0,1,4
16000407,45,11,1,1,20,2,4.0,21,1
16001716,60,11,3,1,20,7,4.0,1,2
16002297,55,2,1,3,20,7,4.0,1,4
16002578,60,12,1,2,20,7,4.0,1,4
16003641,60,11,1,1,20,2,4.0,20,1
16004029,60,11,1,1,20,2,4.0,20,1
16005780,60,11,1,1,11,2,4.0,20,1
16006280,60,12,1,1,20,2,4.0,21,1
16007143,60,11,6,1,20,2,4.0,20,1
16007148,60,11,1,1,20,2,4.0,20,1
16007754,60,12,3,1,20,2,4.0,20,1
16008888,60,12,1,1,20,7,4.0,1,4
16009990,65,11,1,1,1,2,4.0,21,1
16010013,60,11,1,1,20,2,4.0,22,1
16010438,60,11,1,1,20,2,4.0,21,1
16010439,60,12,1,1,5,7,4.0,1,4
16011600,60,11,1,1,20,2,4.0,20,1
16013271,60,11,1,1,20,2,4.0,21,1
16014285,65,11,1,1,20,2,4.0,20,1
16015415,60,11,1,1,20,2,4.0,22,1
16017795,60,11,1,1,20,2,4.0,21,1
16017926,60,11,1,1,20,2,4.0,21,1
16018599,65,11,1,1,11,2,4.0,21,1
16021492,60,11,1,1,20,2,4.0,21,1
16021871,65,11,1,1,20,2,4.0,21,1
16021993,60,11,1,1,20,2,4.0,21,1
16023906,60,11,4,1,20,2,4.0,21,1
16024634,60,11,1,1,20,2,4.0,20,1
16024675,60,11,1,1,20,2,4.0,20,1
16025234,60,11,3,1,11,7,4.0,1,4
16025383,60,11,1,1,20,2,4.0,21,1
16025384,60,11,1,1,20,2,4.0,22,1
16026533,40,11,1,1,20,2,4.0,22,1
16026538,40,11,1,1,5,2,1.0,10,1
16030510,60,11,1,1,20,2,4.0,21,1
16031444,60,2,4,2,20,7,4.0,1,4
16031604,60,11,1,1,20,2,4.0,21,1
16032456,60,11,4,1,1,7,4.0,1,2
16032929,60,11,1,1,1,2,4.0,21,1
16033646,65,2,1,2,11,2,4.0,21,1
16034775,45,2,1,2,5,2,1.0,10,1
16037684,60,11,1,1,20,2,4.0,21,1
16037688,45,2,1,2,5,2,1.0,24,1
16038309,60,11,1,1,20,2,4.0,20,1
16038770,65,11,4,1,1,2,4.0,22,1
16040633,60,11,1,1,20,2,4.0,22,1
16040641,65,2,1,2,20,7,4.0,1,4
16043104,60,11,4,1,20,7,4.0,1,2
16043428,65,11,1,1,1,2,4.0,20,1
16044168,60,11,1,1,20,2,4.0,20,1
16044197,40,11,1,1,20,2,4.0,21,1
16044641,60,11,1,1,20,2,4.0,21,1
16044654,60,11,1,1,20,2,4.0,20,1
16044660,45,11,1,1,5,5,2.0,2,1
16044665,60,12,1,1,20,2,4.0,22,1
16044909,60,11,4,1,20,2,4.0,22,1
16045057,60,11,1,1,20,2,4.0,21,1
16047522,60,11,4,1,20,2,4.0,22,1
16047523,60,11,4,1,20,2,4.0,22,1
16048705,60,11,3,1,20,2,4.0,20,1
16048750,60,11,1,1,20,2,4.0,20,1
16048960,60,11,6,1,20,2,4.0,20,1
16049505,60,11,4,1,20,2,4.0,21,1
16050913,60,12,2,2,1,2,4.0,20,1
16051871,60,11,1,1,20,2,4.0,20,1
16057077,60,11,4,1,20,2,4.0,21,1
16057776,60,12,1,1,20,2,4.0,20,1
16059762,65,11,1,1,1,2,4.0,21,1
16059776,60,11,1,1,1,2,4.0,20,1
16059780,60,11,1,1,1,2,4.0,20,1
16060778,60,11,1,1,1,2,4.0,20,1
16061852,60,11,1,1,20,2,4.0,20,1
16069288,65,11,4,1,20,2,2.0,21,1
16069331,60,11,4,1,20,2,4.0,20,1
16069350,65,11,4,1,1,7,4.0,1,2
16071927,45,11,4,1,20,2,4.0,21,1
16072237,60,12,4,1,20,7,4.0,1,2
16072852,45,11,1,1,20,2,4.0,21,1
16073914,45,2,4,2,5,2,1.0,10,1
16073916,35,11,1,1,6,2,1.0,10,1
16073917,60,11,3,1,20,2,4.0,21,1
16074924,45,12,1,1,5,2,1.0,10,1
16075031,60,11,4,1,20,4,4.0,1,1
16075083,35,12,4,2,21,2,1.0,10,1
16075774,60,11,1,1,20,2,4.0,20,1
16076302,60,11,4,1,20,2,4.0,22,1
16077424,35,11,1,1,5,2,1.0,10,1
16080870,60,11,1,8,1,2,4.0,21,1
16080946,60,11,1,1,20,2,4.0,20,1
16081164,40,11,1,1,20,2,4.0,21,1
16082209,45,11,1,1,20,2,4.0,21,1
16083937,65,11,1,1,20,2,4.0,20,1
16083968,45,11,1,1,5,2,1.0,13,1
16090646,60,11,4,1,20,2,4.0,20,1
16090725,35,12,1,1,20,2,4.0,20,1
16091928,60,12,4,1,20,2,4.0,20,1
16092130,65,11,4,1,20,2,4.0,22,1
16093360,60,11,1,1,20,2,4.0,21,1
16094870,60,11,4,1,1,2,4.0,20,1
16094916,60,11,4,1,20,2,4.0,20,1
16096215,-1,11,1,1,20,2,4.0,20,1
16097181,35,11,1,1,20,2,4.0,20,1
16097651,60,11,1,1,20,2,4.0,20,1
16097886,65,11,4,1,20,10,4.0,1,1
16098401,60,11,4,1,20,7,2.0,1,2
16099942,55,11,4,1,20,7,4.0,1,2
16100594,65,11,1,1,20,2,4.0,20,1
16101053,60,11,0,1,20,2,4.0,20,1
16104748,60,11,1,1,1,7,2.0,1,2
16104783,60,12,1,1,20,2,4.0,21,1
16104784,60,11,1,1,20,2,4.0,21,1
16106144,40,11,1,1,20,2,4.0,20,1
16106856,60,11,4,1,20,2,4.0,20,1
16106869,60,11,1,1,20,2,4.0,21,1
16107242,40,11,1,1,20,2,1.0,14,1
16107446,60,11,4,1,20,7,4.0,1,2
16107625,60,11,1,1,20,2,4.0,20,1
16110355,45,11,4,1,20,2,4.0,21,1
16111624,60,11,1,1,20,2,4.0,21,1
16115502,55,5,1,1,20,2,4.0,20,1
16115542,60,11,1,1,11,2,1.0,10,1
16115836,45,11,1,1,20,2,4.0,24,1
16117553,60,11,1,1,20,2,4.0,21,1
16117792,55,11,1,1,20,2,4.0,21,1
16117832,45,2,1,2,20,2,4.0,20,1
16117943,55,11,1,1,20,2,4.0,21,1
16119010,60,11,4,1,1,2,4.0,21,1
16119058,35,11,4,1,20,7,4.0,1,2
16119254,60,11,1,1,20,7,4.0,1,2
16119498,60,11,1,2,20,2,4.0,20,1
16119581,60,11,1,1,11,2,4.0,20,1
16119586,60,11,1,1,20,2,4.0,21,1
16119596,60,11,1,1,20,2,4.0,20,1
16120476,60,11,4,1,20,2,4.0,20,1
16122793,65,11,4,1,20,2,4.0,20,1
16123782,60,11,1,1,11,2,4.0,21,1
16128037,40,12,5,1,20,2,4.0,20,1
16129655,65,2,4,2,20,7,4.0,1,2
16130150,40,12,4,1,5,2,1.0,24,1
16130162,60,3,4,2,20,2,4.0,20,1
16131624,60,11,4,1,20,2,4.0,21,1
16132251,35,11,4,1,20,7,4.0,1,2
16133599,35,2,1,2,5,2,1.0,24,1
16137844,35,11,1,1,1,2,4.0,21,1
16139478,60,2,4,2,1,2,4.0,20,1
16140879,65,2,4,2,20,7,4.0,1,2
16144183,45,11,4,1,20,7,4.0,1,2
16144695,35,11,4,1,20,2,1.0,10,1
16146141,60,11,1,1,1,2,4.0,21,1
16146144,60,11,1,1,20,2,4.0,20,1
16146615,60,11,1,1,20,2,4.0,20,1
16146730,60,3,4,6,20,2,4.0,20,1
16149067,60,12,1,1,20,2,4.0,22,1
16149190,45,11,2,1,20,2,4.0,20,1
16150813,65,12,1,1,20,2,4.0,21,1
16151834,45,11,1,1,5,2,2.0,22,1
16158353,50,11,1,1,5,2,2.0,22,1
16159495,60,12,1,2,11,2,4.0,21,1
16163659,65,11,4,1,20,2,4.0,20,1
16167557,60,11,4,1,20,7,4.0,1,2
16167572,60,2,4,2,20,2,4.0,20,1
16170271,60,5,3,2,20,2,4.0,20,1
16170719,45,12,1,1,20,2,4.0,21,1
16171861,55,11,1,2,20,2,4.0,20,1
16172463,45,12,1,1,20,2,4.0,21,1
16173631,65,11,4,1,20,2,4.0,21,1
16176538,65,12,1,2,20,2,4.0,20,1
16177048,60,12,1,2,20,2,4.0,21,1
16177239,40,2,4,2,5,2,2.0,22,1
16181027,60,11,1,1,1,2,4.0,21,1
16183488,60,11,1,1,20,2,2.0,13,1
16183707,55,2,4,2,20,8,4.0,1,1
16183887,60,11,1,1,20,2,4.0,20,1
16183892,30,11,1,1,20,2,4.0,22,1
16193254,50,11,4,1,5,2,1.0,10,1
16265724,65,11,1,1,20,2,4.0,20,1
16177232,45,12,1,1,5,2,1.0,10,1
16184582,60,11,4,1,20,8,4.0,1,1
16187003,60,2,3,2,20,7,4.0,1,4
16188814,45,12,4,2,5,2,1.0,10,1
16189376,60,2,4,2,20,2,4.0,20,1
16191857,60,12,1,2,20,2,4.0,20,1
16192116,60,12,1,1,11,2,1.0,13,1
16192312,65,11,4,1,20,7,4.0,1,2
16194429,60,11,6,1,20,2,4.0,20,1
16194930,30,11,1,1,1,2,4.0,21,1
16194963,60,12,1,2,11,2,4.0,21,1
16194997,60,11,1,1,20,2,4.0,20,1
16194999,50,12,1,1,1,2,4.0,35,1
16195192,65,11,4,1,20,2,4.0,22,1
16195590,60,12,4,1,20,2,4.0,20,1
16197719,65,11,1,1,20,2,4.0,46,1
16197728,30,11,4,1,20,2,3.0,13,1
16198762,60,11,6,1,20,2,4.0,20,1
16198763,60,11,6,1,20,2,4.0,22,1
16199351,60,11,1,1,20,2,4.0,21,1
16199388,35,11,1,1,5,2,1.0,10,1
16199573,65,11,1,1,20,7,4.0,1,4
16200201,45,3,1,5,20,2,1.0,14,1
16200923,60,3,4,6,20,7,4.0,1,4
16200926,60,3,4,6,20,7,4.0,1,2
16201694,60,11,1,1,20,2,4.0,20,1
16202163,55,11,1,6,20,7,4.0,1,2
16202407,60,3,1,6,20,7,4.0,1,2
16202997,45,11,4,1,20,2,4.0,20,1
16203281,60,3,1,6,20,2,4.0,21,1
16203346,65,11,4,1,20,2,4.0,22,1
16204019,65,11,1,1,1,2,4.0,20,1
16205339,60,12,1,6,20,7,4.0,1,4
16205369,60,3,4,6,20,7,4.0,1,4
16207099,60,11,1,2,20,2,4.0,21,1
16209124,45,11,1,1,20,2,4.0,20,1
16209130,60,11,1,1,20,2,4.0,22,1
16209765,65,11,4,1,20,2,4.0,20,1
16209990,40,11,6,2,20,7,2.0,1,4
16211773,60,11,1,2,1,2,4.0,20,1
16213703,60,11,1,0,20,2,4.0,20,1
16214338,60,11,4,6,20,7,4.0,1,2
16215281,60,11,4,1,1,2,4.0,20,1
16219199,60,12,1,1,20,2,4.0,20,1
16219311,60,2,4,2,20,7,4.0,1,2
16220389,60,11,1,1,20,2,4.0,21,1
16220473,60,11,1,1,20,2,4.0,21,1
16225910,60,11,3,2,20,7,4.0,1,2
16226065,60,2,3,2,20,7,4.0,1,4
16227000,35,11,1,1,1,2,4.0,22,1
16227007,60,11,1,1,20,2,4.0,21,1
16227284,60,11,1,1,20,2,4.0,20,1
16231105,60,12,4,6,3,7,4.0,1,1
16232682,45,12,1,1,5,2,1.0,21,1
16232689,60,11,4,1,20,2,4.0,21,1
16233222,45,11,3,1,11,2,4.0,21,1
16233223,60,2,4,2,20,2,4.0,20,1
16236608,60,12,1,1,20,2,4.0,31,1
16236629,60,2,1,2,20,2,4.0,21,1
16237706,60,11,1,1,20,2,4.0,20,1
16237914,60,11,4,1,20,7,4.0,1,2
16237926,60,5,4,2,20,2,4.0,20,1
16238133,45,12,1,1,20,2,4.0,30,1
16241431,45,11,4,1,5,2,1.0,10,1
16241434,45,11,4,1,20,7,4.0,1,2
16241680,60,12,1,1,20,2,4.0,21,1
16242278,65,12,4,2,20,7,4.0,1,2
16242303,45,5,1,2,5,2,1.0,10,1
16245772,65,11,1,1,1,2,4.0,21,1
16245867,60,2,1,2,20,2,4.0,20,1
16246574,60,11,1,1,20,2,4.0,20,1
16246587,60,2,1,2,20,7,4.0,1,2
16248421,35,11,4,2,20,2,1.0,10,1
16248434,60,11,4,1,20,2,4.0,20,1
16248664,65,2,1,2,1,2,4.0,21,1
16248682,60,3,4,6,1,10,4.0,1,1
16249043,60,3,1,6,20,7,4.0,1,2
16252764,60,12,1,1,20,2,4.0,20,1
16253088,60,12,1,1,11,2,4.0,22,1
16253300,-1,11,4,1,17,2,4.0,21,1
16254645,60,11,4,1,20,2,4.0,21,1
16254650,45,2,4,2,20,7,4.0,1,2
16255540,35,12,1,1,5,2,1.0,24,1
16257031,60,11,1,1,20,2,2.0,21,1
16258142,55,2,1,2,8,2,1.0,10,1
16261934,60,2,1,3,20,2,4.0,20,1
16262642,60,12,1,1,20,2,4.0,22,1
16264372,65,11,1,1,20,2,4.0,21,1
16265596,60,11,1,1,1,2,4.0,20,1
16265600,60,11,4,1,20,2,4.0,20,1
16265659,60,11,1,1,20,2,4.0,22,1
16265915,60,2,4,2,1,7,4.0,1,4
16266397,60,2,1,3,20,2,4.0,21,1
16266455,65,2,1,2,20,7,4.0,1,2
16269330,60,11,1,1,20,2,4.0,21,1
16273262,50,12,1,1,20,2,3.0,10,1
16273563,60,2,1,2,20,2,4.0,21,1
16274018,60,12,1,2,20,2,4.0,20,1
16274922,60,12,1,1,20,2,2.0,20,1
16276712,60,11,2,1,20,2,4.0,21,1
16277101,60,11,1,1,20,2,4.0,20,1
16277973,60,12,4,1,20,2,4.0,21,1
16278604,45,11,4,1,20,7,4.0,1,2
16279152,60,11,1,1,21,2,4.0,20,1
16279362,55,12,1,1,20,2,4.0,21,1
16279471,60,12,4,1,20,2,4.0,20,1
16279481,65,11,4,1,20,2,4.0,21,1
16279484,50,11,3,1,5,2,2.0,22,1
16279485,60,11,4,2,20,2,4.0,20,1
16286395,60,2,1,2,20,2,1.0,10,1
16287774,60,11,1,1,1,2,2.0,22,1
16290884,60,12,1,1,20,2,4.0,22,1
16290927,60,11,1,1,17,10,4.0,1,1
16291046,60,11,1,1,1,2,3.0,13,1
16295009,35,11,1,1,21,2,1.0,10,1
16295542,65,11,1,1,1,2,4.0,20,1
16296524,35,11,1,1,1,2,4.0,21,1
16296531,60,11,1,1,20,2,4.0,20,1
16296888,60,11,1,1,20,2,4.0,20,1
16297329,60,12,4,2,20,2,4.0,20,1
16298307,60,2,0,2,20,7,4.0,1,2
16302448,60,11,6,1,20,2,4.0,20,1
16302453,60,11,3,1,20,2,4.0,20,1
16302460,60,11,1,1,20,2,4.0,20,1
16302461,60,11,1,1,20,2,4.0,21,1
16302465,60,11,1,1,20,7,4.0,1,4
16303028,65,11,1,1,20,2,4.0,20,1
16303696,50,11,1,1,20,2,4.0,20,1
16303698,60,2,1,2,20,7,4.0,1,2
16303781,60,11,1,1,20,2,4.0,22,1
16304177,60,12,1,1,20,2,4.0,21,1
16305991,60,11,4,1,20,2,4.0,21,1
16306013,55,11,6,1,20,2,4.0,22,1
16306836,65,11,4,1,20,7,4.0,1,4
16306886,60,11,4,1,20,2,4.0,22,1
16307011,45,11,4,1,20,7,4.0,1,2
16307085,60,11,4,1,20,7,4.0,1,4
16307125,60,11,1,1,20,2,4.0,20,1
16307354,60,12,6,1,20,2,1.0,10,1
16308762,55,11,1,1,20,2,4.0,20,1
16308905,60,11,1,1,20,2,4.0,20,1
16309028,60,11,1,1,20,2,4.0,20,1
16309399,60,11,4,1,20,2,4.0,21,1
16309721,60,11,4,1,20,2,4.0,21,1
16311338,60,11,1,1,20,2,4.0,21,1
16311349,40,11,1,0,20,2,4.0,21,1
16311745,40,0,0,1,20,7,4.0,1,2
16312383,60,11,1,1,20,2,4.0,22,1
16313608,60,2,4,2,20,2,4.0,21,1
16316134,60,2,4,2,20,2,4.0,21,1
16317553,60,11,1,1,11,2,4.0,20,1
16318385,60,12,1,1,20,7,4.0,1,2
16319271,45,11,1,1,20,2,3.0,13,1
16319439,65,11,1,1,20,2,4.0,20,1
16322097,60,11,3,1,20,2,4.0,20,1
16324063,60,11,1,1,20,2,4.0,21,1
16328164,35,11,1,1,5,2,2.0,22,1
16330869,60,11,1,1,20,2,4.0,20,1
16331088,60,11,4,1,20,7,4.0,1,2
16331878,60,11,4,1,20,7,4.0,1,4
16331889,60,11,1,1,20,2,4.0,21,1
16332099,60,11,1,1,20,2,4.0,20,1
16332641,35,11,4,1,1,2,4.0,21,1
16332643,55,11,1,2,1,2,4.0,20,1
16333490,60,11,4,1,20,2,4.0,21,1
16334343,60,11,1,1,20,2,4.0,20,1
16334733,60,11,4,1,20,2,4.0,20,1
16334937,60,11,1,1,20,2,4.0,21,1
16337054,60,2,4,2,20,2,4.0,21,1
16338653,60,12,1,1,20,2,4.0,20,1
16338675,35,11,4,1,20,7,4.0,1,2
16338677,60,11,1,1,20,2,4.0,20,1
16338679,35,11,4,1,20,7,2.0,1,2
16339163,60,11,1,1,20,2,4.0,20,1
16339355,60,11,1,1,20,2,4.0,21,1
16339804,65,12,1,1,20,2,4.0,20,1
16340508,60,11,1,1,1,2,4.0,22,1
16340702,60,12,1,1,20,2,4.0,20,1
16340924,60,11,1,1,20,2,4.0,20,1
16341786,60,12,1,1,20,2,4.0,20,1
16341931,40,11,1,1,5,2,1.0,24,1
16341941,60,12,1,1,11,2,4.0,21,1
16342866,60,11,1,1,20,2,4.0,22,1
16345134,60,2,3,2,20,2,4.0,21,1
16345519,60,11,1,1,20,2,4.0,21,1
16346634,65,12,1,1,20,2,4.0,21,1
16347733,35,12,1,2,20,7,4.0,1,2
16347741,35,11,1,1,5,2,1.0,10,1
16347745,55,2,1,2,20,2,4.0,21,1
16348725,60,12,1,1,20,2,4.0,20,1
16348727,35,11,3,1,20,7,4.0,1,2
16352641,60,11,1,1,20,2,4.0,21,1
16352889,45,11,1,1,20,2,4.0,25,1
16353053,35,11,1,1,5,2,1.0,28,1
16354078,60,11,4,1,20,7,4.0,1,2
16354137,60,2,4,3,20,7,4.0,1,4
16354287,35,11,4,1,20,7,4.0,1,2
16354597,60,11,1,1,20,2,4.0,20,1
16358917,40,2,1,2,20,2,2.0,23,1
16359426,60,11,1,1,20,2,4.0,20,1
16360271,60,11,1,1,11,2,4.0,20,1
16360285,60,11,1,1,11,2,4.0,21,1
16360490,60,11,1,1,11,2,4.0,21,1
16361691,60,11,1,1,20,2,4.0,20,1
16361815,60,11,4,1,20,10,4.0,1,1
16361901,35,11,4,1,20,2,4.0,21,1
16362958,60,11,1,1,20,2,4.0,21,1
16364956,65,11,1,1,20,2,4.0,20,1
16365133,60,11,1,1,20,7,4.0,1,2
16365890,35,11,1,1,5,2,4.0,35,1
16366100,60,11,4,1,20,2,4.0,20,1
16367344,60,2,4,2,20,7,4.0,1,4
16372218,30,11,4,1,20,7,4.0,1,2
16372716,45,11,1,1,20,2,4.0,22,1
16373128,60,11,1,1,20,2,4.0,20,1
16373628,55,11,1,1,20,7,4.0,1,2
16375459,55,11,1,1,20,2,4.0,20,1
16376216,60,2,4,2,20,7,4.0,1,2
16377296,60,11,1,1,20,2,4.0,20,1
16377754,60,11,1,1,20,2,4.0,21,1
16378102,35,11,1,1,20,2,3.0,25,1
16378379,60,11,1,1,20,2,4.0,21,1
16379732,60,11,1,1,20,2,4.0,21,1
16379985,50,11,1,1,1,2,4.0,20,1
16381185,60,2,4,2,20,2,4.0,20,1
16384658,60,11,1,1,20,2,4.0,21,1
16385043,40,12,1,1,20,2,4.0,22,1
16386522,60,12,1,1,20,2,4.0,21,1
16388697,45,11,4,1,20,7,4.0,1,2
16388976,60,11,1,1,20,2,4.0,20,1
16391636,65,2,4,2,20,2,4.0,21,1
16394386,40,12,1,1,11,2,4.0,21,1
16394975,60,11,1,1,20,2,4.0,20,1
16395236,60,11,1,1,20,2,4.0,20,1
16397797,60,11,1,1,20,2,4.0,22,1
16398786,60,12,1,1,20,2,4.0,21,1
16398817,60,12,1,0,20,2,4.0,20,1
16404407,30,11,1,1,20,2,4.0,20,1
16404938,65,11,1,1,20,2,4.0,20,1
16405918,45,11,1,1,20,2,1.0,20,1
16407191,60,11,1,1,20,2,4.0,20,1
16408182,60,12,1,1,20,2,4.0,21,1
16410266,45,11,1,1,20,2,4.0,21,1
16414294,65,11,1,1,20,2,4.0,21,1
16414300,60,11,1,1,20,2,4.0,21,1
16414302,65,11,1,1,20,2,4.0,21,1
16414808,35,11,3,1,20,7,2.0,1,4
16415567,50,11,1,1,1,2,4.0,20,1
16415964,60,11,1,2,20,2,4.0,21,1
16416003,60,11,1,1,20,2,4.0,20,1
16416016,55,11,1,1,20,2,4.0,20,1
16416791,35,11,1,1,9,2,4.0,14,1
16419871,35,11,2,1,5,2,1.0,10,1
16422613,60,11,1,1,20,2,4.0,21,1
16423157,30,11,4,1,5,2,2.0,20,1
16424411,60,11,1,1,20,2,4.0,21,1
16425029,65,2,5,2,20,2,4.0,20,1
16425126,55,11,4,1,20,7,4.0,1,2
16425127,60,11,4,1,20,8,4.0,1,1
16428509,40,11,1,1,5,5,1.0,1,1
16429018,60,11,1,1,20,2,4.0,21,1
16429474,60,11,4,1,20,7,4.0,1,4
16430774,60,11,5,1,20,7,4.0,1,2
16430893,60,11,1,1,20,1,4.0,1,1
16431512,60,12,4,2,20,2,4.0,20,1
16432526,60,11,4,1,1,2,4.0,21,1
16432641,40,11,1,1,5,2,2.0,22,1
16432826,50,11,1,1,21,2,1.0,21,1
16432887,60,12,1,1,20,2,4.0,20,1
16436733,30,11,1,1,8,2,1.0,13,1
16436988,60,2,6,2,20,2,4.0,21,1
16437362,60,12,1,1,20,2,4.0,21,1
16437635,60,11,1,1,20,2,4.0,20,1
16437876,60,12,1,1,20,2,4.0,21,1
16438459,60,11,1,1,11,2,4.0,21,1
16439601,45,11,1,1,20,2,1.0,10,1
16441314,60,12,1,1,11,2,4.0,20,1
16441315,50,11,1,1,20,2,4.0,20,1
16442921,60,11,1,1,20,2,4.0,20,1
16443086,45,11,4,1,20,7,4.0,1,2
16443610,60,11,1,1,20,2,4.0,21,1
16443716,65,11,1,1,20,2,4.0,21,1
16444168,60,11,3,1,11,7,2.0,1,2
16446100,65,12,1,1,20,2,4.0,20,1
16450982,60,11,1,1,1,2,4.0,22,1
16451647,60,11,1,1,1,2,4.0,20,1
16451828,60,11,4,1,20,9,4.0,1,3
16453602,55,11,1,1,20,2,4.0,22,1
16454158,60,11,1,1,20,2,4.0,21,1
16454168,45,11,1,1,20,2,1.0,24,1
16454171,60,11,1,1,20,2,4.0,20,1
16455513,40,11,1,1,20,2,1.0,21,1
16455827,60,11,1,1,20,2,4.0,20,1
16456286,45,11,4,1,20,7,4.0,1,2
16456303,35,11,3,1,20,7,4.0,1,2
16456520,60,12,1,1,11,2,4.0,20,1
16456691,35,11,0,1,20,8,4.0,1,2
16457068,40,11,4,1,20,2,1.0,25,1
16457086,45,11,6,1,20,2,4.0,21,1
16457245,45,11,4,1,20,7,4.0,1,2
16457626,60,11,1,1,20,2,4.0,20,1
16458091,60,11,3,1,20,7,4.0,1,2
16458253,40,11,1,1,20,2,4.0,20,1
16458284,40,11,1,1,20,7,4.0,1,2
16458297,60,11,1,1,20,2,4.0,21,1
16461019,65,11,1,1,20,2,4.0,22,1
16463241,60,11,1,1,20,2,4.0,20,1
16466989,60,11,1,1,1,2,4.0,20,1
16469562,65,11,1,0,20,2,1.0,10,1
16470329,60,11,1,1,20,2,1.0,20,1
16471687,65,2,1,2,20,7,4.0,1,4
16473821,60,11,1,1,20,2,4.0,21,1
16474620,35,11,4,1,5,2,4.0,20,1
16474700,60,2,1,2,1,2,4.0,20,1
16475257,20,12,1,1,1,2,4.0,22,1
16476725,60,11,4,1,20,7,4.0,1,4
16480083,60,2,1,2,20,2,4.0,20,1
16480104,60,11,1,1,20,2,4.0,21,1
16480551,60,11,1,1,20,2,4.0,20,1
16480659,45,12,4,2,20,2,1.0,10,1
16480869,65,11,4,1,20,7,2.0,1,2
16482436,35,11,1,1,5,2,1.0,10,1
16483459,60,2,0,2,20,2,4.0,21,1
16485399,60,12,1,1,20,2,4.0,20,1
16485655,60,11,1,1,20,2,4.0,20,1
16486013,35,11,1,1,8,2,4.0,21,1
16486628,45,11,4,1,20,7,2.0,1,2
16486749,60,12,1,1,20,2,4.0,22,1
16487946,50,11,1,1,1,7,3.0,2,2
16491885,60,11,1,1,20,2,4.0,20,1
16492358,60,11,1,1,1,2,4.0,22,1
16492978,60,11,1,1,20,2,4.0,20,1
16492984,30,11,4,1,20,2,4.0,21,1
16494245,65,11,1,1,20,2,4.0,21,1
16494416,35,2,1,2,20,2,4.0,20,1
16495104,60,11,1,1,20,7,4.0,1,2
16495114,40,12,1,1,20,2,1.0,24,1
16495140,60,12,1,1,20,2,4.0,20,1
16495168,40,12,1,1,20,7,4.0,1,2
16495439,45,11,4,1,20,2,4.0,20,1
16495442,60,11,1,1,20,2,4.0,21,1
16495498,30,11,6,1,20,2,2.0,10,1
16495952,60,11,1,1,1,2,4.0,20,1
16498875,40,11,4,1,20,2,4.0,21,1
16498940,60,11,1,1,11,2,4.0,20,1
16499752,60,2,1,2,20,2,4.0,20,1
16500016,60,11,1,1,20,2,4.0,21,1
16500767,60,11,1,1,1,2,4.0,20,1
16501733,60,12,4,2,20,7,4.0,1,2
16502406,60,11,4,1,20,2,4.0,20,1
16502567,40,11,1,1,20,2,4.0,20,1
16502570,60,11,2,1,20,7,4.0,1,2
16503784,60,11,1,1,20,2,4.0,21,1
16503881,60,11,3,1,20,2,4.0,20,1
16505699,35,12,1,2,5,2,1.0,10,1