Crash_ID,Crash_Speed_Limit,Wthr_Cond_ID,Light_Cond_ID,Surf_Cond_ID,Traffic_Cntl_ID,Harm_Evnt_ID,Intrsct_Relat_ID,FHE_Collsn_ID,Road_Relat_ID
14338815,45,11,1,1,5,2,1.0,10,1
14338994,45,12,1,2,5,2,1.0,10,1
14341368,60,12,4,1,20,7,4.0,1,2
14341370,60,12,1,1,20,2,4.0,21,1
14341423,45,12,1,2,20,2,4.0,14,1
14341424,65,12,4,2,20,2,4.0,21,1
14341425,60,2,4,3,20,2,4.0,21,1
14341427,60,11,4,1,20,2,4.0,22,1
14341428,35,12,1,1,20,2,4.0,20,1
14341443,65,11,4,1,20,2,4.0,21,1
14341578,65,11,4,1,20,7,4.0,1,2
14341714,60,12,1,1,20,2,4.0,20,1
14342141,45,2,4,2,5,2,1.0,34,1
14342260,60,11,1,1,1,2,4.0,21,1
14343601,60,2,4,2,20,7,4.0,1,4
14343604,60,12,4,1,20,2,4.0,21,1
14343605,60,2,4,2,20,2,4.0,20,1
14343661,45,11,4,1,20,7,2.0,1,2
14343739,60,11,1,1,20,2,4.0,20,1
14343816,55,11,1,1,20,2,4.0,22,1
14344614,35,11,1,1,9,2,1.0,10,1
14344957,60,11,1,1,20,2,4.0,22,1
14345150,60,11,1,1,20,2,4.0,21,1
14345181,45,11,1,1,20,2,4.0,20,1
14345202,60,11,1,1,20,2,4.0,20,1
14345237,60,11,1,1,20,2,4.0,20,1
14345356,60,2,2,2,20,2,4.0,20,1
14345422,60,11,1,1,20,2,4.0,20,1
14345681,35,0,0,0,20,7,4.0,1,2
14346493,45,12,4,1,11,7,4.0,1,2
14346602,55,2,1,2,20,2,4.0,22,1
14346645,35,12,1,2,5,2,1.0,10,1
14346646,60,11,1,1,11,2,2.0,21,1
14346652,45,11,1,1,11,2,3.0,23,1
14346654,60,11,1,1,11,2,4.0,20,1
14346906,60,11,4,1,20,2,4.0,20,1
14347633,50,11,4,1,20,7,4.0,1,4
14347665,45,12,4,2,20,2,4.0,20,1
14347814,45,11,1,1,20,2,1.0,10,1
14347818,60,2,1,2,20,2,4.0,20,1
14347820,60,11,1,1,20,2,4.0,20,1
14347821,60,11,1,1,20,2,4.0,20,1
14347977,60,2,1,1,20,2,4.0,20,1
14348203,60,11,1,1,20,2,4.0,20,1
14348257,60,11,1,1,20,2,4.0,21,1
14348258,45,11,1,1,20,2,4.0,22,1
14349060,45,11,1,1,20,2,2.0,21,1
14349335,60,11,4,1,20,2,4.0,21,1
14349599,60,11,1,1,1,2,4.0,20,1
14351639,60,11,1,1,20,2,4.0,21,1
14351774,65,11,1,1,20,2,4.0,20,1
14351775,65,11,1,1,20,2,1.0,13,1
14351776,65,2,1,2,20,2,4.0,20,1
14351778,60,11,1,1,20,2,4.0,21,1
14351869,45,11,1,1,20,2,3.0,10,1
14351920,45,11,4,1,20,2,4.0,21,1
14352071,45,11,2,1,20,2,4.0,20,1
14352143,45,12,4,1,20,7,4.0,1,2
14352248,55,12,1,1,1,2,4.0,21,1
14354200,60,11,4,1,20,8,4.0,1,1
14355291,60,11,4,2,20,7,4.0,1,2
14355667,45,2,4,2,11,7,4.0,2,2
14355668,60,11,1,1,20,2,4.0,21,1
14355685,60,11,1,1,20,2,4.0,20,1
14355699,60,11,1,1,20,2,4.0,20,1
14355779,60,12,1,1,20,2,4.0,22,1
14355902,65,11,4,1,20,2,4.0,22,1
14358391,60,11,1,1,20,2,4.0,20,1
14359525,35,12,1,1,5,2,1.0,10,1
14360373,45,11,4,1,20,2,2.0,23,1
14360375,50,2,3,3,1,7,4.0,1,2
14360377,60,11,4,1,1,2,4.0,21,1
14360450,60,11,4,1,20,2,4.0,21,1
14360457,60,11,3,1,20,2,4.0,21,1
14360459,60,11,3,1,20,2,4.0,20,1
14360695,60,12,1,1,20,7,4.0,1,4
14360880,45,2,1,2,20,2,4.0,20,1
14361012,60,12,1,1,20,2,4.0,20,1
14361459,60,2,1,2,1,2,4.0,20,1
14361470,45,11,1,1,20,2,1.0,10,1
14361901,60,11,4,1,20,2,4.0,21,1
14362059,55,11,1,1,20,2,4.0,20,1
14362782,60,2,1,0,20,2,4.0,21,1
14362924,45,12,1,1,20,2,3.0,10,1
14363998,60,11,1,1,1,2,4.0,20,1
14364219,60,11,4,1,1,2,4.0,20,1
14364464,60,11,1,1,1,2,4.0,21,1
14364553,60,11,4,1,20,7,4.0,1,2
14364691,45,12,1,1,20,7,4.0,1,2
14364750,60,12,3,1,20,2,4.0,21,1
14365163,60,12,1,1,20,2,4.0,20,1
14366245,45,11,1,1,20,2,4.0,21,1
14366459,45,2,1,2,1,2,3.0,10,1
14366786,60,11,4,1,20,2,4.0,21,1
14368256,60,11,1,1,20,2,4.0,20,1
14368335,65,12,4,1,20,2,4.0,20,1
14368640,35,11,1,1,20,2,4.0,20,1
14368666,65,12,1,2,20,7,4.0,1,4
14368865,60,11,4,1,11,2,4.0,21,1
14368866,60,11,4,1,20,7,4.0,1,4
14369173,60,11,1,1,20,2,4.0,20,1
14369546,5,12,4,2,20,2,4.0,20,1
14369985,60,11,1,1,1,2,4.0,21,1
14370142,60,11,1,1,20,2,4.0,20,1
14370150,45,11,1,1,20,2,4.0,20,1
14370181,60,11,1,1,20,2,4.0,20,1
14370266,45,12,1,1,20,2,4.0,21,1
14370810,45,11,4,1,5,2,2.0,22,1
14370836,60,11,4,1,20,2,4.0,20,1
14370837,60,11,4,1,20,2,2.0,20,1
14371650,60,2,4,2,20,7,4.0,1,4
14371911,60,2,1,2,20,2,4.0,20,1
14371974,45,12,4,1,5,2,2.0,22,1
14372180,45,11,1,1,4,2,1.0,10,1
14372194,60,11,1,1,3,10,4.0,1,2
14372580,45,11,4,1,20,2,4.0,22,1
14372838,60,2,1,2,20,2,4.0,20,1
14373055,60,2,1,2,20,2,4.0,22,1
14373174,65,2,1,2,20,2,4.0,20,1
14373207,60,2,1,2,20,2,4.0,20,1
14373244,45,2,1,2,20,2,4.0,21,1
14373260,40,12,4,1,20,2,4.0,21,1
14373426,60,11,4,1,20,7,4.0,1,4
14373432,40,12,1,2,1,2,3.0,20,1
14373757,40,12,1,1,20,2,4.0,20,1
14373801,60,2,1,2,20,2,4.0,22,1
14373823,60,2,4,2,20,2,4.0,20,1
14373905,45,2,4,3,20,7,4.0,1,2
14373957,60,12,1,1,20,2,4.0,20,1
14374071,35,11,4,1,8,2,1.0,10,1
14374078,60,11,4,1,20,7,4.0,1,2
14374433,60,12,4,1,20,2,4.0,20,1
14376181,60,12,1,1,20,2,4.0,21,1
14376315,60,2,1,2,20,2,4.0,20,1
14376674,60,11,1,1,20,2,4.0,20,1
14376883,60,11,4,1,1,2,4.0,21,1
14376966,60,2,4,2,20,2,4.0,21,1
14377009,60,12,1,1,20,7,4.0,1,4
14377041,60,11,1,1,20,2,4.0,20,1
14377138,60,11,4,1,20,2,4.0,20,1
14377140,55,12,1,2,20,2,4.0,22,1
14377145,40,12,1,1,20,2,3.0,23,1
14377155,40,12,1,2,20,2,4.0,21,1
14377166,60,12,1,1,20,2,4.0,20,1
14378217,60,12,1,1,20,2,4.0,20,1
14378385,40,12,1,1,20,2,4.0,21,1
14378578,60,2,1,2,20,2,4.0,21,1
14378989,60,11,4,1,20,2,4.0,21,1
14379280,65,11,1,1,20,2,4.0,21,1
14379356,50,2,4,2,1,2,2.0,23,1
14381146,60,0,1,1,20,2,4.0,20,1
14381232,60,12,1,1,20,2,4.0,20,1
14381235,45,11,1,1,20,2,4.0,21,1
14381670,45,2,1,2,20,7,4.0,1,2
14381758,65,12,1,1,20,2,4.0,21,1
14381890,60,11,4,1,20,2,4.0,20,1
14381942,35,12,1,1,20,2,1.0,10,1
14381946,60,12,1,1,20,2,4.0,20,1
14382034,45,11,1,1,5,2,2.0,20,1
14382470,40,11,1,1,5,2,2.0,22,1
14383589,60,0,0,0,1,2,4.0,20,1
14384092,65,11,4,1,1,2,4.0,20,1
14384106,35,11,4,1,5,2,1.0,10,1
14384108,35,11,4,1,20,2,1.0,23,1
14384343,40,11,1,1,20,2,4.0,20,1
14385559,60,12,1,0,20,2,4.0,21,1
14385888,60,2,1,3,20,10,4.0,1,1
14386430,45,2,1,2,20,2,1.0,28,1
14386542,40,12,1,1,20,2,2.0,21,1
14386867,60,2,4,2,20,2,4.0,20,1
14386901,60,11,1,1,20,2,4.0,21,1
14386943,60,11,4,1,20,2,4.0,20,1
14386948,60,11,4,1,20,7,4.0,1,2
14387292,60,11,1,1,20,2,4.0,20,1
14387704,60,2,4,2,20,1,4.0,1,3
14387710,60,11,1,1,20,2,4.0,21,1
14388273,60,11,1,1,20,2,4.0,22,1
14388772,60,12,1,1,20,8,4.0,1,1
14389551,60,2,1,2,11,2,4.0,20,1
14389656,45,2,1,2,5,2,4.0,21,1
14389721,50,11,1,1,5,2,1.0,10,1
14391268,40,12,1,1,5,2,1.0,10,1
14391306,45,11,1,1,20,2,4.0,20,1
14391676,45,2,4,2,20,2,4.0,21,1
14391762,60,12,1,1,20,2,4.0,20,1
14392333,65,11,5,1,20,2,4.0,20,1
14392691,60,11,1,1,20,7,4.0,1,2
14392781,60,12,1,1,20,2,4.0,22,1
14392792,60,12,1,1,20,2,4.0,21,1
14392818,35,12,1,1,1,2,4.0,20,1
14393305,35,12,1,1,5,2,1.0,34,1
14393795,5,11,4,1,5,2,1.0,10,1
14393796,5,11,1,1,20,2,3.0,20,1
14393797,60,2,1,2,11,2,4.0,22,1
14393823,35,2,4,2,5,2,1.0,10,1
14393825,65,11,1,1,20,2,4.0,20,1
14394690,65,11,1,1,20,2,4.0,22,1
14394837,60,2,1,2,20,2,4.0,20,1
14394940,45,11,4,1,20,7,4.0,1,2
14395143,60,11,1,1,20,2,4.0,21,1
14395854,45,12,1,1,5,2,1.0,10,1
14397034,60,12,1,1,20,2,4.0,21,1
14398341,45,11,1,1,5,2,1.0,10,1
14398750,45,11,1,1,20,2,4.0,20,1
14399314,60,11,4,1,20,7,4.0,1,4
14399390,65,11,4,1,20,2,4.0,21,1
14399451,45,11,1,1,5,10,2.0,2,1
14399990,45,12,1,1,20,2,4.0,20,1
14400068,60,11,1,1,20,7,4.0,1,2
14400135,60,12,1,1,20,2,4.0,20,1
14400187,45,11,1,1,20,2,1.0,14,1
14400199,60,11,1,1,20,2,4.0,21,1
14400623,45,2,4,2,5,2,1.0,10,1
14400691,60,11,4,1,20,2,4.0,22,1
14400696,60,12,4,1,20,2,4.0,21,1
14400775,60,11,4,1,20,4,4.0,1,3
14400781,40,12,2,1,5,2,1.0,10,1
14400810,60,11,1,1,20,2,4.0,21,1
14401617,45,11,4,1,20,7,4.0,1,2
14402712,60,12,1,1,20,2,4.0,20,1
14402809,45,11,1,1,20,2,4.0,21,1
14403206,35,11,1,2,5,2,1.0,10,1
14403207,65,11,1,1,20,2,4.0,21,1
14403301,35,11,1,1,5,2,1.0,10,1
14403511,60,11,4,1,20,2,4.0,21,1
14403512,45,11,4,1,20,2,2.0,20,1
14403513,45,11,4,1,20,2,4.0,20,1
14403663,60,11,1,1,20,2,2.0,21,1
14403679,60,12,1,2,20,2,4.0,21,1
14403693,60,12,1,1,20,2,4.0,21,1
14405024,55,11,1,1,20,2,4.0,21,1
14405026,55,11,1,1,20,7,4.0,1,4
14405541,60,12,1,1,20,7,4.0,1,2
14405864,40,11,1,1,5,2,2.0,22,1
14405865,40,12,1,2,20,2,4.0,20,1
14406805,60,11,1,1,20,2,4.0,20,1
14407329,60,11,1,1,20,2,4.0,20,1
14407331,60,12,1,1,20,2,4.0,20,1
14407417,60,12,1,1,20,2,4.0,20,1
14407418,60,2,1,2,20,2,4.0,22,1
14409307,60,11,1,1,20,2,4.0,21,1
14409497,60,2,4,2,20,7,4.0,1,4
14409498,60,11,4,1,20,2,4.0,21,1
14409499,60,11,4,1,20,2,4.0,20,1
14409501,60,11,4,1,20,2,4.0,21,1
14409566,60,11,1,1,20,2,4.0,20,1
14409627,40,11,1,1,5,2,1.0,10,1
14410245,60,11,1,1,20,2,4.0,20,1
14410278,60,11,1,1,20,7,4.0,1,4
14410300,60,2,1,2,20,2,2.0,21,1
14410364,60,11,1,1,20,2,4.0,20,1
14410756,60,11,1,1,20,2,4.0,21,1
14410920,65,11,1,1,20,2,4.0,20,1
14410921,65,11,1,1,20,2,4.0,20,1
14411014,45,11,1,1,20,2,4.0,20,1
14411424,60,11,1,1,20,2,4.0,22,1
14411425,60,11,1,1,20,2,4.0,20,1
14411614,35,11,1,1,5,2,1.0,10,1
14411698,60,11,4,1,20,2,4.0,21,1
14411749,40,11,4,1,20,2,3.0,13,1
14411765,60,11,1,1,1,2,4.0,21,1
14412159,60,11,1,1,20,2,4.0,21,1
14412167,45,11,1,1,5,2,1.0,21,1
14413969,60,12,1,1,20,2,4.0,20,1
14413988,60,11,1,1,20,2,4.0,20,1
14415132,60,12,4,1,20,7,4.0,1,2
14415138,60,12,4,1,20,2,4.0,20,1
14415198,5,11,4,1,20,7,4.0,1,2
14415220,50,11,4,1,20,2,1.0,10,1
14415222,50,11,4,1,20,7,4.0,1,4
14415227,60,11,4,1,1,2,4.0,20,1
14415229,60,11,4,1,1,7,4.0,1,2
14415245,40,11,4,1,20,2,4.0,20,1
14415350,45,12,1,1,1,7,3.0,2,2
14415627,60,11,4,1,20,2,4.0,22,1
14415630,60,12,1,1,20,2,4.0,20,1
14415655,60,11,4,1,20,2,4.0,20,1
14416573,45,11,1,1,20,2,3.0,13,1
14416576,60,12,1,1,20,2,4.0,22,1
14416731,60,11,1,1,20,2,4.0,20,1
14417355,60,11,1,1,20,2,4.0,20,1
14417411,60,11,4,1,20,7,4.0,1,4
14418040,35,11,1,1,20,7,4.0,1,4
14418289,60,11,1,1,12,2,4.0,20,1
14419057,40,12,1,1,1,2,3.0,13,1
14419063,40,12,1,2,9,2,2.0,22,1
14419157,60,11,4,1,20,7,4.0,1,2
14419326,60,12,1,1,20,2,4.0,20,1
14419874,30,11,1,1,20,2,4.0,21,1
14420868,60,11,1,1,20,2,4.0,21,1
14420961,65,11,1,1,12,2,4.0,20,1
14421134,60,11,1,1,20,2,4.0,20,1
14421144,60,12,1,1,20,2,4.0,20,1
14421925,35,11,1,1,20,7,4.0,1,2
14422966,60,11,1,1,20,2,4.0,21,1
14423088,60,12,1,1,20,2,4.0,20,1
14423290,40,11,4,1,1,2,3.0,13,1
14423294,65,12,1,1,20,2,4.0,20,1
14423510,60,11,4,1,20,7,4.0,1,1
14423596,60,12,1,1,20,2,4.0,20,1
14423683,45,2,1,2,11,2,1.0,23,1
14423771,60,11,1,1,20,2,4.0,20,1
14423773,60,11,1,1,20,2,4.0,21,1
14424292,60,11,4,1,20,2,4.0,21,1
14424293,40,11,4,1,20,2,3.0,13,1
14424327,60,11,3,1,20,2,4.0,21,1
14424402,60,11,4,1,20,2,4.0,21,1
14424505,60,11,4,1,20,2,4.0,20,1
14424753,45,2,4,2,5,2,1.0,10,1
14424781,60,12,1,1,1,2,4.0,20,1
14424809,45,11,4,1,20,2,1.0,10,1
14425051,60,11,4,1,20,7,4.0,1,4
14425098,60,11,4,1,20,2,4.0,20,1
14425227,60,12,1,1,20,2,4.0,20,1
14425340,35,12,1,1,20,2,4.0,20,1
14427373,65,11,3,1,20,4,4.0,1,3
14427406,60,11,4,1,20,2,4.0,20,1
14427587,60,11,1,1,20,2,4.0,21,1
14428409,65,2,4,2,20,7,4.0,1,4
14428410,65,0,6,0,20,2,4.0,22,1
14428551,60,12,1,1,20,2,4.0,21,1
14429467,5,11,4,1,20,2,4.0,21,1
14429586,60,12,1,1,20,2,4.0,21,1
14431288,40,11,1,1,5,2,1.0,10,1
14431413,60,12,1,1,20,2,4.0,22,1
14431646,60,12,1,2,20,4,4.0,1,1
14431686,60,12,1,2,20,2,4.0,20,1
14431900,65,11,1,1,20,2,4.0,22,1
14432129,45,2,3,3,20,7,4.0,1,2
14432199,35,2,4,3,20,7,4.0,1,2
14432288,45,12,1,1,20,2,4.0,21,1
14432293,60,2,1,2,20,2,4.0,20,1
14434084,35,11,1,1,5,2,1.0,10,1
14434085,65,2,1,2,20,2,4.0,21,1
14434290,60,2,1,2,20,2,4.0,22,1
14434504,60,12,1,1,20,2,4.0,22,1
14434548,45,11,1,1,9,2,2.0,20,1
14434549,45,12,1,2,9,2,2.0,20,1
14435367,45,11,1,1,20,2,2.0,28,1
14436052,60,2,4,2,1,7,4.0,1,4
14436437,60,12,1,2,1,2,4.0,20,1
14436589,45,2,1,2,1,2,4.0,20,1
14436785,45,11,4,1,20,2,2.0,22,1
14437149,65,11,1,1,20,2,4.0,21,1
14437344,60,2,1,2,20,2,4.0,20,1
14439719,60,11,1,1,20,2,4.0,20,1
14439750,45,2,1,2,5,2,1.0,34,1
14439889,45,12,1,1,20,2,3.0,14,1
14440423,60,2,1,2,20,2,4.0,20,1
14440471,60,12,1,1,20,2,4.0,22,1
14441217,45,12,1,1,5,2,1.0,10,1
14441220,60,11,1,1,20,2,4.0,20,1
14441229,60,12,1,1,20,2,4.0,22,1
14441303,60,11,1,1,20,2,4.0,21,1
14441317,65,11,1,1,20,2,4.0,21,1
14441439,35,2,1,2,20,2,4.0,21,1
14442586,60,11,1,1,20,7,4.0,1,4
14443647,60,11,1,1,20,2,4.0,20,1
14444554,35,12,1,2,20,2,3.0,22,1
14445667,60,11,4,1,20,2,4.0,20,1
14446879,60,11,4,1,1,2,4.0,20,1
14448865,40,12,1,1,20,2,4.0,21,1
14448934,60,11,4,1,20,2,4.0,20,1
14448940,45,11,2,1,1,7,2.0,1,4
14448982,60,11,1,1,20,2,4.0,20,1
14448984,45,12,1,1,5,2,2.0,20,1
14448986,60,11,1,1,20,7,4.0,1,2
14449167,45,12,4,1,5,2,2.0,22,1
14449169,60,12,4,1,1,2,4.0,21,1
14449170,60,11,4,1,20,2,4.0,20,1
14449374,45,2,1,2,20,2,1.0,34,1
14449598,60,11,4,1,20,2,4.0,21,1
14449937,50,12,1,1,20,2,3.0,10,1
14450033,45,11,1,1,1,2,2.0,13,1
14450175,5,12,4,1,20,2,4.0,20,1
14450176,60,11,4,1,20,2,4.0,21,1
14450368,60,11,1,1,20,2,4.0,21,1
14450738,60,2,1,3,20,2,4.0,20,1
14451248,60,12,1,0,20,2,4.0,20,1
14451328,60,2,1,2,20,2,4.0,21,1
14451456,40,2,1,2,5,2,1.0,24,1
14451495,60,11,1,1,20,2,4.0,20,1
14451515,60,12,1,1,20,2,4.0,21,1
14451693,60,11,1,1,20,7,4.0,1,4
14453257,60,2,1,2,20,2,4.0,22,1
14453369,60,12,4,1,20,7,4.0,1,2
14453583,60,11,4,1,20,2,4.0,21,1
14454069,60,11,2,1,11,2,4.0,21,1
14454252,40,12,1,1,1,2,4.0,22,1
14454921,60,11,1,1,20,2,4.0,22,1
14454923,65,2,1,2,11,2,4.0,22,1
14454925,60,12,1,1,20,2,4.0,20,1
14455482,45,11,1,1,20,2,4.0,21,1
14455852,60,11,4,1,20,2,4.0,21,1
14455915,60,2,5,2,20,7,4.0,1,4
14455930,45,11,3,1,20,4,4.0,4,1
14455968,60,2,1,2,20,2,4.0,20,1
14456187,60,11,1,1,20,2,2.0,20,1
14456195,45,11,1,1,8,2,3.0,10,1
14456239,45,12,1,1,9,2,2.0,22,1
14457537,60,11,1,1,1,2,4.0,22,1
14457552,65,11,4,1,20,2,4.0,21,1
14457783,40,11,1,1,20,2,4.0,21,1
14457784,60,12,1,1,20,2,4.0,21,1
14457881,60,11,1,1,20,2,4.0,20,1
14459276,40,11,1,1,9,2,2.0,20,1
14459326,45,11,1,1,5,2,1.0,34,1
14460240,45,12,1,1,5,2,1.0,10,1
14460245,45,11,1,1,20,2,4.0,21,1
14460461,60,12,4,1,20,2,4.0,21,1
14460466,45,11,3,1,20,1,4.0,1,1
14460793,60,12,1,2,20,2,4.0,20,1
14461037,60,11,1,1,20,2,4.0,20,1
14461070,60,11,1,1,20,2,4.0,20,1
14461148,60,2,1,2,20,2,4.0,21,1
14461263,35,12,4,1,1,7,4.0,1,2
14461371,60,11,4,1,20,2,4.0,21,1
14461382,45,11,1,1,20,2,4.0,20,1
14462944,65,11,4,1,20,7,4.0,1,2
14463075,60,2,1,2,20,8,4.0,1,1
14463182,30,2,4,2,5,2,4.0,31,1
14463562,60,12,1,1,1,2,4.0,22,1
14463681,45,11,4,1,20,7,4.0,1,2
14463842,45,11,1,1,20,2,2.0,20,1
14463843,65,11,1,1,11,2,4.0,21,1
14463844,50,11,4,1,5,2,1.0,10,1
14464723,65,11,1,1,20,2,4.0,20,1
14465186,60,11,1,1,20,2,4.0,20,1
14465427,60,11,1,1,20,4,2.0,1,2
14465471,45,11,1,1,20,2,4.0,20,1
14465562,45,2,1,2,5,2,1.0,10,1
14465785,65,11,1,1,20,2,4.0,22,1
14465954,60,2,1,2,20,2,4.0,22,1
14467229,65,12,1,1,20,2,4.0,21,1
14467452,65,11,1,1,20,2,4.0,20,1
14467538,60,11,1,1,20,2,4.0,21,1
14467685,60,11,1,1,20,2,4.0,20,1
14467708,60,12,1,1,20,2,4.0,20,1
14467889,60,12,4,1,20,7,4.0,1,2
14468104,60,11,1,1,20,7,4.0,1,4
14468943,60,11,1,1,20,2,4.0,21,1
14469004,40,11,1,1,1,2,2.0,22,1
14469977,60,11,4,1,20,2,4.0,20,1
14470296,65,11,1,1,11,2,4.0,20,1
14470490,45,11,4,1,20,7,4.0,1,4
14470806,60,2,1,2,20,2,4.0,20,1
14471482,60,11,1,1,20,2,4.0,22,1
14471940,60,11,1,1,20,2,4.0,20,1
14471942,60,11,1,1,20,2,4.0,20,1
14472533,40,11,2,1,5,2,1.0,10,1
14472535,60,11,1,1,20,2,4.0,21,1
14472637,40,12,1,1,20,2,4.0,20,1
14472717,45,11,1,1,20,2,1.0,34,1
14472733,45,11,1,1,20,2,2.0,25,1
14473263,45,11,1,1,5,2,1.0,10,1
14474792,60,11,1,1,20,2,4.0,21,1
14475432,60,11,4,1,20,2,4.0,20,1
14475554,50,11,4,1,20,7,4.0,1,2
14475558,65,11,4,1,1,7,2.0,1,4
14475561,50,11,4,1,1,2,4.0,20,1
14475563,60,11,4,1,20,2,4.0,20,1
14475571,60,11,4,1,20,2,4.0,20,1
14475600,55,11,1,1,20,2,4.0,21,1
14477425,45,11,4,1,20,2,4.0,20,1
14477453,65,11,4,1,20,2,4.0,21,1
14477653,40,11,1,1,20,2,1.0,28,1
14477745,60,11,5,1,1,2,4.0,21,1
14478639,60,11,1,1,1,2,2.0,20,1
14479504,60,11,1,1,20,2,4.0,20,1
14479699,50,11,4,1,6,2,1.0,10,1
14479702,60,12,4,1,20,7,4.0,1,4
14479780,60,11,4,1,1,10,4.0,1,1
14480082,65,11,1,1,20,2,4.0,21,1
14481721,60,11,1,1,20,2,4.0,20,1
14482131,65,11,4,1,20,2,4.0,21,1
14482137,60,11,4,1,20,7,4.0,1,2
14482138,45,11,4,1,20,7,2.0,1,4
14482273,40,11,1,1,20,2,4.0,20,1
14482286,60,11,1,1,20,2,4.0,20,1
14482303,60,11,1,1,20,2,4.0,20,1
14482346,60,11,1,1,20,2,4.0,21,1
14483673,40,11,1,1,20,2,4.0,21,1
14483791,40,11,1,1,20,1,2.0,3,1
14483884,60,11,1,1,5,2,2.0,22,1
14483901,-1,11,1,1,1,2,3.0,17,2
14483930,60,11,1,1,20,2,4.0,20,1
14484301,45,11,1,1,5,2,2.0,22,1
14484303,60,11,4,1,1,2,4.0,21,1
14484373,60,11,1,1,20,2,4.0,20,1
14484643,60,11,1,1,20,2,4.0,20,1
14484656,60,11,1,1,20,2,4.0,20,1
14484796,50,11,1,1,20,2,4.0,21,1
14484801,60,11,1,1,20,2,4.0,20,1
14484858,60,11,4,1,20,2,4.0,22,1
14484921,60,12,4,1,20,2,4.0,20,1
14484925,60,12,4,1,20,2,4.0,22,1
14485373,60,11,1,1,20,2,4.0,20,1
14486720,40,11,1,1,20,8,4.0,1,2
14486721,40,11,1,1,20,2,4.0,20,1
14486762,40,11,1,1,1,7,2.0,2,2
14487266,60,12,1,1,20,2,4.0,21,1
14487521,65,12,4,1,20,2,4.0,21,1
14487876,65,11,4,1,20,2,4.0,20,1
14487888,60,2,4,2,20,2,4.0,20,1
14487903,60,11,4,1,20,2,4.0,22,1
14487940,60,11,1,1,20,2,4.0,21,1
14488102,60,11,1,1,20,2,4.0,21,1
14488103,60,2,4,2,20,2,4.0,20,1
14488174,65,2,1,3,11,2,4.0,21,1
14488175,60,2,1,2,11,2,4.0,20,1
14489177,60,2,2,2,20,2,4.0,20,1
14489179,35,11,1,1,5,2,1.0,10,1
14489183,45,12,1,1,20,2,4.0,21,1
14489184,65,12,1,1,20,2,4.0,20,1
14489746,65,11,1,1,20,2,4.0,20,1
14489748,45,11,1,1,20,2,1.0,20,1
14489891,45,12,1,2,20,2,4.0,20,1
14490147,40,12,1,1,5,2,2.0,22,1
14490328,60,11,4,1,1,2,4.0,21,1
14492429,60,0,0,0,20,2,4.0,21,1
14492529,30,11,1,1,1,2,4.0,21,1
14492927,60,12,4,1,20,2,4.0,20,1
14493207,60,11,4,1,20,7,4.0,1,1
14493978,35,11,1,2,20,2,4.0,22,1
14493982,60,2,1,2,20,2,4.0,21,1
14494202,60,11,1,1,20,2,4.0,20,1
14494229,60,2,1,2,20,2,4.0,20,1
14494308,60,11,4,1,20,2,4.0,20,1
14494310,45,11,1,1,20,2,1.0,24,1
14494319,60,11,4,1,20,2,4.0,21,1
14496235,35,2,1,2,5,2,1.0,10,1
14496434,45,12,1,1,5,2,1.0,10,1
14496533,60,11,1,1,1,7,4.0,1,2
14496556,65,11,4,1,20,2,4.0,20,1
14496835,60,11,1,1,20,2,4.0,20,1
14497053,60,12,4,1,20,2,4.0,22,1
14497191,65,11,1,1,20,2,4.0,20,1
14497198,65,12,1,1,20,2,4.0,21,1
14497419,60,11,1,1,20,2,4.0,20,1
14498990,45,2,1,2,5,2,1.0,10,1
14498991,45,2,1,2,5,2,1.0,10,1
14499004,60,2,1,2,20,2,4.0,21,1
14499005,60,2,1,2,20,2,4.0,21,1
14499418,65,11,1,1,20,7,4.0,1,4
14499655,60,11,4,1,20,2,4.0,21,1
14499657,45,12,4,1,20,7,4.0,1,2
14499771,45,11,3,1,20,7,4.0,1,2
14499819,60,11,1,1,20,2,4.0,21,1
14500591,60,11,1,1,20,2,4.0,20,1
14500953,60,11,1,1,20,2,4.0,20,1
14501071,40,12,1,1,21,2,1.0,34,1
14501084,60,11,1,1,20,2,4.0,20,1
14501464,60,11,4,1,1,2,4.0,21,1
14502214,50,2,1,2,20,2,2.0,20,1
14503081,45,12,1,1,20,2,3.0,13,1
14503082,65,11,4,1,1,2,4.0,21,1
14504459,60,11,1,1,20,2,4.0,20,1
14504478,25,11,1,1,1,5,4.0,1,1
14505036,60,11,1,1,20,2,4.0,20,1
14505043,60,11,2,1,11,2,4.0,20,1
14505087,60,11,1,1,20,2,4.0,21,1
14505460,65,11,1,1,1,2,4.0,22,1
14505461,60,2,1,2,20,2,4.0,21,1
14505519,60,11,2,1,20,2,2.0,17,1
14505542,65,12,1,1,20,2,4.0,20,1
14506401,35,11,1,1,5,2,1.0,10,1
14506984,60,11,1,1,20,2,4.0,21,1
14506988,60,11,1,1,20,2,4.0,20,1
14507484,65,2,3,3,20,2,4.0,20,1
14507553,45,11,1,1,1,2,4.0,21,1
14507556,60,12,4,1,20,2,4.0,21,1
14507648,60,11,3,2,20,2,4.0,20,1
14507877,35,11,4,1,20,7,4.0,1,2
14508145,60,12,4,1,20,2,4.0,21,1
14508149,60,12,1,1,20,7,4.0,1,4
14508158,60,11,1,1,20,2,4.0,20,1
14509699,60,11,1,1,1,2,4.0,20,1
14509724,35,11,1,1,20,2,4.0,21,1