Crash_ID,Crash_Speed_Limit,Wthr_Cond_ID,Light_Cond_ID,Surf_Cond_ID,Traffic_Cntl_ID,Harm_Evnt_ID,Intrsct_Relat_ID,FHE_Collsn_ID,Road_Relat_ID
14509734,35,11,1,1,5,2,2.0,20,1
14509740,60,12,1,1,20,2,4.0,20,1
14510117,60,12,4,2,20,2,4.0,20,1
14510122,60,12,4,2,20,2,4.0,20,1
14510210,60,11,4,1,20,2,4.0,21,1
14510215,60,11,4,1,20,2,4.0,20,1
14510312,45,2,1,2,5,2,1.0,10,1
14510338,60,11,4,1,20,2,4.0,22,1
14510403,60,2,1,2,20,7,4.0,1,4
14510404,60,2,1,2,20,7,4.0,1,4
14511363,60,11,1,1,20,2,4.0,20,1
14511385,60,11,1,1,20,2,4.0,20,1
14511677,60,11,1,2,20,2,4.0,20,1
14512039,45,11,1,1,20,2,4.0,20,1
14512082,40,2,1,3,20,2,4.0,21,1
14512123,65,11,4,1,1,7,4.0,1,2
14512144,60,12,3,1,20,7,2.0,1,4
14513231,40,11,1,1,20,2,3.0,22,1
14513242,35,2,1,2,11,2,4.0,21,1
14513243,45,11,2,1,5,2,1.0,10,1
14513247,60,12,1,1,20,2,4.0,20,1
14513248,45,12,6,2,20,2,4.0,20,1
14513288,60,11,1,1,20,2,4.0,20,1
14513879,60,12,1,1,20,2,4.0,20,1
14514165,65,11,4,1,20,2,4.0,21,1
14514166,65,11,1,1,20,2,4.0,22,1
14514279,50,11,4,1,20,7,4.0,1,2
14514287,45,11,4,1,20,7,4.0,1,4
14516909,65,2,4,3,20,2,4.0,20,1
14516911,65,11,1,1,20,2,4.0,21,1
14516921,65,11,1,1,20,2,4.0,20,1
14517055,45,12,1,1,20,2,4.0,21,1
14517177,45,2,1,2,5,2,1.0,10,1
14517186,45,12,1,1,5,2,1.0,10,1
14517610,65,2,1,2,1,2,4.0,21,1
14517812,45,11,4,1,20,7,4.0,5,2
14518020,45,11,1,1,20,7,4.0,1,2
14518155,60,12,1,1,20,2,4.0,22,1
14518347,45,11,4,1,5,7,2.0,3,2
14518424,35,11,4,1,20,2,1.0,10,1
14519225,45,2,1,2,20,2,4.0,21,1
14519742,60,11,1,1,20,2,4.0,20,1
14519893,60,11,1,1,20,2,4.0,20,1
14519918,60,11,1,1,20,2,4.0,21,1
14519969,60,12,1,1,1,2,4.0,30,1
14520299,60,11,1,1,20,2,4.0,20,1
14520866,60,11,1,1,20,2,4.0,20,1
14520901,60,12,4,1,20,2,4.0,21,1
14520907,60,11,4,1,20,2,4.0,21,1
14521035,60,11,1,1,20,2,4.0,21,1
14521169,60,11,1,1,20,2,4.0,20,1
14521186,60,11,1,1,20,2,4.0,20,1
14521208,35,12,1,1,20,2,4.0,22,1
14521562,45,11,1,1,5,2,3.0,10,1
14522896,65,11,1,1,20,2,4.0,20,1
14522974,60,11,1,1,20,10,4.0,1,2
14523084,65,11,4,1,5,2,2.0,22,1
14523133,60,2,8,2,20,2,4.0,21,1
14523163,5,2,4,2,20,2,4.0,21,1
14523164,60,11,4,1,20,7,4.0,1,2
14523174,60,11,4,1,20,2,4.0,20,1
14523275,60,11,1,1,20,2,4.0,20,1
14524563,60,12,1,1,20,2,4.0,20,1
14524615,60,11,1,1,1,2,4.0,21,1
14525069,65,11,4,1,1,7,4.0,1,4
14525113,35,12,4,1,20,8,4.0,1,1
14525176,35,0,1,1,5,2,2.0,22,1
14525616,45,11,1,1,9,2,2.0,22,1
14526458,45,11,1,1,8,2,2.0,21,1
14526793,40,11,1,1,20,2,4.0,21,1
14528131,60,11,1,1,20,2,4.0,20,1
14528423,60,11,1,1,20,2,4.0,20,1
14528656,45,11,1,1,5,2,1.0,10,1
14528817,45,11,1,1,5,2,1.0,10,1
14529018,45,11,1,1,11,2,4.0,20,1
14529333,45,11,1,1,5,2,1.0,10,1
14529335,45,11,1,1,5,2,1.0,10,1
14529382,60,12,4,1,20,2,4.0,21,1
14529540,65,11,4,1,1,2,4.0,21,1
14529560,45,11,1,1,1,7,2.0,1,4
14529762,65,12,1,1,20,2,4.0,20,1
14529975,60,11,1,1,20,2,4.0,21,1
14530471,60,11,4,1,20,2,4.0,20,1
14531283,35,11,1,1,5,2,1.0,10,1
14531285,60,11,1,1,20,2,4.0,20,1
14531744,60,11,1,1,1,2,4.0,22,1
14531746,60,11,5,1,20,2,4.0,20,1
14531818,60,11,4,1,20,2,4.0,20,1
14532018,40,11,1,1,5,2,4.0,10,1
14532440,60,11,1,1,20,2,4.0,20,1
14532911,45,11,4,1,20,7,2.0,1,2
14532912,35,11,1,1,5,2,1.0,34,1
14532979,35,11,1,1,20,2,4.0,20,1
14533473,60,11,1,1,20,2,4.0,22,1
14533549,60,11,1,1,5,2,1.0,14,1
14533627,60,11,1,1,20,2,4.0,20,1
14533649,60,11,4,1,20,2,4.0,21,1
14533706,45,11,1,1,21,2,2.0,20,1
14534124,55,11,1,1,20,2,4.0,20,1
14534920,60,11,1,1,20,2,4.0,20,1
14535186,45,11,1,1,5,2,1.0,10,1
14535268,65,11,1,1,20,2,4.0,20,1
14535577,60,11,1,1,1,2,4.0,21,1
14536858,45,11,1,1,20,2,4.0,20,1
14536938,60,11,4,1,20,2,4.0,21,1
14537238,60,11,1,1,20,2,4.0,21,1
14537328,60,11,1,1,20,2,4.0,20,1
14538718,60,11,1,1,20,2,4.0,21,1
14538959,60,11,1,1,20,2,4.0,20,1
14539341,40,11,1,1,20,7,4.0,1,2
14539440,60,11,1,1,20,2,4.0,21,1
14539555,60,11,1,1,20,2,4.0,21,1
14539871,35,11,1,1,11,2,4.0,21,1
14539909,45,11,4,1,5,7,2.0,1,2
14540259,45,11,1,1,5,2,1.0,34,1
14540260,45,11,1,1,5,2,1.0,14,1
14540407,45,11,0,0,5,2,4.0,20,1
14540430,60,11,1,1,20,7,4.0,1,4
14540855,45,11,1,1,5,2,1.0,10,1
14540998,45,11,5,1,5,2,1.0,13,1
14541014,45,12,1,1,20,2,4.0,21,1
14541016,60,11,1,1,20,7,4.0,1,4
14541360,60,11,1,1,20,2,4.0,20,1
14541369,60,11,1,1,20,2,4.0,20,1
14541417,60,12,1,1,20,2,4.0,20,1
14542549,60,11,1,1,20,2,4.0,20,1
14542827,45,11,1,1,5,2,1.0,10,1
14543180,60,11,1,1,20,2,4.0,20,1
14543251,60,11,4,1,20,10,4.0,1,1
14543365,60,11,1,1,20,7,4.0,1,4
14544815,60,11,1,1,20,2,4.0,20,1
14546062,60,11,1,1,1,2,4.0,20,1
14546297,60,11,1,1,20,2,4.0,20,1
14546454,60,11,1,1,20,2,4.0,22,1
14547578,60,12,1,1,20,2,4.0,20,1
14549023,45,11,4,1,5,2,1.0,10,1
14549605,60,11,1,1,20,2,4.0,20,1
14549606,60,11,2,1,20,2,4.0,21,1
14549721,40,11,1,1,5,2,1.0,10,1
14550643,40,11,1,1,5,2,2.0,22,1
14550644,60,11,1,1,20,7,4.0,1,4
14550779,60,11,1,1,20,2,4.0,21,1
14550786,60,11,1,1,20,2,4.0,20,1
14551031,45,11,1,1,20,2,4.0,20,1
14551129,60,11,4,1,20,7,4.0,1,4
14551317,60,11,1,1,20,2,4.0,20,1
14552137,60,11,1,1,3,2,4.0,20,1
14552138,60,11,2,1,20,2,4.0,20,1
14552541,60,2,1,2,20,2,4.0,21,1
14552995,45,11,1,1,20,7,2.0,1,2
14553162,45,11,1,1,5,2,1.0,10,1
14553268,60,12,1,1,20,2,2.0,20,1
14553345,60,11,1,1,20,2,4.0,20,1
14553418,40,11,1,1,5,2,2.0,22,1
14553508,60,11,1,1,20,2,4.0,20,1
14554169,60,11,4,1,20,2,4.0,20,1
14555490,45,11,1,1,20,2,4.0,21,1
14555532,35,11,1,1,9,2,2.0,25,1
14555562,60,11,1,1,20,2,4.0,20,1
14557280,60,11,1,1,20,2,4.0,20,1
14557876,65,11,4,1,1,2,4.0,20,1
14557939,45,12,4,1,20,7,4.0,1,2
14558865,65,11,1,1,1,2,4.0,20,1
14558872,60,11,1,1,20,2,4.0,20,1
14559831,45,11,4,1,20,10,4.0,1,2
14560602,40,11,1,1,5,2,1.0,34,1
14560678,60,11,1,1,20,2,4.0,21,1
14560679,60,11,4,1,20,2,4.0,22,1
14560731,60,11,1,1,11,2,4.0,20,1
14561698,60,11,1,1,20,7,4.0,1,3
14561702,60,11,4,1,1,2,4.0,21,1
14563525,60,11,1,1,20,2,4.0,20,1
14564799,60,11,1,1,20,2,4.0,21,1
14564800,55,11,1,2,20,2,4.0,22,1
14564811,45,12,1,1,5,2,1.0,10,1
14565104,45,11,4,1,20,2,2.0,14,1
14565200,60,11,4,1,20,7,2.0,1,4
14565307,45,11,4,1,1,7,4.0,1,2
14565439,60,11,4,1,20,2,4.0,20,1
14566951,60,11,1,1,20,2,4.0,21,1
14566952,40,11,1,1,5,2,1.0,10,1
14567007,60,11,4,1,20,2,4.0,21,1
14567017,45,11,1,1,20,2,4.0,21,1
14567677,40,11,4,1,20,2,4.0,20,1
14567921,60,11,1,1,20,7,4.0,1,2
14567922,60,11,3,1,20,7,4.0,1,4
14569851,60,12,1,1,20,2,4.0,20,1
14569926,30,11,4,1,17,2,2.0,20,1
14570016,60,11,4,1,20,2,4.0,20,1
14570165,60,11,1,1,20,2,4.0,21,1
14571834,60,11,4,1,20,2,4.0,20,1
14572351,60,11,1,1,20,2,4.0,20,1
14572364,60,2,1,2,20,2,4.0,20,1
14572402,60,11,1,1,1,2,4.0,22,1
14572403,35,12,1,1,20,2,4.0,20,1
14572662,60,11,1,1,20,2,4.0,20,1
14572769,60,11,1,1,20,2,4.0,20,1
14572811,55,11,1,1,20,2,4.0,20,1
14573581,60,11,1,1,20,2,4.0,20,1
14573583,35,11,1,1,20,2,2.0,21,1
14575691,60,11,1,1,20,2,4.0,21,1
14575704,60,11,1,1,20,2,4.0,21,1
14575835,50,11,1,1,8,2,1.0,10,1
14576014,60,11,1,1,20,2,4.0,20,1
14576155,45,12,4,1,11,7,2.0,1,4
14576411,45,11,5,1,20,2,3.0,23,1
14576596,60,11,3,1,20,2,4.0,20,1
14577038,45,11,1,1,20,2,4.0,20,1
14577337,60,11,1,1,1,2,4.0,21,1
14577382,45,11,4,1,21,2,1.0,10,1
14577515,60,11,4,1,20,8,4.0,1,1
14578577,60,11,4,1,1,2,4.0,21,1
14579129,60,11,1,1,20,2,4.0,21,1
14579237,45,11,1,1,20,2,4.0,20,1
14580405,60,11,1,1,20,2,4.0,20,1
14582150,60,11,4,1,20,7,4.0,1,4
14585411,45,2,1,2,20,7,4.0,1,2
14585759,40,11,4,1,5,2,1.0,10,1
14587603,50,11,1,1,5,2,1.0,10,1
14588695,60,11,1,1,20,2,4.0,20,1
14588740,60,11,1,1,20,2,4.0,20,1
14589119,35,11,1,1,9,2,1.0,14,1
14595209,60,11,1,1,11,2,4.0,20,1
14596577,60,11,4,1,20,1,4.0,1,1
14598829,45,11,1,1,5,2,1.0,10,1
14603533,45,2,1,2,20,2,2.0,22,1
14603536,65,11,1,1,20,2,4.0,20,1
14628456,65,11,1,1,20,2,4.0,21,1
14664417,60,12,1,1,1,2,4.0,21,1
14675046,45,11,1,1,20,2,4.0,22,1
14752986,60,11,1,1,20,2,4.0,20,1
14787003,60,11,3,1,20,2,4.0,20,1
14898297,45,11,1,1,5,2,1.0,10,1
14918069,45,12,4,1,5,2,1.0,10,1
14975032,45,11,1,1,11,2,3.0,23,1
15043242,45,12,1,1,5,2,1.0,34,1
15057489,40,11,1,1,5,2,1.0,10,1
15057584,45,12,1,2,20,2,4.0,20,1
15057663,60,11,1,1,20,2,4.0,20,1
15057966,40,12,4,1,20,7,4.0,1,4
15058355,-1,11,4,1,20,2,2.0,21,1
15058684,-1,11,1,1,20,2,4.0,22,1
15058738,45,11,4,1,20,7,4.0,1,4
15059408,60,11,1,1,20,2,4.0,21,1
15059827,60,12,1,2,20,2,4.0,20,1
15059953,60,11,1,1,20,10,4.0,1,2
15061251,65,12,1,1,20,7,4.0,1,4
15061312,35,11,1,1,20,2,3.0,13,1
15061336,35,11,1,1,11,2,4.0,20,1
15061925,40,11,1,1,5,2,4.0,20,1
15062061,-1,11,4,2,20,7,4.0,1,2
15062107,60,11,1,1,17,2,4.0,21,1
15062620,50,12,1,1,5,2,4.0,22,1
15072967,60,12,1,1,20,2,4.0,20,1
15073020,60,11,3,1,1,7,4.0,1,4
15073053,60,11,1,1,1,7,4.0,1,4
15073518,45,11,4,2,1,2,3.0,14,2
15073521,65,12,1,2,20,2,4.0,10,1
15073720,45,11,1,1,20,2,1.0,21,1
15073880,50,11,1,1,5,2,1.0,10,1
15073944,45,12,1,1,20,2,1.0,13,1
15074367,65,11,1,1,5,2,4.0,20,1
15074612,45,11,4,1,1,7,4.0,1,2
15074629,65,11,4,1,11,2,4.0,22,1
15091495,35,2,1,3,5,2,1.0,10,1
15119095,60,11,1,1,20,2,2.0,20,1
15126699,60,11,1,1,20,2,4.0,20,1
15160738,65,11,1,1,11,2,4.0,21,1
15362248,45,11,4,1,5,2,1.0,34,1
15511607,60,2,3,2,20,2,4.0,21,1
15732377,60,11,1,1,20,2,4.0,20,1
16217585,60,11,4,1,20,2,4.0,21,1
16766043,45,2,4,2,5,2,1.0,10,1
16838619,60,11,1,1,20,7,4.0,1,4
16901711,60,11,4,1,20,2,4.0,20,1
14581373,60,11,1,1,20,7,4.0,1,4
14581466,35,11,4,1,5,2,1.0,10,1
14581601,45,11,4,1,8,2,1.0,10,1
14581801,45,11,1,1,5,2,2.0,22,1
14581802,60,11,1,1,20,2,4.0,20,1
14581999,45,11,1,1,20,2,4.0,22,1
14582924,60,11,1,1,20,2,4.0,20,1
14582926,60,11,1,1,20,8,4.0,1,1
14582927,40,11,4,1,20,2,4.0,21,1
14583413,60,11,1,1,20,2,4.0,20,1
14583729,60,11,3,1,6,2,4.0,22,1
14583965,60,11,1,1,20,2,4.0,20,1
14584323,35,11,1,1,5,2,2.0,21,1
14585363,45,11,1,1,20,2,4.0,20,1
14585753,45,11,4,1,1,2,4.0,20,1
14585765,50,11,4,1,20,7,4.0,1,4
14585789,60,11,1,1,20,2,4.0,20,1
14586296,60,11,1,1,20,2,4.0,20,1
14586353,45,11,1,1,11,2,2.0,22,1
14587123,60,11,1,1,20,2,4.0,21,1
14587314,60,11,1,1,20,2,2.0,25,1
14587467,60,11,1,1,20,2,4.0,21,1
14587578,45,11,4,1,20,2,3.0,11,1
14587604,50,11,1,1,5,2,1.0,10,1
14587606,60,11,1,1,20,2,4.0,20,1
14588373,65,11,1,1,1,2,4.0,20,1
14588579,45,11,4,1,1,7,2.0,1,4
14588580,70,11,4,1,20,2,4.0,22,1
14588743,60,11,1,1,20,2,4.0,20,1
14588809,60,12,4,1,20,2,4.0,21,1
14588891,60,11,1,1,20,2,4.0,21,1
14589574,60,11,1,1,20,2,4.0,20,1
14589695,60,11,1,1,20,2,4.0,20,1
14590666,65,11,4,1,20,2,4.0,20,1
14590677,40,12,4,1,20,7,4.0,1,2
14592495,60,11,1,1,20,2,4.0,20,1
14592568,60,11,1,1,20,2,4.0,22,1
14592753,35,11,1,1,21,2,1.0,10,1
14592862,65,11,1,1,1,2,4.0,20,1
14593263,55,11,1,1,20,2,4.0,22,1
14593867,60,11,1,1,20,2,4.0,21,1
14594548,60,11,1,1,20,2,4.0,20,1
14594560,30,11,1,1,1,2,4.0,21,1
14594733,60,11,1,1,1,10,4.0,1,2
14594752,65,11,1,1,1,7,4.0,1,4
14594766,65,11,1,1,20,2,4.0,20,1
14596180,65,2,1,2,20,2,4.0,20,1
14596209,65,12,1,1,20,2,4.0,20,1
14598077,60,2,1,2,20,2,4.0,20,1
14598575,35,11,1,1,20,2,4.0,21,1
14598716,60,11,1,1,20,2,4.0,20,1
14598791,40,12,1,1,20,2,4.0,21,1
14599304,35,11,1,1,5,2,1.0,34,1
14599458,60,11,1,1,20,2,4.0,20,1
14599553,45,12,1,1,1,4,4.0,1,2
14599566,60,11,4,1,20,2,4.0,20,1
14599573,50,11,1,1,1,2,4.0,20,1
14599872,50,11,4,1,20,2,1.0,10,1
14599873,60,11,4,1,20,7,4.0,1,4
14599875,55,11,1,1,20,2,4.0,22,1
14601103,65,12,4,2,20,2,4.0,21,1
14601399,60,11,1,1,20,2,4.0,21,1
14601549,60,12,1,1,20,2,4.0,20,1
14601783,65,11,1,1,1,2,4.0,21,1
14601927,60,12,4,1,1,2,4.0,20,1
14603413,60,11,1,1,20,2,4.0,22,1
14603558,60,11,4,1,20,2,4.0,20,1
14603573,60,11,1,1,20,2,4.0,20,1
14603581,60,11,1,1,20,2,4.0,20,1
14603599,60,11,1,1,20,2,4.0,21,1
14603604,60,11,1,1,20,2,4.0,21,1
14603621,60,11,1,1,20,2,4.0,20,1
14603727,30,11,1,1,5,7,2.0,2,2
14603921,60,2,1,2,20,2,4.0,20,1
14604433,45,11,1,1,1,2,4.0,21,1
14606506,50,11,4,1,5,2,1.0,10,1
14606873,65,11,1,1,20,2,4.0,20,1
14607657,65,11,4,1,20,2,4.0,22,1
14608082,60,11,1,1,20,2,4.0,21,1
14608088,60,12,1,1,20,2,4.0,22,1
14608976,30,11,1,1,20,2,4.0,20,1
14609512,65,2,1,2,20,2,4.0,20,1
14609525,60,11,1,1,11,2,4.0,20,1
14609579,55,12,1,1,20,2,4.0,20,1
14609654,65,11,1,1,12,2,4.0,20,1
14610464,60,11,1,1,20,2,4.0,20,1
14610467,35,11,1,1,20,2,2.0,21,1
14611307,45,12,1,1,20,2,3.0,10,1
14611391,40,11,1,1,5,2,1.0,34,1
14613203,45,11,1,1,8,2,1.0,10,1
14613227,65,11,1,1,20,7,4.0,1,2
14613242,60,11,4,1,20,2,4.0,21,1
14613514,60,11,1,1,20,9,4.0,1,1
14613698,60,11,6,1,17,2,4.0,21,1
14614039,60,11,4,1,20,7,4.0,1,4
14614757,35,11,4,1,5,7,2.0,1,2
14614758,65,11,1,1,11,2,4.0,20,1
14614798,60,12,1,1,20,2,4.0,21,1
14614799,60,12,4,1,20,2,4.0,22,1
14614807,60,12,6,1,20,7,4.0,1,4
14614823,60,11,1,1,20,2,4.0,20,1
14615520,65,12,1,1,20,2,4.0,20,1
14615521,45,12,1,1,21,2,1.0,10,1
14615606,60,11,1,1,20,2,4.0,20,1
14615843,60,12,1,1,20,7,4.0,1,2
14616135,40,0,0,0,1,2,2.0,21,1
14616661,45,11,1,1,11,2,4.0,20,1
14616923,60,2,1,2,20,7,4.0,1,2
14616924,35,11,4,1,20,2,4.0,22,1
14617633,60,2,4,2,1,2,4.0,20,1
14618365,60,12,1,2,1,2,4.0,21,1
14618563,65,12,4,1,20,2,4.0,21,1
14619670,65,11,1,1,20,2,4.0,21,1
14619783,60,11,1,1,20,7,2.0,1,1
14619923,35,11,1,1,5,2,2.0,20,1
14619966,45,12,1,2,20,2,3.0,23,1
14620630,50,11,1,1,11,2,2.0,21,1
14620656,60,11,1,1,20,7,4.0,1,4
14621591,60,11,1,1,20,2,4.0,21,1
14621593,60,11,6,1,20,2,4.0,22,1
14622009,60,12,1,1,20,2,4.0,20,1
14622106,45,12,1,2,20,2,4.0,21,1
14622108,60,11,1,1,20,2,4.0,20,1
14622212,45,11,4,1,20,2,4.0,21,1
14623187,60,2,1,2,1,2,4.0,20,1
14623679,45,11,4,1,20,7,4.0,1,2
14623705,60,11,4,1,20,2,4.0,20,1
14623723,50,11,1,1,20,2,4.0,21,1
14623769,45,12,1,1,5,2,1.0,10,1
14623788,60,11,1,1,20,2,4.0,21,1
14623792,45,11,4,1,20,7,4.0,1,2
14623806,45,11,1,1,20,2,2.0,23,1
14624389,60,11,1,1,20,2,4.0,20,1
14624395,60,11,1,1,20,2,4.0,20,1
14624438,60,11,4,1,20,2,4.0,21,1
14624805,-1,11,4,1,20,2,1.0,14,1
14624903,60,11,1,1,20,2,4.0,21,1
14624905,60,11,3,1,20,2,4.0,20,1
14625657,40,11,1,1,20,2,1.0,28,1
14625843,60,11,1,1,1,2,4.0,20,1
14626229,60,11,1,1,20,2,4.0,20,1
14626339,60,11,1,1,20,2,4.0,21,1
14626510,60,11,1,1,20,2,4.0,20,1
14626970,65,11,1,1,1,2,4.0,21,1
14626983,45,11,1,1,5,2,1.0,10,1
14627032,35,11,4,1,20,2,3.0,13,1
14627355,60,11,4,1,20,7,4.0,1,4
14627356,60,11,4,1,20,2,4.0,20,1
14627357,60,11,4,1,20,2,4.0,20,1
14627360,60,11,3,1,20,2,4.0,20,1
14628025,50,11,1,1,20,2,4.0,21,1
14628486,45,11,1,1,20,7,4.0,1,2
14628591,60,11,1,1,20,2,4.0,20,1
14628610,45,11,1,1,20,2,3.0,25,1
14628612,45,12,1,1,5,2,1.0,34,1
14628692,35,12,1,1,20,2,4.0,20,1
14628705,45,11,1,1,20,2,4.0,20,1
14628839,60,12,1,1,20,2,4.0,22,1
14629301,60,11,1,1,20,2,4.0,20,1
14629302,45,12,1,3,20,2,2.0,22,1
14629340,65,11,4,1,20,2,4.0,20,1
14629478,65,11,4,1,20,7,4.0,1,2
14629723,60,2,1,2,20,2,4.0,21,1
14629724,60,11,1,1,20,2,4.0,20,1
14629813,45,12,1,1,11,2,2.0,23,1
14631021,60,12,1,1,20,2,4.0,20,1
14631439,45,11,1,1,5,2,2.0,10,1
14631796,60,11,2,1,1,2,4.0,20,1
14632305,60,11,4,1,11,10,2.0,1,1
14632914,60,2,4,2,20,2,4.0,21,1
14632920,60,11,1,1,20,2,4.0,20,1
14632923,60,11,1,1,20,2,4.0,20,1
14633424,45,2,1,2,5,2,1.0,10,1
14633563,45,12,4,1,1,2,4.0,20,1
14633817,65,11,1,1,20,2,4.0,20,1
14634101,60,11,1,1,20,2,4.0,20,1
14634121,60,11,1,1,20,2,4.0,20,1
14634430,60,12,1,1,20,2,4.0,21,1
14635161,65,11,3,1,20,2,4.0,21,1
14636529,60,11,1,1,20,2,4.0,20,1
14637361,45,2,3,2,20,2,4.0,20,1
14637431,65,11,4,1,20,2,4.0,21,1
14637458,60,11,1,1,20,2,4.0,21,1
14637595,60,11,4,1,20,7,4.0,1,2
14637719,60,11,1,1,20,2,4.0,20,1
14639765,45,11,1,1,5,2,3.0,20,1
14640142,40,11,1,1,1,2,4.0,21,1
14640573,65,11,1,1,20,2,4.0,22,1
14640726,60,11,4,1,20,7,2.0,1,2
14642393,60,11,3,1,20,2,4.0,20,1
14643036,50,12,1,1,5,2,2.0,22,1
14643418,45,11,1,1,20,2,4.0,20,1
14645329,65,11,4,1,20,2,4.0,21,1
14645330,45,11,4,1,1,7,2.0,1,2
14646854,60,11,1,1,20,2,4.0,20,1
14646857,45,11,1,1,20,2,1.0,28,1
14646858,40,11,1,1,20,2,3.0,13,1
14646861,40,11,1,1,5,2,1.0,10,1
14647323,60,11,1,1,20,2,4.0,20,1
14647325,60,11,1,1,20,2,4.0,20,1
14647709,60,11,1,1,20,2,4.0,21,1
14647888,45,11,1,1,20,2,4.0,20,1
14647954,60,11,1,1,20,2,4.0,20,1
14647958,65,11,1,1,20,2,4.0,21,1
14648083,45,11,1,1,20,2,4.0,21,1
14648085,45,11,1,1,20,2,4.0,21,1
14648146,60,11,4,1,20,2,4.0,21,1
14648582,60,11,1,1,20,2,4.0,20,1
14648911,60,11,4,1,20,2,4.0,22,1
14649065,40,11,4,1,5,2,1.0,28,1
14650061,45,11,1,1,9,2,2.0,22,1
14651377,45,11,1,1,1,2,4.0,20,1
14651378,60,11,4,1,20,2,4.0,20,1
14651436,35,11,4,1,20,2,4.0,21,1
14651522,60,12,1,1,20,2,4.0,20,1
14652959,45,11,1,1,20,7,4.0,1,4
14653303,60,2,1,2,20,2,4.0,20,1
14655583,65,11,1,1,1,2,4.0,21,1
14655893,35,11,1,1,20,2,3.0,10,1
14656208,60,12,4,1,20,2,4.0,20,1
14657740,60,11,1,1,20,2,4.0,20,1
14658028,65,11,1,1,1,2,4.0,20,1
14659021,60,11,1,1,20,8,4.0,1,1
14659205,65,11,1,1,20,2,4.0,20,1
14659770,60,11,1,1,20,2,4.0,21,1
14659833,60,11,1,1,20,2,4.0,21,1
14659905,60,11,4,1,20,2,4.0,20,1
14660143,60,11,4,1,20,7,4.0,1,4
14660280,45,11,4,1,5,2,1.0,10,1
14660288,35,11,4,1,1,2,1.0,34,1
14660407,45,11,1,1,5,2,1.0,10,1
14660588,45,11,1,1,5,2,1.0,10,1
14660695,65,11,1,1,1,2,4.0,46,1
14660699,65,11,1,1,20,2,4.0,22,1
14660700,60,11,1,1,20,2,4.0,20,1
14661198,60,11,1,1,20,2,4.0,20,1
14661270,65,11,1,1,20,2,4.0,21,1
14661735,60,11,1,1,20,2,4.0,20,1
14662200,45,12,1,1,5,2,1.0,10,1
14662236,60,12,1,1,20,2,4.0,20,1
14662487,60,11,1,1,20,2,4.0,20,1
14662817,60,11,1,1,20,2,4.0,21,1
14663208,60,11,1,1,20,2,4.0,20,1
14663322,60,11,4,1,20,7,4.0,1,1
14663458,50,11,1,1,1,2,4.0,20,1
14663934,60,12,1,2,20,2,4.0,22,1
14663988,60,11,1,1,20,2,4.0,20,1
14664141,60,11,4,1,20,2,4.0,20,1
14664296,55,12,4,1,20,2,2.0,21,1
14665597,40,2,4,2,20,2,4.0,20,1
14665955,65,12,1,1,20,2,4.0,20,1
14666371,60,11,1,1,20,2,4.0,20,1
14666682,65,11,4,1,20,2,4.0,20,1
14667864,60,11,1,1,20,2,4.0,20,1
14668337,65,11,4,1,20,2,4.0,20,1
14668687,60,2,4,2,11,2,4.0,20,1
14669236,60,11,1,1,20,2,4.0,20,1
14669625,60,11,1,1,20,2,4.0,22,1
14670011,30,2,1,2,1,2,2.0,22,1
14670027,45,11,1,1,5,2,1.0,10,1
14670248,65,11,4,1,20,2,4.0,20,1
14670285,65,11,4,1,20,7,4.0,1,4
14670401,45,11,4,1,20,7,4.0,1,2
14670420,60,11,1,1,20,2,4.0,20,1
14670477,60,11,1,1,20,2,4.0,20,1
14670731,35,11,1,1,9,2,2.0,22,1
14671790,50,11,1,1,20,2,4.0,20,1
14672521,65,11,3,1,20,2,4.0,21,1
14672942,60,11,1,1,20,2,4.0,20,1
14674334,45,11,1,1,20,2,2.0,22,1
14675045,45,11,2,1,5,2,1.0,10,1
14675129,60,11,1,1,20,2,4.0,20,1
14675438,60,11,1,1,20,2,4.0,20,1
14675487,60,11,1,1,20,2,4.0,20,1
14676156,60,11,1,1,20,2,4.0,20,1
14676462,60,11,4,1,20,7,2.0,1,2
14676513,60,11,6,1,20,8,4.0,1,1
14676521,60,11,2,1,20,2,4.0,21,1
14676527,60,12,1,1,20,2,4.0,20,1
14676544,60,11,1,1,20,2,4.0,20,1
14676546,60,11,1,1,20,2,4.0,20,1
14676547,60,11,1,1,20,2,4.0,21,1
14677203,60,11,1,1,20,2,2.0,20,1
14677218,60,11,1,1,20,2,4.0,20,1
14677229,60,11,1,1,20,2,2.0,21,1
14677230,60,11,1,1,20,2,4.0,20,1
14677689,60,11,4,1,20,2,4.0,20,1
14677703,60,11,1,1,20,2,4.0,22,1
14677728,65,11,1,1,20,2,4.0,20,1
14677971,60,11,4,1,1,2,4.0,20,1
14678040,65,11,5,1,20,2,4.0,20,1
14678229,60,12,4,1,20,2,4.0,21,1
14678379,60,11,1,1,20,2,4.0,20,1
14679072,35,12,1,1,20,2,4.0,20,1
14680301,65,11,4,1,20,2,4.0,21,1
14680536,50,11,1,1,20,2,2.0,20,1
14680568,60,11,1,1,20,2,4.0,20,1
14680681,5,11,1,1,20,4,4.0,1,1
14680980,45,11,1,1,5,2,2.0,28,1
14682490,35,11,1,1,1,2,4.0,20,1
14682570,60,11,4,1,20,2,4.0,20,1
14682624,65,11,4,1,20,2,4.0,20,1