Crash_ID,Crash_Speed_Limit,Wthr_Cond_ID,Light_Cond_ID,Surf_Cond_ID,Traffic_Cntl_ID,Harm_Evnt_ID,Intrsct_Relat_ID,FHE_Collsn_ID,Road_Relat_ID
14682708,60,11,4,1,20,2,4.0,20,1
14682816,50,11,4,1,1,2,4.0,20,1
14683007,60,11,1,1,20,2,4.0,20,1
14684461,40,12,4,1,5,2,1.0,10,1
14684952,50,11,4,1,5,2,1.0,10,1
14684966,40,11,1,1,5,2,2.0,28,1
14685197,65,11,4,1,20,2,4.0,20,1
14685460,60,12,4,1,20,2,4.0,22,1
14685763,45,11,1,1,20,2,3.0,20,1
14686209,60,11,1,1,20,2,4.0,22,1
14686377,45,11,4,1,5,2,1.0,10,1
14686381,60,11,1,1,20,2,4.0,20,1
14686394,60,11,1,1,20,2,4.0,20,1
14686624,60,11,4,1,20,2,4.0,21,1
14686694,60,12,1,1,20,2,4.0,20,1
14686810,60,11,1,1,20,2,4.0,20,1
14686914,40,11,1,1,5,2,1.0,10,1
14687439,60,12,4,1,20,7,4.0,1,1
14689474,60,11,4,1,20,7,4.0,1,2
14689532,60,11,1,1,20,2,4.0,20,1
14689810,40,11,1,1,20,2,3.0,13,1
14689904,60,11,4,1,20,2,4.0,20,1
14690340,60,11,1,1,20,2,4.0,21,1
14690640,45,11,1,1,20,2,4.0,20,1
14690652,60,11,1,1,20,2,4.0,21,1
14690895,60,11,4,1,20,2,4.0,20,1
14690898,45,11,1,1,1,2,3.0,20,1
14690900,60,11,1,1,20,2,4.0,20,1
14691039,60,11,4,1,20,2,4.0,20,1
14692793,60,11,4,1,20,2,4.0,21,1
14692797,45,11,1,1,20,2,2.0,20,1
14693301,45,11,1,1,20,2,2.0,22,1
14693526,65,11,1,1,1,2,4.0,21,1
14693619,60,11,1,1,20,2,4.0,20,1
14693701,60,11,4,1,20,2,4.0,20,1
14693855,65,11,1,1,20,2,4.0,21,1
14693927,60,11,1,1,20,2,4.0,20,1
14693949,60,11,1,1,20,2,4.0,21,1
14695215,50,11,1,1,5,2,1.0,10,1
14695243,60,11,1,1,20,2,4.0,20,1
14695244,60,11,1,1,20,2,4.0,20,1
14695315,60,11,1,1,20,2,4.0,21,1
14695509,60,11,1,1,20,2,4.0,21,1
14695779,45,11,4,1,5,2,1.0,10,1
14695894,60,11,1,1,20,2,4.0,20,1
14696260,55,11,1,1,20,2,4.0,20,1
14697309,45,11,1,1,5,2,1.0,14,1
14697914,60,11,6,1,20,7,4.0,1,2
14698328,65,11,4,1,20,2,4.0,20,1
14698371,45,11,4,1,5,2,1.0,34,1
14698388,65,11,1,1,20,2,4.0,20,1
14698389,65,11,1,1,20,2,4.0,21,1
14698439,45,11,1,1,5,2,1.0,10,1
14698448,65,11,1,1,20,2,4.0,20,1
14698767,60,11,1,1,20,2,4.0,20,1
14698883,60,11,1,1,20,2,4.0,20,1
14699059,35,11,1,1,1,2,3.0,22,1
14699533,45,11,1,1,5,2,2.0,22,1
14699535,50,11,4,1,5,7,2.0,1,4
14699700,60,11,1,1,20,2,4.0,21,1
14700704,35,11,1,1,8,2,1.0,10,1
14700841,60,11,1,1,20,2,2.0,20,1
14701801,60,11,1,1,20,2,4.0,20,1
14701938,-1,11,1,1,1,2,4.0,20,1
14702268,60,11,1,1,20,2,4.0,20,1
14702348,45,11,4,1,1,7,4.0,1,2
14702902,65,11,1,1,20,6,4.0,1,1
14702926,45,11,1,1,9,1,2.0,3,1
14704246,60,11,1,1,20,2,4.0,22,1
14704496,60,11,4,1,20,7,4.0,1,2
14704499,60,11,3,1,20,2,4.0,21,1
14705181,40,11,1,1,1,7,2.0,2,2
14705189,45,11,1,1,5,2,1.0,10,1
14705193,45,11,4,1,5,2,1.0,10,1
14705199,65,11,1,1,20,2,4.0,20,1
14705201,35,11,1,1,5,2,1.0,10,1
14705207,35,11,1,1,5,2,1.0,14,1
14705378,40,11,4,1,20,2,4.0,20,1
14705392,60,11,4,1,1,2,4.0,20,1
14706063,60,11,1,1,20,2,4.0,20,1
14706069,60,11,1,1,1,2,4.0,21,1
14706110,60,11,1,1,1,2,4.0,20,1
14706236,60,11,4,1,20,2,4.0,20,1
14706296,60,11,4,1,20,2,4.0,20,1
14706875,40,11,1,1,5,2,1.0,10,1
14707090,65,11,4,1,20,2,4.0,20,1
14707531,60,11,1,1,20,2,4.0,20,1
14707608,65,11,1,1,20,7,2.0,1,4
14709042,60,12,1,1,20,2,4.0,20,1
14709172,60,11,4,1,20,7,4.0,1,4
14709254,60,11,4,1,1,2,4.0,20,1
14709366,40,12,1,1,20,2,2.0,20,1
14710226,45,12,1,1,9,2,2.0,25,1
14710707,40,11,1,1,20,2,1.0,20,1
14710989,60,11,1,1,20,2,4.0,20,1
14712107,60,11,4,1,20,2,4.0,20,1
14712316,45,2,1,2,20,2,4.0,20,1
14712831,45,12,4,1,20,2,3.0,23,1
14713129,60,11,1,1,20,2,4.0,21,1
14713479,45,2,4,2,20,7,4.0,1,2
14713660,60,11,4,1,20,2,4.0,21,1
14713929,45,11,4,1,20,7,2.0,1,2
14714713,60,2,1,2,1,7,4.0,1,4
14715280,60,11,4,1,1,2,4.0,21,1
14715862,50,11,1,1,1,2,4.0,20,1
14716281,60,11,4,2,20,7,4.0,5,2
14716425,60,2,1,1,20,2,4.0,21,1
14716426,40,2,1,2,20,7,4.0,1,2
14716596,60,11,1,1,1,2,4.0,20,1
14716660,60,11,1,1,20,2,4.0,20,1
14716734,35,12,1,1,9,2,2.0,22,1
14716753,60,2,1,2,20,2,4.0,20,1
14718182,65,11,1,1,1,2,4.0,20,1
14718484,40,2,1,2,5,2,2.0,22,1
14718596,55,12,1,1,20,2,2.0,20,1
14718605,45,11,1,1,20,2,1.0,24,1
14718702,45,11,4,1,1,2,4.0,21,1
14718971,45,11,1,1,1,2,1.0,10,1
14719645,60,11,1,1,20,2,4.0,20,1
14720283,45,2,3,3,20,2,2.0,14,1
14720295,60,11,1,1,20,2,4.0,20,1
14720994,60,2,1,2,20,7,4.0,1,4
14722318,40,11,1,1,20,2,4.0,20,1
14722734,60,12,1,1,20,2,4.0,20,1
14722783,65,11,1,1,1,2,4.0,22,1
14722990,-1,11,4,1,20,2,2.0,22,1
14723050,45,11,4,1,20,8,4.0,1,1
14723079,60,11,6,1,20,2,4.0,21,1
14723117,5,11,4,1,20,2,2.0,22,1
14723182,60,11,1,1,20,2,4.0,22,1
14723206,65,11,1,1,11,2,2.0,20,1
14724814,45,11,4,1,5,2,1.0,10,1
14725534,60,12,1,1,20,2,4.0,20,1
14725642,45,2,4,3,5,2,1.0,34,1
14725742,45,12,1,1,20,2,4.0,20,1
14725861,60,2,4,2,20,2,4.0,21,1
14726040,40,11,1,1,5,2,2.0,20,1
14726282,65,11,4,1,20,2,4.0,22,1
14726290,40,2,4,2,20,2,4.0,20,1
14726291,65,11,1,1,20,2,4.0,20,1
14726404,60,11,1,1,20,2,4.0,20,1
14726480,65,11,1,1,11,2,4.0,20,1
14726960,40,11,4,1,5,2,1.0,10,1
14726963,60,11,4,1,1,2,4.0,20,1
14727141,40,11,1,1,20,2,4.0,20,1
14727229,40,11,1,1,20,2,1.0,14,1
14727289,60,2,1,2,21,2,4.0,20,1
14727290,60,2,1,2,20,2,4.0,20,1
14728255,30,2,1,2,5,2,4.0,21,1
14729154,45,12,1,1,5,2,1.0,10,1
14729366,45,2,4,2,20,7,4.0,1,2
14730585,60,11,1,1,20,2,4.0,20,1
14730595,50,11,1,1,20,2,4.0,21,1
14731253,40,11,1,1,20,2,4.0,21,1
14732051,60,11,4,1,20,2,4.0,20,1
14732124,60,11,4,1,20,7,4.0,1,2
14732125,65,11,4,1,20,7,4.0,1,4
14732179,60,11,4,1,20,2,4.0,20,1
14732213,45,2,4,3,1,7,4.0,1,2
14732274,55,12,4,2,1,2,4.0,21,1
14733698,60,11,1,1,20,2,4.0,21,1
14734230,60,11,4,1,20,2,4.0,20,1
14734344,45,11,4,1,20,2,4.0,21,1
14734668,45,11,1,1,20,2,4.0,21,1
14735290,60,12,1,1,1,2,4.0,21,1
14735951,60,11,1,1,20,2,4.0,20,1
14736347,60,11,4,1,20,2,4.0,20,1
14736640,60,12,1,1,20,2,4.0,20,1
14736802,60,12,1,1,20,10,4.0,1,1
14737957,65,2,3,2,20,2,4.0,20,1
14738471,65,11,4,1,20,2,4.0,20,1
14738496,60,11,4,1,20,2,4.0,22,1
14738826,35,12,1,1,11,2,4.0,21,1
14739038,60,11,1,1,20,2,4.0,20,1
14739086,60,2,1,2,20,2,4.0,21,1
14739172,45,11,1,1,20,2,3.0,10,1
14739428,60,11,1,1,20,2,4.0,20,1
14739476,60,11,4,1,20,7,4.0,1,4
14739721,45,12,1,1,11,2,3.0,13,1
14739725,60,2,1,2,20,2,4.0,21,1
14740156,60,11,1,1,20,2,4.0,20,1
14740227,45,11,3,1,5,2,1.0,10,1
14740352,60,11,4,1,20,2,4.0,21,1
14740370,45,11,1,1,20,2,4.0,21,1
14740371,60,11,3,1,20,2,4.0,20,1
14740630,60,2,4,2,20,2,2.0,30,1
14742116,60,11,1,1,20,2,4.0,20,1
14742986,60,11,1,1,20,2,4.0,21,1
14742991,60,11,1,1,20,2,4.0,20,1
14743023,45,2,3,2,5,2,1.0,10,1
14743060,60,2,1,2,20,2,4.0,22,1
14743068,5,11,4,1,1,2,3.0,33,1
14743226,45,11,1,1,20,2,4.0,22,1
14743283,45,11,1,1,20,2,1.0,24,1
14743350,60,12,1,2,20,2,4.0,20,1
14743358,60,11,4,1,20,2,4.0,20,1
14743359,40,11,1,1,20,2,4.0,21,1
14743408,45,11,1,1,9,2,2.0,22,1
14744913,35,12,1,2,5,2,1.0,10,1
14745487,60,11,4,1,20,7,4.0,1,2
14745488,60,12,4,1,20,2,4.0,21,1
14745496,60,2,4,2,20,2,4.0,20,1
14745501,45,2,1,2,5,2,1.0,24,1
14745550,45,12,1,1,5,2,2.0,22,1
14745688,60,11,4,1,20,1,4.0,1,1
14746369,60,11,4,1,20,2,4.0,22,1
14746642,60,11,1,1,20,7,4.0,1,2
14746708,60,11,1,1,20,2,4.0,20,1
14747150,65,11,4,1,20,2,4.0,20,1
14747307,60,2,4,2,1,7,4.0,1,2
14747444,-1,11,1,1,20,2,2.0,25,1
14747452,60,12,1,1,20,2,4.0,20,1
14747777,40,12,1,1,20,2,4.0,20,1
14747780,40,11,1,1,20,2,4.0,20,1
14748570,60,12,3,1,20,2,4.0,20,1
14748890,45,11,4,1,1,2,4.0,20,1
14749312,50,11,4,1,20,2,3.0,10,1
14751148,60,12,4,1,20,2,4.0,22,1
14751185,60,2,1,2,20,2,4.0,21,1
14751959,60,2,4,2,20,2,4.0,22,1
14752375,60,11,4,1,1,2,4.0,20,1
14752536,60,2,4,2,20,2,4.0,21,1
14752621,65,11,3,1,20,7,4.0,1,4
14752984,35,11,1,1,5,2,1.0,10,1
14753030,60,11,1,1,20,2,4.0,22,1
14753206,65,11,1,1,20,2,4.0,20,1
14753355,60,11,1,1,20,2,4.0,20,1
14753356,60,11,1,1,20,2,4.0,20,1
14753385,45,2,4,2,20,7,4.0,1,2
14753967,60,11,1,1,20,2,4.0,20,1
14753980,60,11,1,1,20,2,4.0,20,1
14754702,35,11,3,1,20,2,4.0,20,1
14754982,60,11,1,1,20,2,4.0,20,1
14755096,60,12,4,1,20,7,4.0,1,2
14755793,60,12,1,1,20,2,4.0,21,1
14755808,60,11,4,1,20,2,4.0,20,1
14755851,60,11,2,1,11,2,2.0,21,1
14756148,60,2,4,2,20,7,4.0,1,4
14757754,65,2,4,2,20,7,4.0,1,2
14758270,45,2,1,2,20,7,4.0,1,2
14758637,60,11,4,1,20,7,4.0,1,2
14758897,60,12,1,2,20,2,1.0,10,1
14759318,60,2,1,2,20,2,4.0,20,1
14759332,40,2,1,2,20,7,4.0,1,4
14760274,45,11,3,1,20,2,4.0,21,1
14760335,5,11,4,1,20,2,4.0,20,1
14760456,50,11,4,1,1,2,1.0,24,1
14761121,60,11,1,1,20,2,4.0,20,1
14761218,65,11,1,1,20,7,4.0,1,4
14761219,55,12,1,1,20,2,4.0,22,1
14762336,35,11,4,1,20,2,2.0,21,1
14762364,50,12,1,1,20,2,4.0,20,1
14762485,45,11,4,1,20,7,4.0,1,2
14762507,60,11,4,1,20,2,4.0,21,1
14762509,60,11,4,1,20,2,4.0,20,1
14763306,60,12,1,1,11,2,4.0,21,1
14763314,60,11,1,1,11,2,2.0,22,1
14763326,60,11,1,1,20,2,4.0,20,1
14763327,60,11,1,1,20,2,4.0,20,1
14763750,45,12,3,1,20,2,4.0,21,1
14764183,60,11,2,1,20,2,4.0,22,1
14764367,60,2,4,2,20,2,4.0,21,1
14764986,60,12,1,3,20,2,4.0,21,1
14764989,60,11,1,1,20,2,4.0,21,1
14765108,60,12,5,1,20,2,4.0,20,1
14765228,60,11,4,1,20,2,4.0,20,1
14765608,60,11,4,1,20,2,4.0,21,1
14765640,60,11,1,1,20,2,4.0,20,1
14766149,40,11,4,1,1,2,4.0,20,1
14766250,60,11,4,1,20,2,4.0,21,1
14766324,60,11,4,1,20,2,4.0,20,1
14766330,60,11,4,1,20,2,4.0,21,1
14766334,50,11,4,1,5,2,2.0,22,1
14767399,60,2,1,2,20,2,4.0,21,1
14769069,45,11,4,1,20,2,2.0,20,1
14769078,60,11,1,1,20,2,4.0,20,1
14769099,40,11,1,1,20,2,4.0,20,1
14769123,45,11,6,1,20,2,3.0,10,1
14769124,60,11,6,2,16,7,4.0,1,4
14769146,60,11,1,1,20,2,4.0,20,1
14771838,35,11,4,1,20,2,3.0,10,1
14771839,60,11,4,1,20,2,4.0,21,1
14772034,65,11,4,1,1,2,4.0,20,1
14772047,60,11,1,1,20,2,4.0,20,1
14772051,40,11,1,1,20,2,4.0,21,1
14772644,60,11,1,1,20,1,4.0,1,1
14773092,35,2,1,2,1,2,4.0,22,1
14773094,45,11,1,1,9,2,2.0,22,1
14773141,45,11,1,1,20,2,2.0,20,1
14773886,60,11,1,1,20,2,4.0,21,1
14774016,60,11,1,1,20,2,4.0,20,1
14774208,60,11,4,1,20,2,4.0,20,1
14774420,60,12,1,1,20,7,4.0,1,4
14774422,40,12,1,1,20,2,2.0,13,1
14774423,60,12,1,1,20,2,4.0,20,1
14774814,60,11,1,1,20,7,4.0,1,4
14774815,45,11,1,1,20,2,4.0,20,1
14775217,60,2,4,2,20,2,2.0,22,1
14775218,60,12,4,1,20,2,2.0,20,1
14775219,60,11,4,1,1,2,2.0,21,1
14775221,60,2,4,2,20,7,4.0,1,4
14775222,50,12,4,1,5,2,1.0,10,1
14775576,45,2,1,2,20,7,4.0,1,2
14775657,60,11,1,1,20,2,4.0,21,1
14775776,45,11,1,1,5,2,1.0,25,1
14776340,60,11,4,1,20,2,4.0,20,1
14776502,60,11,1,1,11,2,4.0,20,1
14776666,65,2,1,2,20,2,4.0,21,1
14777532,65,2,3,2,20,2,4.0,21,1
14777547,60,11,1,1,20,2,4.0,20,1
14777748,40,2,3,2,5,2,2.0,22,1
14778567,60,2,1,2,1,2,4.0,20,1
14779656,60,11,1,1,20,2,4.0,21,1
14779836,60,11,1,1,20,2,4.0,21,1
14779837,65,11,4,1,20,2,4.0,21,1
14779840,45,2,1,2,20,2,2.0,20,1
14780146,45,2,4,2,5,2,2.0,31,1
14780158,5,2,4,2,20,7,4.0,1,2
14780588,45,2,1,2,20,2,4.0,21,1
14780678,60,2,1,2,20,2,4.0,20,1
14781297,35,12,1,2,5,2,1.0,10,1
14782084,60,2,4,2,20,2,4.0,22,1
14783262,45,11,4,1,1,2,4.0,21,1
14783338,60,11,4,1,20,7,4.0,1,4
14783381,45,2,4,2,5,2,2.0,22,1
14783514,60,2,4,2,20,2,4.0,20,1
14783515,65,11,4,1,20,2,4.0,20,1
14783536,65,2,4,2,20,2,4.0,20,1
14783565,35,11,4,1,20,7,4.0,1,2
14783567,60,11,1,1,20,2,4.0,20,1
14783910,60,11,1,1,20,2,4.0,21,1
14783920,60,2,4,1,20,2,4.0,21,1
14784741,40,12,1,1,5,2,1.0,24,1
14784985,60,12,4,1,5,2,2.0,22,1
14785181,45,11,4,1,20,2,4.0,22,1
14785223,60,2,4,2,21,2,4.0,20,1
14785242,60,2,1,2,20,2,4.0,21,1
14785282,60,2,1,2,20,2,4.0,20,1
14785582,45,11,4,1,20,2,4.0,20,1
14785590,50,11,4,1,20,7,4.0,1,1
14786518,65,11,1,1,20,2,4.0,20,1
14787734,60,11,4,1,20,2,4.0,21,1
14787767,60,11,4,1,20,2,4.0,20,1
14788222,60,12,1,1,20,2,4.0,20,1
14788223,60,12,4,1,20,2,4.0,20,1
14789388,40,2,3,2,20,2,4.0,21,1
14789949,45,11,4,1,20,2,4.0,20,1
14790077,45,11,1,1,8,2,1.0,10,1
14790165,60,11,1,1,20,2,4.0,21,1
14790337,60,11,1,1,20,2,4.0,20,1
14791131,60,11,4,1,20,2,4.0,20,1
14791658,60,12,1,1,20,2,4.0,21,1
14791666,60,11,1,1,20,2,4.0,20,1
14791668,40,11,1,1,20,2,3.0,10,1
14792962,60,11,1,1,20,2,4.0,20,1
14793438,60,12,1,1,4,2,4.0,20,1
14793532,50,11,1,1,1,2,4.0,31,1
14794256,60,11,1,2,20,2,4.0,20,1
14794334,60,11,5,1,20,2,4.0,20,1
14794650,40,11,4,1,5,2,1.0,14,1
14794651,45,12,4,2,1,7,4.0,1,2
14795787,60,12,1,1,20,2,4.0,20,1
14795788,60,11,4,1,20,2,4.0,21,1
14795806,65,11,1,1,20,2,4.0,21,1
14795808,65,11,1,1,20,2,4.0,20,1
14795897,60,11,1,1,20,2,4.0,20,1
14796598,45,11,4,1,8,2,1.0,10,1
14796764,65,11,1,1,1,2,4.0,20,1
14797087,60,11,4,1,20,2,4.0,20,1
14797157,60,2,4,2,20,7,4.0,1,2
14797618,35,11,1,1,1,2,4.0,20,1
14797760,60,11,1,1,20,4,4.0,1,3
14797773,60,11,1,1,20,2,4.0,20,1
14797795,60,11,1,1,20,2,2.0,20,1
14797796,60,11,4,1,20,2,4.0,20,1
14797897,60,12,1,1,20,2,4.0,20,1
14797910,60,11,1,1,20,2,4.0,22,1
14798000,40,11,3,1,1,2,1.0,23,1
14799345,60,11,1,1,20,2,4.0,20,1
14800353,35,11,4,1,20,2,4.0,21,1
14800503,45,11,1,1,20,7,4.0,1,2
14800762,60,11,1,1,20,2,4.0,20,1
14800872,60,11,1,1,20,2,4.0,21,1
14801076,60,0,0,0,1,2,4.0,21,1
14801152,50,11,2,1,5,2,1.0,10,1
14801635,45,2,1,2,5,2,1.0,21,1
14802510,60,11,1,1,10,2,4.0,21,1
14802965,55,11,1,1,20,2,4.0,22,1
14803117,65,11,4,1,1,2,4.0,22,1
14803149,65,11,4,1,20,2,4.0,20,1
14803358,65,11,4,1,20,2,4.0,20,1
14803592,60,11,1,1,11,2,2.0,22,1
14804081,60,11,4,1,20,2,4.0,21,1
14804911,60,12,4,1,20,2,4.0,21,1
14805007,60,2,1,2,20,2,4.0,22,1
14805025,60,11,4,1,20,7,4.0,1,2
14805125,60,11,4,1,20,2,4.0,20,1
14805146,60,11,4,1,20,2,4.0,20,1
14806538,60,11,3,1,20,2,4.0,21,1
14806708,65,2,1,3,20,7,4.0,1,4
14806710,45,12,1,1,20,2,4.0,20,1
14806915,65,11,4,1,20,2,4.0,20,1
14807626,60,11,1,1,20,2,4.0,20,1
14807797,45,11,4,2,20,2,2.0,20,1
14809054,60,12,1,1,20,2,4.0,22,1
14809375,60,11,1,1,20,2,4.0,20,1
14809820,35,12,1,1,5,2,1.0,10,1
14810250,45,2,1,2,20,2,3.0,13,1
14810720,35,2,4,2,1,7,4.0,1,2
14810768,60,2,4,2,1,2,4.0,20,1
14810965,45,11,4,1,20,2,2.0,31,1
14811463,60,2,1,2,11,7,4.0,1,4
14811882,60,11,1,1,20,2,4.0,20,1
14812006,60,11,1,1,20,2,4.0,20,1
14812013,60,2,4,2,20,2,4.0,22,1
14812160,40,12,1,1,5,2,1.0,10,1
14812192,60,2,4,2,20,2,4.0,22,1
14812621,65,11,3,1,1,2,4.0,22,1
14812719,60,11,4,1,20,7,4.0,1,1
14814525,40,11,1,1,5,2,2.0,20,1
14814528,60,11,1,1,20,2,4.0,21,1
14814537,45,11,4,1,5,2,1.0,14,1
14814563,60,11,4,1,20,2,4.0,20,1
14814587,60,2,1,2,20,2,4.0,20,1
14814764,55,11,4,1,20,2,3.0,10,1
14814858,65,2,4,2,20,2,4.0,21,1
14816152,60,12,1,1,20,2,4.0,21,1
14816155,60,11,3,1,20,2,4.0,20,1
14816653,60,11,1,1,20,2,4.0,22,1
14816779,60,2,4,2,1,2,2.0,20,1
14817219,65,11,1,1,20,2,4.0,20,1
14817419,65,11,1,1,20,2,4.0,22,1
14817479,45,11,1,1,20,2,4.0,20,1
14817536,60,11,4,1,1,2,4.0,20,1
14817609,60,11,1,1,20,2,4.0,22,1
14817985,45,11,1,1,11,2,4.0,21,1
14818188,65,11,1,1,20,2,4.0,20,1
14818190,40,11,1,1,8,2,1.0,10,1
14818578,45,11,1,1,5,2,2.0,21,2
14818600,45,11,4,1,5,2,1.0,10,1
14818669,45,11,1,1,20,2,4.0,21,1
14818670,60,11,1,1,20,2,4.0,20,1
14818784,60,11,4,1,1,2,4.0,20,1
14819101,40,11,1,1,20,2,2.0,23,1
14819121,65,11,1,1,1,2,4.0,22,1
14820329,60,11,1,1,20,2,4.0,21,1
14820344,40,11,1,1,20,2,2.0,20,1
14821286,45,11,4,1,5,2,4.0,21,1
14821410,60,11,4,1,20,2,4.0,20,1
14821477,60,2,1,2,20,2,4.0,20,1
14821596,60,12,1,1,20,2,4.0,20,1
14822538,45,2,1,2,9,2,2.0,25,1
14822760,40,11,4,2,20,7,4.0,1,2
14822769,60,11,1,1,20,2,4.0,20,1
14823574,40,2,1,2,1,2,4.0,21,1
14823907,60,11,4,1,1,2,4.0,20,1
14823918,60,11,4,1,20,7,4.0,1,2
14823919,65,11,4,1,1,2,4.0,21,1
14823920,45,11,4,1,20,2,4.0,46,1
14824334,55,11,1,1,20,2,4.0,21,1
14825550,60,12,1,1,20,2,4.0,20,1
14825927,-1,11,4,1,1,2,4.0,22,1
14826381,65,11,1,1,20,2,4.0,20,1
14826546,60,11,1,1,20,2,4.0,20,1
14826550,60,11,1,1,20,2,4.0,20,1
14826641,50,11,1,1,20,2,4.0,20,1
14826925,60,11,1,1,20,2,4.0,20,1
14826939,60,11,4,2,20,2,4.0,20,1
14827433,45,12,4,2,20,2,2.0,20,1
14827846,60,11,1,1,20,2,4.0,21,1
14827876,60,11,4,1,1,2,4.0,21,1
14827998,60,11,4,1,20,2,4.0,21,1
14828307,60,12,6,1,20,2,4.0,21,1
14828581,60,11,1,1,20,10,4.0,1,1
14829156,45,2,1,2,5,7,2.0,1,4
14829316,50,12,1,1,20,2,3.0,21,1
14829372,60,11,4,1,20,2,4.0,20,1
14830613,40,11,1,1,5,2,1.0,28,1
14831721,60,11,1,1,1,2,4.0,20,1
14832070,65,11,3,1,20,2,4.0,20,1
14832324,45,2,4,2,5,2,1.0,10,1
14832365,65,11,1,1,20,2,4.0,20,1
14832550,45,11,1,1,20,7,4.0,1,2
14832551,35,2,4,2,20,7,4.0,1,2
14832688,45,12,4,2,5,7,2.0,3,2
14832720,35,11,1,1,20,2,4.0,20,1
14832778,45,11,4,1,20,7,4.0,1,2
14835083,45,11,1,1,5,2,2.0,22,1
14835522,60,11,1,1,20,2,4.0,21,1
14835530,35,2,4,2,20,2,2.0,20,1
14836184,50,11,4,1,20,2,3.0,13,1
14836926,60,11,4,1,1,2,4.0,22,1
14837773,45,11,1,1,20,2,4.0,20,1
14838083,45,2,1,2,5,2,1.0,28,1
14838769,35,11,4,1,1,7,2.0,1,2
14839513,50,0,6,0,20,2,4.0,21,1
14839927,60,2,4,2,20,2,4.0,21,1
14840044,60,11,4,1,1,2,4.0,21,1
14840479,65,11,4,1,20,2,4.0,21,1
14840734,65,12,4,1,20,2,4.0,21,1
14842359,65,12,1,1,20,2,4.0,20,1
14843155,60,11,4,1,20,8,4.0,1,1
14843157,60,12,4,1,20,2,4.0,21,1
14843253,60,12,1,1,20,2,4.0,21,1
14847399,50,11,4,1,5,2,2.0,20,1
14847421,6,12,1,1,20,2,4.0,20,1
14847431,60,12,1,1,20,2,4.0,20,1
14847790,60,12,4,1,20,7,4.0,1,4
14849519,65,11,4,1,20,2,4.0,21,1
14850851,35,11,4,1,20,7,4.0,1,2
14851229,65,2,4,2,1,4,4.0,1,3
14855356,60,2,4,2,20,2,4.0,21,1
14861289,60,11,4,1,20,2,4.0,21,1
14989097,65,11,3,1,1,2,4.0,20,1
15065026,60,11,3,1,20,2,4.0,21,1
15065282,60,11,1,1,20,2,4.0,20,1
15075097,45,11,1,1,8,2,2.0,22,1
16602167,40,11,1,1,20,2,2.0,20,1
14839694,60,11,1,1,20,2,4.0,21,1
14839880,60,2,4,2,20,2,4.0,20,1
14840118,60,2,4,2,20,2,4.0,20,1
14840153,45,12,1,1,11,2,4.0,14,1
14840707,45,11,1,1,20,2,4.0,20,1
14840765,60,12,5,1,20,2,4.0,21,1
14842153,60,12,4,2,20,7,4.0,1,4
14842285,60,11,1,1,20,2,4.0,22,1
14842303,60,11,1,1,20,2,4.0,20,1
14842398,60,11,4,1,20,2,4.0,22,1
14842399,60,11,4,1,20,2,4.0,20,1
14842970,65,11,4,1,20,2,4.0,20,1
14842981,65,2,3,2,20,7,4.0,1,2
14844566,55,11,4,1,20,2,4.0,20,1
14845282,35,11,1,1,5,2,1.0,10,1
14845730,65,11,4,1,20,2,4.0,22,1
14846553,60,11,4,1,20,2,4.0,20,1
14846561,60,11,4,1,20,2,4.0,20,1
14847017,60,11,1,1,1,2,4.0,20,1
14847398,45,11,4,1,20,2,3.0,20,1
14847510,60,2,1,2,20,2,4.0,21,1
14847737,60,11,4,1,20,2,4.0,21,1
14848476,60,11,4,1,20,2,4.0,20,1
14848967,65,2,1,2,1,2,4.0,21,1
14849095,45,2,4,2,20,2,4.0,20,1
14849361,60,2,1,2,20,2,4.0,20,1
14849459,60,2,1,2,20,2,4.0,20,1
14849853,60,2,4,3,20,7,4.0,1,2
14851073,60,2,4,2,20,2,4.0,20,1
14851128,60,2,4,2,20,7,4.0,1,4
14851287,65,12,1,2,20,2,4.0,20,1
14851394,60,12,1,2,1,2,4.0,22,1
14851656,45,2,1,2,20,2,4.0,20,1
14851875,60,11,4,2,20,7,4.0,1,3
14851879,45,11,1,1,20,2,4.0,22,1
14851940,45,2,4,2,20,10,2.0,2,1
14851943,60,11,4,1,20,2,4.0,20,1
14852066,60,12,1,2,20,7,4.0,1,2
14852574,60,11,1,1,20,2,4.0,20,1
14852626,35,11,4,1,20,2,4.0,20,1
14852629,60,11,1,2,20,2,4.0,20,1
14852751,35,5,4,2,20,7,2.0,1,4
14853970,65,11,1,1,20,2,4.0,21,1
14855586,35,11,4,1,20,4,4.0,1,1
14855601,60,2,1,2,20,2,4.0,20,1
14856086,60,11,4,1,20,2,4.0,21,1
14856200,60,11,1,1,20,2,2.0,20,1
14856552,60,12,1,1,20,2,4.0,20,1
14856885,60,11,4,1,20,2,4.0,20,1
14857612,60,11,1,1,11,7,4.0,1,4
14857614,45,11,1,1,9,2,2.0,20,1
14857828,60,11,1,1,1,2,1.0,10,1
14858026,45,11,4,1,20,7,4.0,1,4
14858082,45,11,1,1,20,2,2.0,20,1
14858083,45,11,1,1,5,2,1.0,10,1
14858084,45,12,4,2,5,2,2.0,39,1
14858196,60,11,1,1,20,2,4.0,20,1
14858354,60,11,4,1,1,2,4.0,21,1
14860005,60,11,4,1,20,2,2.0,20,1
14860579,60,11,1,1,20,2,4.0,20,1