Crash_ID,Crash_Speed_Limit,Wthr_Cond_ID,Light_Cond_ID,Surf_Cond_ID,Traffic_Cntl_ID,Harm_Evnt_ID,Intrsct_Relat_ID,FHE_Collsn_ID,Road_Relat_ID
15260185,45,12,1,1,20,2,4.0,20,1
15260190,45,11,1,1,20,2,4.0,21,1
15260537,65,12,4,1,20,2,4.0,20,1
15260951,35,11,1,1,11,2,4.0,21,1
15261276,70,12,1,1,20,2,4.0,20,1
15261822,60,11,1,1,20,2,4.0,20,1
15261823,60,11,1,1,20,2,4.0,20,1
15261824,65,2,4,2,20,2,4.0,22,1
15262401,40,11,4,1,5,7,2.0,1,2
15262403,45,2,4,3,20,7,2.0,1,2
15262500,60,2,4,2,20,7,4.0,1,2
15262586,65,12,1,1,20,2,4.0,20,1
15262593,60,11,1,1,20,2,4.0,20,1
15262606,60,11,1,1,20,2,4.0,20,1
15264365,65,2,1,2,20,2,4.0,20,1
15264647,65,2,4,2,20,7,4.0,1,4
15264977,45,11,1,1,20,7,2.0,2,2
15267454,60,2,1,2,20,7,4.0,1,2
15267479,60,2,1,2,20,7,4.0,1,4
15267480,60,12,1,2,20,2,4.0,20,1
15267481,60,11,1,1,20,2,4.0,20,1
15267503,60,2,4,2,20,2,4.0,20,1
15267505,60,11,1,1,20,2,4.0,20,1
15267905,65,2,3,2,20,7,4.0,1,4
15268048,65,11,4,1,20,2,4.0,20,1
15269218,40,12,1,2,21,2,1.0,10,1
15269858,45,2,4,2,20,2,1.0,23,1
15269865,60,12,4,2,20,2,4.0,21,1
15270688,60,12,1,1,20,2,4.0,21,1
15270905,60,11,1,2,20,2,4.0,20,1
15270913,40,12,1,1,20,7,4.0,1,2
15270929,60,11,4,1,20,2,4.0,20,1
15271092,50,2,1,2,20,2,4.0,21,1
15271291,60,12,1,1,20,2,4.0,20,1
15271530,65,2,1,2,20,2,4.0,20,1
15271678,35,11,1,1,20,2,1.0,10,1
15271681,60,12,1,1,20,2,4.0,22,1
15272680,35,2,4,2,1,2,3.0,13,1
15273067,65,11,1,1,20,2,4.0,21,1
15274525,60,12,1,3,20,2,4.0,20,1
15274539,60,11,1,1,1,2,4.0,21,1
15274895,60,11,1,1,1,2,4.0,21,1
15275070,40,11,1,1,20,2,2.0,22,1
15275072,45,12,1,1,5,2,1.0,10,1
15275076,35,11,1,1,20,2,3.0,22,1
15275077,45,11,1,1,9,2,2.0,22,1
15275371,60,12,1,1,20,2,4.0,22,1
15275801,35,2,1,2,1,7,4.0,1,2
15277250,60,2,1,2,20,8,4.0,1,1
15277354,40,11,1,1,20,2,4.0,21,1
15277635,45,2,4,2,5,2,1.0,10,1
15277651,60,12,1,1,20,2,4.0,20,1
15279649,60,11,1,1,20,2,4.0,20,1
15279673,35,11,4,1,5,2,1.0,10,1
15280609,40,11,1,1,20,2,3.0,27,1
15280877,60,2,4,2,20,2,4.0,22,1
15281018,45,12,2,1,20,2,4.0,21,1
15282414,60,11,1,1,20,2,4.0,20,1
15282426,35,11,1,2,20,2,4.0,20,1
15283271,60,12,1,2,1,2,4.0,20,1
15284555,65,12,1,2,20,2,4.0,21,1
15284556,65,12,4,1,20,2,4.0,20,1
15284604,65,2,3,2,20,7,4.0,1,4
15285894,45,12,1,1,20,2,4.0,22,1
15285898,60,12,1,2,20,2,4.0,21,1
15286260,40,2,1,2,20,2,4.0,20,1
15286648,60,11,4,1,20,8,4.0,1,1
15286763,45,2,1,2,20,2,4.0,21,1
15286764,65,11,1,1,20,2,4.0,21,1
15286765,60,12,1,1,20,2,4.0,20,1
15287217,60,12,4,1,20,2,4.0,20,1
15288640,45,12,1,1,5,2,1.0,10,1
15288651,40,11,1,1,20,7,4.0,1,2
15288905,60,12,1,1,20,2,4.0,20,1
15289088,60,11,5,1,20,2,4.0,22,1
15289748,65,11,1,1,20,2,4.0,20,1
15291219,65,2,1,2,20,2,4.0,20,1
15291453,45,12,4,1,11,2,4.0,20,1
15291718,60,11,1,1,20,2,4.0,20,1
15291900,60,2,1,2,20,10,4.0,1,1
15292025,40,11,1,1,5,2,1.0,10,1
15292026,60,11,1,1,20,2,4.0,20,1
15292477,50,12,1,1,5,2,4.0,20,1
15292480,65,11,1,1,20,2,4.0,20,1
15292509,50,11,1,1,20,2,4.0,20,1
15292715,45,11,4,1,5,2,2.0,22,1
15292717,60,11,4,1,20,2,4.0,22,1
15292721,45,11,4,1,20,2,1.0,10,1
15292838,60,12,1,1,20,2,4.0,22,1
15292847,60,12,1,1,20,2,4.0,21,1
15292848,60,11,1,1,20,2,4.0,20,1
15292849,60,12,1,1,20,2,4.0,21,1
15292854,60,12,1,1,20,2,4.0,20,1
15294280,65,11,1,1,20,2,4.0,20,1
15294700,45,12,1,1,20,2,3.0,13,1
15295401,60,11,1,1,20,2,4.0,21,1
15296272,60,12,1,1,20,2,4.0,20,1
15296428,60,11,1,1,20,2,4.0,20,1
15296566,60,12,4,1,20,2,4.0,20,1
15296676,65,2,1,2,1,2,4.0,21,1
15296683,60,11,1,1,20,2,4.0,21,1
15297526,60,12,1,1,20,2,4.0,21,1
15297529,65,2,1,2,20,2,4.0,20,1
15298301,60,11,1,1,20,7,4.0,1,4
15298313,60,12,1,1,20,2,4.0,20,1
15298410,35,11,1,1,20,2,4.0,20,1
15298445,60,11,4,1,20,2,4.0,20,1
15298787,60,11,1,1,20,2,4.0,21,1
15299060,70,11,1,1,20,2,4.0,20,1
15299061,60,11,1,1,20,2,4.0,20,1
15299156,45,11,4,1,5,2,1.0,34,1
15299183,60,11,1,1,20,2,4.0,20,1
15299189,60,11,1,1,20,2,4.0,20,1
15299737,35,2,4,2,5,7,4.0,1,4
15299953,35,11,1,1,20,2,1.0,10,1
15300001,60,12,4,1,1,2,4.0,21,1
15300102,60,11,4,1,20,7,4.0,1,4
15300198,60,11,1,1,20,2,4.0,20,1
15300228,60,11,4,1,20,7,4.0,1,2
15300342,35,12,1,1,8,2,2.0,20,1
15300472,65,11,4,1,20,7,4.0,1,4
15300872,65,11,1,1,20,2,4.0,20,1
15301334,60,11,1,1,20,2,4.0,20,1
15302430,60,11,1,1,20,2,4.0,21,1
15305271,60,11,1,1,20,2,4.0,20,1
15305590,45,12,1,2,5,2,2.0,22,1
15305651,60,0,0,0,1,2,4.0,20,1
15305652,60,0,0,0,1,2,2.0,20,1
15305802,60,11,1,1,20,2,4.0,20,1
15305891,60,11,1,1,20,2,4.0,20,1
15305948,45,11,1,1,20,7,4.0,1,2
15306681,35,11,4,1,20,2,2.0,20,1
15306833,45,11,4,1,20,2,3.0,13,1
15306924,60,11,4,1,20,2,4.0,20,1
15307966,65,2,4,2,20,2,4.0,20,1
15309379,60,11,1,1,20,2,4.0,21,1
15309998,60,11,1,1,20,2,4.0,20,1
15310013,60,12,1,2,20,2,4.0,20,1
15310152,45,11,4,1,20,2,3.0,13,1
15310221,60,12,1,1,20,2,4.0,20,1
15310225,60,11,1,1,20,2,4.0,20,1
15310398,40,11,1,1,20,2,4.0,21,1
15311061,60,11,4,1,20,2,4.0,20,1
15311375,60,12,4,1,20,2,4.0,20,1
15312012,40,12,4,1,15,1,2.0,1,1
15312506,60,11,1,1,20,2,4.0,22,1
15312709,65,2,1,3,20,10,4.0,1,2
15313930,60,2,1,2,20,2,4.0,20,1
15314094,45,11,1,1,5,2,1.0,34,1
15314400,60,11,1,1,20,2,4.0,20,1
15314820,60,11,1,1,20,2,4.0,20,1
15316747,60,11,1,1,20,2,4.0,20,1
15316775,60,11,4,1,20,2,4.0,20,1
15316791,60,11,4,1,20,2,4.0,20,1
15316794,40,2,1,2,20,2,2.0,20,1
15316796,60,11,4,1,20,2,4.0,21,1
15316800,60,11,4,1,20,2,4.0,30,1
15316933,50,11,4,1,20,2,2.0,22,1
15317361,45,11,3,1,20,2,3.0,16,1
15317690,60,11,1,1,20,2,4.0,20,1
15317691,60,11,1,1,20,2,4.0,20,1
15317694,60,11,1,1,20,2,4.0,20,1
15317696,60,11,5,1,20,2,4.0,20,1
15317697,60,2,5,2,20,2,4.0,20,1
15318396,35,12,1,1,17,2,4.0,21,1
15319036,60,11,1,1,1,2,4.0,20,1
15319306,60,11,4,1,20,7,4.0,1,4
15319965,60,2,1,2,20,2,4.0,20,1
15320659,60,11,1,1,11,2,4.0,21,1
15320742,65,12,1,2,20,2,4.0,20,1
15321003,60,11,1,1,20,2,4.0,22,1
15322103,45,11,1,1,11,2,4.0,20,1
15322894,60,11,1,1,20,2,4.0,21,1
15323196,60,11,1,1,20,2,4.0,20,1
15323663,60,11,1,1,20,7,4.0,1,4
15323978,45,11,1,1,20,2,4.0,21,1
15324156,60,11,1,1,20,2,4.0,20,1
15324158,60,2,4,2,20,2,4.0,20,1
15324159,65,11,1,1,20,2,4.0,21,1
15324259,45,11,4,1,20,2,4.0,21,1
15324648,60,11,1,1,20,2,4.0,20,1
15324778,60,0,0,0,1,2,4.0,21,1
15324963,65,11,1,1,20,2,4.0,20,1
15325109,45,11,4,1,20,2,4.0,20,1
15325132,45,11,4,1,20,9,4.0,1,1
15325223,45,11,4,1,20,2,2.0,24,1
15325436,60,11,4,1,20,2,4.0,20,1
15325796,45,11,1,1,20,2,4.0,22,1
15325826,60,12,1,1,9,2,4.0,21,1
15326154,60,11,1,1,20,2,4.0,20,1
15326191,60,11,4,1,20,8,4.0,1,2
15326193,40,11,1,1,20,2,3.0,13,1
15326803,55,11,6,1,1,2,4.0,21,1
15327204,65,11,4,1,20,2,4.0,20,1
15327694,35,11,4,1,1,2,2.0,10,1
15328416,60,11,1,1,20,2,4.0,20,1
15329771,60,11,1,1,20,2,1.0,21,1
15329773,60,11,1,1,20,2,4.0,21,1
15329774,60,11,1,1,20,2,4.0,20,1
15330202,60,11,4,1,20,2,4.0,22,1
15330538,45,11,1,1,20,2,4.0,20,1
15330619,60,11,1,1,20,2,4.0,20,1
15330626,60,11,1,1,20,2,4.0,20,1
15330642,60,11,1,1,20,2,4.0,20,1
15330646,60,11,1,1,20,2,4.0,20,1
15330862,45,11,1,1,5,2,1.0,28,1
15330932,60,11,1,1,20,2,4.0,21,1
15331028,60,11,1,1,1,2,4.0,20,1
15331062,60,11,1,1,20,2,4.0,20,1
15331701,65,11,1,1,1,2,4.0,20,1
15331762,60,11,1,1,20,2,4.0,20,1
15331925,60,11,2,1,20,2,4.0,21,1
15331926,40,11,1,1,20,2,2.0,25,1
15332357,60,11,1,1,20,2,4.0,20,1
15333011,45,11,1,1,20,2,4.0,21,1
15333142,45,11,1,1,1,2,4.0,22,1
15333146,60,11,4,1,20,2,4.0,20,1
15333164,65,11,1,1,20,2,4.0,22,1
15333524,40,11,4,1,20,2,1.0,24,1
15333657,45,11,4,1,20,7,2.0,1,2
15333679,45,11,4,1,1,2,1.0,28,1
15335051,60,11,1,1,20,2,4.0,20,1
15335689,45,11,4,1,5,7,2.0,2,2
15335952,55,11,1,1,11,2,4.0,20,1
15336077,60,11,1,1,20,2,4.0,20,1
15336278,65,11,4,1,20,2,2.0,20,1
15336430,60,2,1,2,20,2,4.0,21,1
15336806,60,11,1,1,20,2,4.0,20,1
15336984,65,11,4,1,20,2,4.0,20,1
15337197,60,12,4,1,20,2,4.0,22,1
15337323,60,11,1,1,20,2,2.0,20,1
15337541,60,12,4,2,20,2,4.0,21,1
15337668,45,2,1,2,20,2,4.0,21,1
15338628,35,2,1,2,20,2,4.0,20,1
15339632,60,12,1,1,20,2,4.0,20,1
15340388,60,11,1,1,20,2,4.0,21,1
15340402,45,11,1,1,20,2,4.0,21,1
15340647,60,12,2,1,20,2,4.0,20,1
15340675,55,11,1,1,20,2,4.0,20,1
15341060,60,11,1,1,11,2,4.0,22,1
15341532,60,11,4,1,20,2,4.0,20,1
15341634,40,11,1,1,20,2,4.0,21,1
15341649,40,11,1,2,20,2,4.0,20,1
15341994,60,11,1,1,20,2,4.0,20,1
15341995,60,11,1,1,20,2,4.0,20,1
15343429,60,11,4,1,20,2,4.0,20,1
15344878,60,12,1,1,20,2,4.0,20,1
15344967,45,11,1,1,5,2,1.0,10,1
15344973,60,11,1,1,20,2,4.0,20,1
15345290,60,11,4,1,20,7,4.0,1,4
15346387,60,11,1,1,20,2,4.0,22,1
15346714,40,12,1,1,20,2,4.0,28,1
15347538,60,11,1,1,20,2,4.0,20,1
15347804,60,11,1,1,20,2,4.0,22,1
15348507,60,11,1,1,20,2,4.0,20,1
15348803,60,11,1,1,20,2,4.0,21,1
15348804,60,11,1,1,20,2,4.0,20,1
15348808,60,11,1,1,20,2,4.0,20,1
15349034,40,11,4,1,20,7,4.0,1,4
15349254,40,11,4,1,20,7,4.0,1,2
15349401,60,11,4,1,20,2,4.0,20,1
15349402,35,11,4,1,5,2,2.0,22,1
15349403,55,11,4,1,20,2,4.0,21,1
15349463,60,2,1,2,1,7,4.0,1,4
15349878,65,11,4,1,20,2,4.0,20,1
15349886,50,11,1,1,20,2,4.0,21,1
15350000,60,11,4,1,20,2,4.0,20,1
15350004,45,11,1,1,20,2,4.0,21,1
15350022,45,0,1,0,9,2,2.0,22,1
15350463,45,11,1,1,20,2,2.0,13,1
15350787,60,11,1,1,20,2,4.0,20,1
15351754,60,11,4,1,20,2,4.0,20,1
15351755,60,11,1,1,20,2,4.0,20,1
15351812,35,11,1,1,20,2,1.0,21,1
15351813,60,11,1,1,20,2,4.0,20,1
15351840,60,11,1,1,11,2,4.0,20,1
15352260,60,0,0,0,1,2,4.0,20,1
15353829,60,11,1,1,20,2,4.0,21,1
15353886,60,11,1,1,20,2,4.0,22,1
15353887,60,11,4,1,20,2,4.0,21,1
15356617,45,11,1,1,5,2,1.0,28,1
15356905,45,11,4,1,1,2,3.0,13,1
15357539,60,11,1,1,1,2,4.0,21,1
15357857,35,11,1,1,20,2,2.0,25,1
15357899,45,12,1,1,5,2,1.0,10,1
15358121,60,11,4,1,20,2,4.0,21,1
15358125,60,11,4,1,20,2,4.0,22,1
15358395,35,11,1,1,5,2,1.0,10,1
15358471,60,11,2,1,20,2,4.0,20,1
15360089,45,11,1,1,5,2,1.0,24,1
15360128,60,11,4,1,20,2,4.0,20,1
15360231,60,11,4,1,20,2,4.0,20,1
15360281,45,11,4,1,5,2,1.0,10,1
15360390,60,11,4,1,20,7,4.0,1,2
15361328,50,11,4,1,20,2,1.0,10,1
15361699,60,11,1,1,20,2,4.0,21,1
15361725,50,11,4,1,1,2,4.0,20,1
15361744,60,12,1,1,20,2,4.0,22,1
15361860,60,12,1,1,20,2,4.0,20,1
15361868,40,11,4,1,20,7,4.0,1,4
15362101,60,11,1,1,20,2,4.0,20,1
15362249,35,11,1,1,1,2,4.0,20,1
15362447,65,11,1,1,20,2,4.0,20,1
15362591,60,11,1,1,20,2,4.0,20,1
15362593,40,11,1,1,20,2,1.0,24,1
15362846,60,11,1,1,20,2,4.0,21,1
15362849,45,12,4,1,5,2,1.0,10,1
15362939,65,11,1,1,20,2,2.0,21,1
15363014,65,11,4,1,20,2,4.0,21,1
15363020,60,11,1,1,20,2,3.0,20,1
15363053,60,11,4,1,1,2,4.0,20,1
15363561,40,11,1,1,20,2,3.0,33,2
15363565,60,11,4,1,20,2,4.0,21,1
15363635,30,11,1,1,21,2,1.0,10,1
15363636,45,11,1,1,20,2,4.0,20,1
15363639,60,11,1,1,20,2,4.0,21,1
15363681,60,11,1,1,20,2,4.0,20,1
15363882,35,12,4,1,20,2,3.0,20,1
15364082,60,11,4,1,20,7,4.0,1,4
15365145,45,11,1,1,20,2,4.0,21,1
15366120,35,11,1,1,20,2,2.0,23,1
15366677,60,11,2,1,20,2,4.0,20,1
15366739,60,11,4,1,20,1,4.0,1,1
15366791,60,11,4,1,20,2,4.0,20,1
15366824,50,11,1,1,20,2,1.0,28,1
15366880,60,11,1,1,20,2,4.0,20,1
15366881,60,11,1,1,20,2,4.0,20,1
15368506,45,11,1,1,20,2,4.0,21,1
15368858,60,12,1,1,20,2,4.0,22,1
15368928,45,11,3,1,1,2,3.0,23,1
15368993,60,12,1,1,20,7,4.0,1,4
15369483,60,12,1,2,20,2,4.0,20,1
15370020,60,2,4,2,17,2,4.0,20,1
15370181,60,11,1,1,20,2,4.0,20,1
15370184,60,11,4,1,20,2,4.0,20,1
15370396,45,11,1,1,20,2,4.0,21,1
15370881,60,11,4,1,20,2,4.0,21,1
15370882,60,11,4,1,20,2,4.0,20,1
15370891,40,11,4,1,20,7,4.0,1,2
15371009,60,11,4,1,20,2,4.0,20,1
15371126,60,11,4,1,1,7,4.0,1,2
15371248,45,11,4,1,20,7,2.0,1,1
15371265,60,11,4,1,20,4,4.0,1,3
15371830,40,11,1,1,20,2,4.0,20,1
15371835,60,11,1,1,20,2,4.0,21,1
15372123,60,2,1,2,20,2,4.0,20,1
15372892,60,11,4,1,20,2,4.0,20,1
15373159,35,11,1,1,5,2,1.0,10,1
15374248,60,11,1,1,20,2,4.0,20,1
15374258,60,11,1,1,20,2,4.0,20,1
15374898,60,11,1,1,20,2,4.0,22,1
15375773,60,11,1,1,20,2,4.0,21,1
15375813,35,11,4,1,20,2,4.0,21,1
15375817,45,11,4,1,5,2,1.0,10,1
15375827,60,11,4,1,20,2,4.0,21,1
15376002,60,11,4,1,20,2,4.0,21,1
15376115,60,11,1,1,20,2,4.0,22,1
15376459,65,11,1,1,20,2,4.0,20,1
15376800,35,11,1,1,20,2,2.0,14,1
15376801,65,11,1,1,20,2,4.0,20,1
15376808,45,11,4,1,1,2,4.0,20,1
15376844,40,11,4,1,20,2,1.0,10,1
15377038,40,11,4,1,20,2,3.0,10,1
15377095,65,11,4,1,20,2,4.0,20,1
15377105,60,12,1,1,20,2,4.0,20,1
15378885,60,11,4,1,20,2,4.0,20,1
15379921,60,11,4,1,20,2,4.0,21,1
15379934,65,11,1,1,20,2,4.0,20,1
15380142,60,11,1,1,20,7,4.0,1,4
15381117,60,11,1,1,20,2,4.0,21,1
15381414,60,11,1,1,20,2,4.0,20,1
15381462,60,11,1,1,20,2,4.0,21,1
15381463,60,11,1,1,11,2,4.0,20,1
15382048,60,11,1,1,20,2,4.0,20,1
15382274,45,11,1,1,5,2,3.0,10,1
15382424,60,11,1,1,20,2,4.0,22,1
15382982,45,11,1,1,20,2,3.0,23,1
15383010,60,11,4,1,20,2,4.0,21,1
15383173,60,11,1,1,11,2,4.0,20,1
15383210,65,11,1,1,20,2,4.0,20,1
15383370,60,11,1,1,20,2,4.0,22,1
15383571,60,11,1,1,20,2,4.0,20,1
15383640,60,11,1,1,20,2,4.0,20,1
15384332,35,11,1,1,5,2,4.0,20,1
15384702,60,11,4,1,20,2,4.0,20,1
15385227,60,12,1,1,20,2,4.0,21,1
15385678,60,12,4,1,20,7,4.0,1,2
15385820,60,11,4,1,20,2,4.0,20,1
15386674,60,11,4,1,20,2,4.0,21,1
15386883,60,11,1,1,20,2,4.0,20,1
15386884,60,11,6,1,20,2,4.0,20,1
15387266,65,11,1,1,20,2,4.0,20,1
15387430,45,11,1,1,5,2,1.0,10,1
15387432,60,12,1,1,11,2,4.0,20,1
15387446,60,11,1,1,11,2,4.0,35,1
15388091,60,11,4,1,20,2,4.0,20,1
15388098,50,12,4,1,20,2,3.0,23,1
15388355,60,12,4,1,20,2,4.0,20,1
15388558,60,11,1,1,20,7,4.0,1,2
15388569,35,11,1,1,5,2,4.0,22,1
15388784,45,11,1,1,20,2,4.0,20,1
15389175,65,11,1,1,20,2,4.0,20,1
15389294,55,11,1,1,1,2,4.0,22,1
15389441,60,11,4,1,20,2,4.0,20,1
15390287,65,12,1,1,20,2,4.0,21,1
15390640,45,11,1,1,20,2,4.0,22,1
15392907,45,11,4,1,20,2,4.0,21,1
15393044,60,11,1,1,20,2,4.0,21,1
15393068,60,11,1,1,20,2,4.0,22,1
15393217,60,11,1,1,20,7,4.0,1,4
15394103,60,11,1,1,20,2,2.0,20,1
15394145,60,11,1,1,20,2,4.0,21,1
15394236,40,11,1,1,20,2,3.0,10,1
15394264,60,11,1,1,20,7,4.0,1,2
15394281,60,11,1,1,20,2,4.0,20,1
15394476,60,11,1,1,20,2,4.0,21,1
15394686,60,11,1,1,20,2,4.0,20,1
15394687,60,11,1,1,20,2,4.0,20,1
15394798,60,11,4,1,3,2,4.0,21,1
15395142,60,11,1,1,20,2,4.0,20,1
15395651,60,11,1,1,20,2,4.0,20,1
15396316,60,11,1,1,20,2,4.0,21,1
15396612,60,11,1,1,20,2,4.0,22,1
15397021,40,11,1,1,5,2,1.0,28,1
15397495,30,11,4,1,20,2,4.0,21,1
15397507,45,11,1,1,8,2,1.0,10,1
15397666,50,11,4,1,20,2,4.0,21,1
15397905,45,11,1,1,11,7,4.0,1,2
15398765,60,11,1,1,20,8,4.0,1,1
15398853,65,11,1,1,1,2,4.0,21,1
15399274,60,11,4,1,20,2,2.0,21,1
15399708,45,12,4,1,20,9,4.0,1,1
15400925,65,11,1,1,1,2,4.0,20,1
15401731,65,11,4,1,20,2,4.0,21,1
15401812,60,11,3,1,20,2,4.0,20,1
15401813,60,11,1,1,20,2,4.0,20,1
15401824,60,12,4,1,20,2,4.0,21,1
15402137,40,11,1,1,1,2,3.0,10,1
15402607,35,11,3,1,20,2,4.0,21,1
15403195,40,11,1,1,5,2,2.0,22,1
15403196,45,11,1,1,20,2,4.0,21,1
15403198,60,11,4,1,20,2,4.0,20,1
15403652,60,11,1,1,20,2,4.0,20,1
15405893,45,11,1,1,20,2,4.0,20,1
15407024,65,11,3,1,1,2,4.0,21,1
15408862,60,11,4,1,20,2,4.0,21,1
15408887,60,5,4,1,20,2,4.0,22,1
15408888,60,11,4,1,20,2,4.0,20,1
15409018,60,11,1,1,20,2,4.0,21,1
15409344,40,11,4,1,20,7,4.0,1,2
15410429,60,12,1,2,20,2,4.0,20,1
15410513,40,12,4,1,5,2,1.0,10,1
15410534,40,2,1,2,20,2,2.0,13,1
15410537,55,11,1,1,1,2,2.0,21,1
15410894,40,11,1,1,20,2,4.0,21,1
15412065,60,12,1,1,20,2,4.0,22,1
15412851,60,11,1,1,20,7,4.0,1,3
15413262,60,11,1,1,20,2,4.0,21,1
15413263,60,11,1,1,20,2,4.0,20,1
15413340,40,11,1,1,20,2,4.0,21,1
15413341,60,11,4,1,20,2,4.0,20,1
15413976,60,11,6,1,20,7,4.0,1,4
15413994,65,11,1,1,1,2,2.0,20,1
15414003,60,11,1,1,20,2,1.0,10,1
15414981,30,12,5,2,20,7,2.0,3,2
15414992,60,11,4,1,1,2,4.0,22,1
15415122,65,11,4,1,20,2,4.0,20,1
15415130,60,11,1,1,20,2,4.0,20,1
15415175,60,11,1,1,20,2,4.0,20,1
15415324,45,11,4,1,5,2,1.0,10,1
15415399,60,11,4,1,20,2,4.0,20,1
15415699,60,11,1,1,20,2,4.0,20,1
15415708,65,12,4,1,20,2,4.0,22,1
15416312,45,11,4,1,5,2,1.0,23,1
15416766,45,11,1,1,20,2,3.0,10,1
15416783,60,11,4,1,20,2,4.0,20,1
15416965,45,11,4,1,5,1,2.0,1,1
15417465,60,11,4,1,1,2,4.0,21,1
15418412,55,11,1,1,11,2,4.0,22,1
15418476,60,11,1,1,1,2,4.0,20,1
15418813,60,11,1,1,20,2,4.0,20,1
15419003,60,12,0,0,1,2,4.0,20,1
15419618,45,11,4,1,5,2,1.0,10,1
15419890,60,5,6,1,20,2,4.0,22,1
15420011,60,11,1,1,20,2,4.0,21,1
15420970,60,12,1,1,20,2,4.0,20,1
15421924,60,2,4,2,20,7,4.0,1,2
15422087,60,12,1,1,9,2,1.0,10,1
15422282,60,11,1,1,20,2,4.0,21,1
15422349,40,11,1,1,20,2,4.0,20,1
15422476,45,11,4,1,20,2,4.0,20,1
15422707,45,11,4,1,20,2,4.0,22,1
15422708,45,2,4,2,20,7,4.0,1,2
15422711,55,2,4,2,20,2,4.0,22,1
15422770,60,12,1,1,20,2,4.0,20,1
15422789,65,11,1,1,20,2,4.0,20,1
15423233,60,11,1,1,20,2,4.0,22,1
15423353,40,12,4,2,20,7,2.0,1,2
15423887,65,11,4,1,20,2,4.0,21,1
15424209,60,2,6,2,20,2,4.0,21,1
15424250,45,12,1,1,5,2,1.0,10,1
15424677,60,11,4,1,20,2,4.0,21,1
15425477,45,2,4,2,20,7,2.0,1,2
15425517,60,12,1,1,20,2,4.0,20,1
15425556,60,11,1,1,1,7,4.0,1,2
15426676,45,11,4,1,20,2,4.0,20,1
15427012,65,11,1,1,1,2,4.0,20,1
15427110,45,11,1,1,20,2,4.0,20,1
15427177,60,11,1,1,20,2,4.0,22,1
15427182,45,12,1,1,5,2,1.0,28,1
15427253,60,11,1,2,20,2,4.0,22,1
15427516,60,11,1,1,20,2,4.0,20,1
15428164,65,2,3,3,20,2,4.0,20,1
15428275,60,12,3,1,20,2,4.0,21,1
15428328,60,11,4,1,20,2,4.0,20,1
15428608,45,11,4,1,20,7,4.0,1,2
15428612,45,12,1,1,20,2,3.0,13,1
15428894,60,12,5,1,20,2,4.0,20,1
15429287,65,11,1,1,1,2,4.0,20,1
15429288,60,11,1,1,20,2,4.0,22,1
15429557,60,11,0,1,20,2,4.0,20,1
15429570,60,11,4,1,20,2,4.0,20,1
15429579,35,11,1,1,5,2,2.0,20,1
15429581,65,12,1,1,20,2,4.0,20,1
15429600,65,11,4,1,1,2,4.0,20,1
15429686,60,12,4,1,20,7,4.0,1,2
15429911,60,11,4,1,20,2,4.0,20,1
15430164,60,11,1,1,1,2,4.0,21,1
15431625,60,12,1,1,20,7,4.0,1,4
15431638,60,12,4,1,20,2,4.0,21,1
15431855,60,11,1,1,20,2,4.0,20,1
15432878,60,11,1,1,20,2,4.0,20,1
15432879,35,11,4,1,20,7,4.0,1,2
15433036,60,11,4,1,11,2,4.0,20,1
15433768,45,11,1,1,1,2,4.0,20,1
15434588,60,11,1,1,20,2,4.0,20,1
15434627,60,11,1,1,20,2,4.0,20,1
15435099,65,11,1,1,20,2,4.0,20,1
15435102,45,12,1,1,20,2,4.0,21,1
15435115,65,11,1,1,20,2,4.0,21,1
15435801,60,12,1,1,20,2,4.0,22,1
15435878,45,11,4,1,5,2,1.0,13,1
15436072,35,11,4,1,5,2,2.0,23,1
15436274,65,12,1,1,9,2,1.0,10,1
15436980,60,11,1,1,20,2,4.0,21,1
15436982,40,11,1,1,20,2,3.0,20,1
15436984,60,12,1,1,20,2,4.0,20,1
15437291,65,11,4,1,20,2,4.0,20,1
15437372,65,11,1,1,20,7,4.0,1,4
15437965,45,11,4,1,11,2,4.0,20,1
15438012,60,11,1,1,20,2,4.0,22,1
15438684,45,11,1,1,20,2,4.0,20,1
15439177,60,12,4,1,20,2,4.0,22,1
15439777,60,11,4,1,20,7,4.0,1,4
15440021,60,12,1,1,20,2,4.0,22,1
15440029,60,12,1,1,20,2,4.0,22,1
15440450,40,11,1,1,20,2,4.0,20,1
15442103,60,12,2,1,20,2,4.0,22,1
15442336,60,11,1,1,20,2,4.0,20,1
15442341,60,11,1,1,20,2,4.0,20,1
15442342,60,11,1,1,20,2,4.0,20,1
15442615,60,11,1,1,20,2,4.0,21,1
15442889,60,11,1,1,20,2,4.0,21,1
15443500,60,11,4,1,20,2,4.0,20,1
15443597,60,11,1,1,20,2,4.0,20,1
15443769,60,11,4,1,20,2,4.0,20,1
15443770,45,11,1,1,20,2,3.0,10,1
15444040,60,12,1,1,1,2,4.0,21,1
15445089,65,11,1,1,20,7,4.0,1,2
15445219,45,11,1,1,20,2,2.0,22,1
15445914,45,11,1,1,20,2,4.0,21,1
15445917,60,11,1,1,20,2,4.0,20,1
15445946,65,0,1,0,1,2,4.0,20,1
15446138,60,12,1,1,20,2,4.0,20,1
15446396,60,11,1,1,20,2,4.0,20,1