Crash_ID,Crash_Speed_Limit,Wthr_Cond_ID,Light_Cond_ID,Surf_Cond_ID,Traffic_Cntl_ID,Harm_Evnt_ID,Intrsct_Relat_ID,FHE_Collsn_ID,Road_Relat_ID
15797196,50,11,1,1,1,2,1.0,10,1
15798591,65,11,1,1,20,2,4.0,21,1
15798596,60,2,1,2,20,2,4.0,21,1
15798885,65,11,4,1,20,2,4.0,21,1
15799008,35,11,4,1,5,2,1.0,34,1
15799015,60,11,1,1,11,7,2.0,1,2
15799055,40,12,1,1,20,7,4.0,1,2
15799056,60,12,1,1,20,2,4.0,20,1
15799059,60,11,1,1,20,2,4.0,20,1
15799061,40,12,1,1,5,2,1.0,10,1
15799073,60,12,1,2,20,2,4.0,21,1
15799150,45,2,1,3,20,2,4.0,20,1
15799763,60,11,1,1,20,2,2.0,20,1
15800656,45,2,1,2,20,2,4.0,20,1
15801777,60,11,1,1,20,2,4.0,20,1
15801814,60,11,1,1,20,7,4.0,1,4
15802397,60,11,1,1,20,2,4.0,22,1
15802657,45,11,1,1,20,2,1.0,24,1
15803948,40,12,4,1,20,2,4.0,20,1
15804953,60,11,1,1,1,2,4.0,20,1
15805752,60,11,4,1,20,2,4.0,20,1
15805801,50,11,1,1,20,2,4.0,20,1
15805879,45,7,1,1,11,2,3.0,10,1
15806203,55,11,1,1,20,2,4.0,21,1
15806441,60,11,1,1,20,2,4.0,20,1
15806469,60,11,1,1,20,2,4.0,21,1
15806522,60,11,1,1,20,2,4.0,20,1
15806524,60,12,1,1,20,2,4.0,21,1
15806624,60,12,1,1,20,2,4.0,21,1
15806728,45,11,4,1,9,2,4.0,20,1
15807557,35,12,1,1,20,2,1.0,10,1
15808264,60,11,1,1,1,2,4.0,21,1
15808429,60,11,1,1,20,2,4.0,22,1
15808432,60,11,1,1,20,2,4.0,20,1
15808607,60,11,1,1,20,2,4.0,20,1
15808987,60,12,1,1,20,2,4.0,20,1
15809974,40,11,1,1,20,2,4.0,21,1
15809989,35,11,1,1,20,2,1.0,20,1
15810009,60,11,1,1,20,2,4.0,20,1
15810023,65,11,1,1,1,2,4.0,20,1
15811185,45,11,1,1,5,2,1.0,34,1
15811200,45,12,1,1,5,2,1.0,10,1
15811202,65,12,1,1,1,2,4.0,22,1
15811222,60,2,1,2,20,7,4.0,1,2
15811641,60,11,1,1,20,2,4.0,21,1
15812639,35,11,1,1,9,2,2.0,22,1
15813119,40,11,1,1,5,2,1.0,10,1
15813995,60,2,1,2,20,2,4.0,20,1
15813998,40,11,1,1,20,2,4.0,20,1
15814026,60,11,4,1,20,2,4.0,21,1
15814460,35,11,1,1,5,2,1.0,34,1
15814962,60,11,1,1,20,2,4.0,20,1
15815213,45,11,3,1,20,2,4.0,31,1
15815214,40,11,4,1,20,2,4.0,20,1
15815736,60,11,1,1,20,2,4.0,22,1
15816413,60,11,1,1,20,2,4.0,20,1
15816521,60,11,1,1,20,7,2.0,1,2
15817060,60,12,4,1,20,2,4.0,21,1
15817169,60,11,4,1,20,7,4.0,1,2
15817416,35,11,1,1,20,2,2.0,22,1
15817616,60,11,1,1,20,7,4.0,1,4
15818080,60,11,1,1,20,2,4.0,20,1
15818549,65,11,1,1,1,2,4.0,20,1
15818806,60,11,1,1,20,2,4.0,21,1
15818807,40,11,1,1,20,10,4.0,1,2
15820047,60,12,2,1,20,7,4.0,1,2
15820178,60,11,1,1,20,2,4.0,20,1
15820477,60,11,1,1,20,2,4.0,20,1
15821356,60,11,3,1,20,2,4.0,21,1
15822743,60,11,1,1,20,2,4.0,20,1
15823231,65,11,1,1,3,2,4.0,20,1
15823244,45,11,1,1,20,2,4.0,20,1
15823322,60,11,4,1,20,2,4.0,21,1
15823498,45,11,1,1,1,2,4.0,21,1
15824172,60,11,1,1,20,2,4.0,20,1
15824713,45,11,1,1,11,2,4.0,20,1
15824856,50,11,1,1,5,2,4.0,21,1
15825384,65,11,1,1,20,2,4.0,20,1
15825458,60,11,1,1,20,2,4.0,20,1
15825460,60,11,1,1,20,2,4.0,20,1
15825464,35,12,1,1,5,2,1.0,10,1
15825488,60,12,1,1,20,2,4.0,22,1
15825582,35,11,1,1,11,2,3.0,23,1
15826130,60,11,1,1,20,2,4.0,20,1
15826402,60,11,1,1,20,2,4.0,20,1
15827184,60,12,1,1,20,2,4.0,21,1
15828530,45,12,4,1,20,2,1.0,10,1
15829134,60,12,1,2,20,2,4.0,21,1
15829135,60,11,1,1,20,2,4.0,20,1
15829136,65,11,1,1,20,2,4.0,22,1
15829153,60,11,1,1,20,2,4.0,20,1
15829194,35,11,1,2,1,2,4.0,20,1
15829385,60,11,4,1,20,2,4.0,21,1
15829387,60,11,4,1,20,7,4.0,1,4
15829977,60,11,1,1,20,2,4.0,20,1
15830036,60,11,1,1,20,2,4.0,21,1
15830250,60,11,4,1,17,2,4.0,21,1
15830254,60,12,4,1,20,2,4.0,21,1
15830809,45,12,1,1,20,2,4.0,21,1
15832481,60,12,1,1,20,2,4.0,21,1
15834675,60,12,1,2,20,7,4.0,1,2
15834702,45,12,3,1,5,2,1.0,10,1
15834714,35,11,1,1,20,2,1.0,34,1
15834715,65,11,4,1,1,7,4.0,1,2
15834717,60,12,1,1,20,2,4.0,20,1
15835009,40,11,1,1,20,7,4.0,1,4
15835022,45,11,1,1,20,10,4.0,1,1
15835157,60,12,1,1,20,2,4.0,20,1
15835165,60,2,1,2,20,7,4.0,1,4
15836070,60,11,1,1,20,2,4.0,21,1
15837011,60,11,4,1,20,2,4.0,20,1
15837017,60,12,4,1,20,2,4.0,22,1
15837335,60,12,1,1,20,7,4.0,1,2
15837611,60,12,1,1,20,2,4.0,21,1
15838674,60,11,6,1,20,2,4.0,21,1
15838692,45,12,4,1,5,2,1.0,10,1
15838787,60,12,4,1,20,2,4.0,20,1
15839504,60,2,1,2,20,7,4.0,1,4
15839569,65,0,1,0,1,2,4.0,21,1
15840247,60,12,1,1,20,2,4.0,20,1
15840255,40,12,4,1,9,2,4.0,21,1
15840523,60,12,1,1,20,2,4.0,22,1
15840651,65,12,1,1,20,2,4.0,20,1
15840677,65,11,1,1,1,2,4.0,21,1
15841002,45,11,1,1,20,2,4.0,21,1
15841039,60,11,1,1,20,2,4.0,21,1
15841281,60,11,4,1,20,7,4.0,1,4
15841284,60,11,4,1,20,2,4.0,21,1
15841502,30,2,5,2,1,2,4.0,20,1
15841535,60,11,1,1,20,2,4.0,20,1
15841639,45,11,1,1,5,2,1.0,10,1
15841732,60,11,1,1,20,2,4.0,20,1
15841745,45,11,1,1,20,2,4.0,20,1
15843478,60,11,1,1,20,2,2.0,21,1
15843575,40,11,1,1,5,2,2.0,22,1
15843759,45,11,1,1,8,2,1.0,13,1
15843760,65,11,1,1,20,2,4.0,20,1
15843845,-1,11,3,1,20,2,4.0,21,1
15843869,45,11,4,1,20,7,4.0,1,2
15844386,60,11,1,1,20,2,4.0,20,1
15844388,65,11,1,1,20,2,4.0,20,1
15844992,60,11,1,1,11,8,4.0,1,1
15845058,65,11,1,1,1,2,4.0,22,1
15846494,30,11,1,1,5,2,1.0,10,1
15846572,45,11,1,1,5,2,1.0,10,1
15847032,60,11,4,1,1,2,4.0,20,1
15847037,60,11,1,1,20,2,4.0,20,1
15847049,60,11,1,1,20,2,4.0,21,1
15847350,35,11,1,1,20,2,4.0,21,1
15847418,40,2,3,2,20,7,4.0,1,4
15847722,60,11,1,1,20,2,4.0,21,1
15847815,60,11,1,1,20,2,4.0,20,1
15848147,60,11,1,1,20,2,4.0,20,1
15848273,60,11,1,1,20,2,4.0,20,1
15848282,60,11,1,1,11,2,4.0,20,1
15849526,35,12,1,1,9,2,2.0,22,1
15850203,60,11,1,1,20,2,4.0,20,1
15850205,60,11,1,1,20,2,4.0,20,1
15850206,60,11,1,1,20,2,4.0,20,1
15850893,60,12,1,1,1,2,4.0,22,1
15851415,65,11,1,1,20,2,4.0,20,1
15851722,35,11,1,2,1,2,4.0,20,1
15852009,45,11,1,1,20,2,4.0,20,1
15852136,60,11,4,1,20,7,4.0,1,2
15852167,60,11,1,1,20,2,4.0,21,1
15852265,60,12,1,1,20,2,4.0,22,1
15852294,60,11,1,1,20,2,4.0,22,1
15852586,60,11,1,2,20,2,4.0,20,1
15853122,60,12,1,1,1,2,4.0,20,1
15853286,45,11,1,1,20,2,4.0,20,1
15854954,60,12,1,1,20,2,4.0,20,1
15855785,60,11,4,1,20,2,4.0,20,1
15855786,60,12,1,1,20,2,4.0,20,1
15855790,60,11,1,1,20,2,4.0,20,1
15855880,60,11,1,1,20,2,4.0,20,1
15855881,60,0,1,1,1,2,4.0,21,1
15855882,45,11,1,1,5,2,1.0,10,1
15855921,60,11,1,1,20,2,4.0,21,1
15857482,60,11,4,1,20,2,4.0,21,1
15857521,60,12,1,2,20,2,4.0,20,1
15857534,60,11,1,1,20,2,4.0,21,1
15857689,35,11,1,1,20,7,4.0,1,2
15857779,45,2,1,2,5,4,4.0,1,2
15857886,45,11,4,1,1,7,4.0,1,2
15859231,60,11,1,1,20,2,4.0,21,1
15859419,60,11,1,1,20,2,4.0,20,1
15860066,60,11,1,1,20,2,4.0,22,1
15860459,60,11,1,1,20,2,4.0,21,1
15860461,60,2,1,2,20,2,4.0,21,1
15863534,-1,12,1,1,11,7,4.0,1,2
15864656,55,11,1,1,20,2,4.0,20,1
15864890,45,11,1,1,20,2,4.0,21,1
15864891,60,12,1,1,20,7,4.0,1,2
15864892,45,11,1,1,5,2,1.0,10,1
15868635,60,11,1,1,20,2,4.0,20,1
15868828,65,11,1,1,20,2,4.0,21,1
15868829,60,11,1,1,20,2,4.0,22,1
15868866,60,11,1,1,1,2,4.0,20,1
15868927,60,11,1,1,20,2,4.0,20,1
15869435,60,11,1,1,20,2,4.0,20,1
15869437,65,12,5,1,20,2,4.0,23,1
15869451,60,12,1,1,20,2,4.0,20,1
15869558,45,11,4,1,20,2,3.0,23,1
15869770,60,12,1,1,1,2,4.0,21,1
15870211,60,12,4,1,20,2,4.0,21,1
15870870,60,12,1,1,20,2,1.0,13,1
15871158,50,12,1,1,9,2,2.0,22,1
15871191,60,11,1,1,1,2,4.0,20,1
15872287,60,12,1,1,20,2,4.0,20,1
15872481,65,11,1,1,1,2,4.0,20,1
15872651,45,11,1,2,20,2,4.0,22,1
15872689,40,11,1,1,20,2,2.0,28,1
15872839,60,12,4,1,20,2,4.0,21,1
15872988,60,11,1,1,20,7,4.0,1,4
15873368,40,11,1,1,20,2,4.0,21,1
15873407,60,11,1,1,20,2,4.0,20,1
15873409,60,11,1,1,20,2,4.0,20,1
15873411,60,11,1,1,20,2,4.0,20,1
15873495,60,11,1,1,20,2,4.0,20,1
15873823,60,11,1,1,20,7,4.0,1,2
15873824,60,2,4,2,20,2,4.0,20,1
15874454,45,11,1,1,5,2,2.0,22,1
15874727,45,11,1,1,8,2,1.0,10,1
15874832,60,11,1,1,20,4,4.0,1,3
15874857,60,11,1,1,20,2,4.0,21,1
15875048,60,12,4,1,20,2,4.0,21,1
15875049,60,12,1,2,20,2,4.0,20,1
15875054,60,11,4,1,20,2,4.0,20,1
15875055,50,12,1,1,20,2,4.0,20,1
15875059,60,12,1,1,20,2,4.0,20,1
15875061,35,12,1,1,20,2,4.0,20,1
15875065,60,11,1,1,20,2,4.0,20,1
15875182,45,11,4,2,20,2,4.0,22,1
15875312,45,12,4,3,20,7,4.0,1,2
15875398,60,12,4,1,20,2,4.0,20,1
15875969,60,11,4,1,20,2,4.0,21,1
15876018,65,11,4,1,20,2,4.0,46,1
15876022,60,11,1,1,20,2,4.0,22,1
15876177,60,11,1,1,20,2,4.0,21,1
15878432,60,11,4,1,20,7,4.0,1,4
15878484,60,11,4,1,20,7,4.0,1,4
15878487,45,11,4,1,20,10,4.0,1,4
15878512,35,11,1,1,20,2,4.0,20,1
15878516,60,11,1,1,20,2,4.0,21,1
15878771,60,11,1,1,11,2,4.0,22,1
15879436,60,11,1,1,20,7,4.0,1,2
15879467,60,11,1,1,20,2,4.0,20,1
15879489,60,11,1,1,20,2,4.0,20,1
15880058,60,0,1,0,1,2,4.0,20,1
15880581,60,2,5,2,20,2,4.0,20,1
15880662,60,2,1,2,20,2,4.0,21,1
15881021,55,12,1,1,11,2,4.0,20,1
15881066,45,11,1,1,20,2,3.0,13,1
15881496,65,0,0,0,1,2,4.0,20,1
15882431,45,12,1,1,20,2,4.0,21,1
15883323,60,11,1,1,20,2,4.0,20,1
15883391,60,11,1,1,20,2,4.0,21,1
15883446,45,11,1,1,17,7,4.0,1,1
15884294,60,11,1,1,20,7,4.0,1,2
15884427,60,12,1,1,20,2,4.0,20,1
15884435,60,11,3,1,20,2,4.0,20,1
15884437,60,2,1,2,20,2,4.0,20,1
15884785,40,11,1,1,20,2,4.0,20,1
15885453,60,12,1,1,20,2,4.0,20,1
15885454,30,12,1,1,9,2,1.0,14,1
15885721,60,11,1,1,20,2,4.0,20,1
15886184,60,11,1,1,20,2,4.0,20,1
15886451,45,11,4,1,20,2,2.0,22,1
15886509,60,11,1,1,20,2,4.0,21,1
15886963,40,11,4,1,5,2,1.0,10,1
15887136,60,11,4,1,20,2,4.0,21,1
15887149,60,11,6,1,20,10,4.0,1,1
15887347,60,11,1,1,20,2,4.0,20,1
15887638,60,11,1,1,1,2,4.0,21,1
15887750,60,11,4,1,20,2,4.0,20,1
15887751,60,11,5,1,20,2,4.0,20,1
15887764,60,11,1,1,20,2,4.0,20,1
15887940,60,11,4,1,20,2,4.0,22,1
15887942,35,11,4,1,20,2,4.0,21,1
15888100,60,11,4,1,20,2,4.0,21,1
15888281,65,11,4,1,20,8,4.0,1,1
15888286,55,11,1,1,1,2,4.0,20,1
15889847,60,11,2,1,20,2,4.0,20,1
15890131,60,11,4,1,20,2,4.0,21,1
15890242,60,11,1,1,20,2,4.0,20,1
15890788,50,11,4,1,20,7,4.0,1,2
15890819,55,11,1,1,20,2,4.0,21,1
15890882,35,11,1,1,20,2,4.0,21,1
15890902,35,11,1,1,1,2,4.0,20,1
15891658,60,11,1,1,20,2,4.0,20,1
15892922,65,11,4,1,20,10,4.0,1,1
15893026,5,11,1,1,1,4,3.0,2,2
15893090,60,11,1,1,20,2,4.0,20,1
15893091,60,11,1,1,20,2,4.0,20,1
15893634,45,0,0,0,5,2,4.0,20,1
15893660,40,11,1,1,20,2,4.0,20,1
15893678,40,11,1,1,20,7,2.0,2,2
15894008,60,11,1,1,20,2,4.0,20,1
15894010,60,11,1,1,20,2,4.0,21,1
15894405,60,11,4,1,20,2,2.0,21,1
15894630,50,11,4,1,20,1,2.0,3,1
15894639,45,11,4,1,20,2,4.0,20,1
15895363,60,11,1,1,11,7,2.0,1,2
15895785,60,2,1,2,20,2,4.0,20,1
15895802,60,11,1,1,20,2,4.0,20,1
15895816,35,11,4,1,20,2,1.0,21,1
15896170,60,12,1,1,20,2,4.0,20,1
15896402,45,2,1,2,5,2,4.0,20,1
15896743,60,12,4,1,20,2,4.0,20,1
15897745,60,11,1,1,20,2,4.0,20,1
15897755,60,11,1,1,20,2,2.0,21,1
15897973,40,12,1,1,5,2,2.0,22,1
15898080,45,11,1,1,5,2,1.0,10,1
15898188,60,12,1,1,20,2,4.0,20,1
15898493,45,2,1,2,5,2,1.0,10,1
15898541,55,12,1,1,9,2,4.0,14,1
15898542,60,11,1,1,20,2,4.0,20,1
15898833,45,12,1,1,20,2,4.0,21,1
15899443,60,11,4,1,20,2,4.0,20,1
15899600,60,12,1,1,20,2,4.0,20,1
15899611,60,12,1,1,20,2,4.0,20,1
15899615,60,12,1,1,20,7,4.0,1,4
15899658,60,11,4,1,20,2,4.0,21,1
15901401,60,11,4,1,20,2,4.0,20,1
15902149,35,11,4,1,20,2,2.0,13,1
15902348,40,11,4,1,20,2,1.0,21,1
15902418,65,11,4,1,20,7,4.0,1,4
15903834,65,11,1,1,1,2,4.0,21,1
15903858,60,11,1,1,20,2,4.0,22,1
15905739,50,11,1,1,11,2,4.0,22,1
15906638,60,11,1,1,20,2,4.0,22,1
15906663,50,11,4,1,5,2,1.0,28,1
15906664,55,11,4,1,20,2,3.0,23,1
15906703,60,11,1,1,1,2,4.0,21,1
15906737,60,11,4,1,20,7,4.0,1,1
15906971,65,2,1,2,1,2,4.0,20,1
15907790,40,11,1,1,20,2,3.0,10,1
15907795,60,2,1,2,20,2,4.0,20,1
15907800,60,2,1,2,20,2,4.0,20,1
15910582,65,11,1,2,1,2,4.0,21,1
15911060,60,11,4,1,20,2,4.0,21,1
15911864,60,11,1,1,20,2,4.0,20,1
15915317,60,11,1,1,20,2,4.0,20,1
15920219,30,11,1,1,20,2,4.0,21,1
15922085,35,2,1,2,20,2,4.0,20,1
15922721,45,11,4,1,20,2,4.0,21,1
15922724,65,2,4,2,11,2,4.0,21,1
15923350,60,11,1,1,20,2,1.0,21,1
15933451,45,2,1,2,20,2,4.0,21,1
15994934,45,11,1,1,5,2,1.0,10,1
16195438,60,11,4,1,20,2,4.0,20,1
16363627,60,11,1,1,20,2,4.0,20,1
15906908,45,11,4,1,20,7,4.0,1,2
15907794,60,11,1,1,20,2,4.0,20,1
15907802,60,11,1,1,20,2,4.0,20,1
15908072,65,11,1,1,20,2,4.0,21,1
15909914,60,12,1,1,20,2,4.0,21,1
15910161,60,12,1,1,20,2,4.0,22,1
15910435,60,11,1,1,20,2,4.0,20,1
15910472,65,11,6,1,20,2,4.0,21,1
15910500,45,11,1,1,5,2,1.0,34,1
15910579,35,11,1,1,1,2,4.0,21,1
15910857,60,11,1,1,20,2,4.0,20,1
15910859,45,11,1,1,20,2,4.0,20,1
15911313,40,11,1,1,1,2,4.0,22,1
15913091,45,12,4,1,10,7,4.0,1,4
15913958,60,12,1,1,1,2,4.0,20,1
15914471,65,11,4,1,1,2,4.0,21,1
15914507,60,11,1,1,20,2,4.0,22,1
15915636,65,11,1,1,20,7,4.0,1,4
15916031,60,12,1,1,20,2,4.0,20,1
15916152,45,11,1,1,20,2,4.0,21,1
15916206,60,11,1,1,20,2,4.0,21,1
15916631,60,11,1,1,1,2,4.0,20,1
15916669,65,11,1,1,20,2,4.0,21,1
15917458,60,11,1,1,20,2,4.0,20,1
15918169,60,11,1,1,20,2,4.0,20,1
15918280,60,11,1,1,20,2,2.0,21,1
15918304,60,11,1,1,20,2,4.0,20,1
15919657,60,11,1,1,20,2,4.0,20,1
15921742,60,11,1,1,20,2,4.0,20,1
15921778,60,11,1,1,20,2,4.0,20,1
15921871,60,11,1,1,20,2,4.0,20,1
15922480,60,11,1,1,20,2,4.0,20,1
15922869,60,11,1,1,20,2,4.0,20,1
15923409,65,11,1,1,20,2,4.0,22,1
15923604,60,11,4,1,20,2,4.0,21,1
15924392,60,11,1,1,20,2,4.0,20,1
15924395,60,11,1,1,20,2,4.0,20,1
15924409,60,11,1,1,20,2,4.0,20,1
15924412,60,11,1,1,20,2,4.0,20,1
15924422,60,11,1,1,20,2,4.0,20,1
15924460,60,11,1,1,20,2,4.0,20,1
15924463,60,11,1,1,20,2,4.0,21,1
15924465,60,11,1,1,20,2,4.0,20,1
15924468,60,11,4,1,20,2,4.0,20,1
15924794,45,11,6,1,5,1,4.0,1,1
15925105,50,12,1,1,20,2,4.0,21,1
15925621,60,11,1,1,20,2,4.0,20,1
15925622,60,11,1,1,11,2,4.0,21,1
15925970,60,11,4,1,1,2,4.0,20,1
15926464,60,11,1,1,20,2,4.0,20,1
15926529,60,11,1,1,20,2,4.0,20,1
15927889,40,11,1,1,20,2,4.0,21,1
15927890,60,11,1,1,20,2,4.0,20,1
15927931,45,11,1,1,20,2,4.0,20,1
15928038,60,11,4,1,20,2,4.0,21,1
15928045,60,11,4,1,20,7,4.0,1,2
15928300,60,12,1,1,20,2,4.0,20,1
15928372,45,11,1,1,20,2,4.0,22,1
15928373,45,11,1,1,20,2,4.0,14,1
15928385,45,12,1,1,20,2,4.0,20,1
15928391,60,11,1,1,20,2,4.0,21,1
15928406,40,11,1,1,20,2,3.0,22,1
15929314,45,11,1,1,20,2,4.0,21,1
15929316,45,11,1,1,20,2,4.0,20,1
15929661,60,11,1,1,20,2,4.0,20,1
15929829,60,11,1,1,20,2,4.0,21,1
15930803,60,11,2,1,1,2,4.0,21,1
15930810,60,11,1,1,20,2,4.0,22,1
15930811,60,11,1,1,20,2,4.0,20,1
15930839,60,11,4,1,20,2,4.0,20,1
15933844,35,2,1,2,5,2,1.0,10,1
15933947,60,11,1,1,20,2,4.0,20,1
15933959,65,11,4,1,20,2,4.0,21,1
15934533,40,2,1,2,5,2,4.0,20,1
15936325,60,8,4,2,20,7,4.0,1,4
15936575,60,11,1,1,20,2,4.0,20,1
15936578,45,11,1,1,5,2,1.0,10,1
15939354,60,11,1,1,11,2,4.0,20,1
15940789,60,11,1,1,20,2,4.0,20,1
15941548,45,11,1,1,20,2,3.0,20,1
15941635,60,11,1,1,20,7,4.0,1,4
15941636,60,11,1,1,20,2,4.0,20,1
15942792,35,11,1,1,1,2,4.0,21,1
15944687,35,11,1,1,20,2,4.0,20,1
15944698,60,2,1,2,20,2,4.0,21,1
15944702,60,11,1,1,20,2,4.0,20,1
15945263,45,11,1,1,11,2,4.0,20,1
15945266,45,11,1,1,11,2,4.0,20,1
15945304,60,11,1,1,11,2,4.0,20,1
15945427,45,11,4,1,20,2,4.0,21,1
15945436,60,11,3,1,20,2,4.0,20,1
15946275,60,11,1,1,20,2,4.0,21,1
15946286,60,11,1,1,20,2,4.0,21,1
15946359,60,11,4,1,20,2,4.0,22,1
15946477,60,11,2,1,11,2,4.0,21,1
15946500,60,11,1,1,20,2,4.0,20,1
15946791,60,11,4,1,20,7,4.0,1,4
15947017,60,11,1,1,20,2,4.0,22,1
15947817,60,11,1,1,20,2,4.0,21,1
15948015,60,11,4,1,20,2,4.0,20,1
15948639,45,11,1,1,17,2,1.0,10,1
15948902,60,11,1,1,20,2,4.0,20,1
15948916,60,11,1,1,20,2,4.0,21,1
15949403,45,11,4,1,20,2,1.0,24,1
15949515,60,11,1,1,3,2,4.0,22,1
15949661,60,11,1,1,20,7,4.0,1,4
15949857,60,11,4,1,20,2,4.0,22,1
15951834,60,11,1,1,20,2,4.0,20,1
15951977,60,11,4,1,20,2,4.0,20,1
15951979,60,11,1,1,20,2,4.0,20,1
15951989,35,11,1,1,5,2,1.0,10,1
15952699,40,11,1,1,5,2,1.0,10,1
15952886,45,11,4,1,20,7,4.0,1,2
15952958,45,11,4,1,1,2,4.0,20,1
15953239,60,11,1,1,20,2,4.0,20,1
15953618,60,11,1,1,20,2,4.0,21,1
15954173,60,11,1,1,20,2,4.0,20,1
15954544,60,11,4,1,20,2,4.0,21,1
15954545,45,2,4,2,20,7,4.0,1,2
15954552,60,11,4,1,20,2,4.0,20,1
15954579,60,11,4,1,20,7,4.0,1,2
15956185,65,11,1,1,11,2,4.0,22,1
15956294,45,11,1,1,20,2,4.0,21,1
15956649,65,11,1,1,20,2,4.0,22,1
15956749,65,11,3,1,20,2,2.0,13,1
15956764,65,11,1,1,11,2,4.0,20,1
15956839,60,11,1,1,20,2,4.0,21,1
15956841,60,11,4,1,20,2,4.0,20,1
15958401,60,11,4,1,20,2,4.0,20,1
15958409,65,11,1,1,20,2,4.0,20,1
15958418,40,11,1,1,20,2,4.0,21,1
15958444,60,11,1,1,20,2,4.0,20,1
15958462,35,11,1,1,5,2,1.0,10,1
15958479,60,11,1,1,20,2,4.0,20,1
15958497,40,11,4,1,20,2,4.0,20,1
15958756,60,11,1,1,20,2,4.0,20,1
15958884,60,12,1,2,20,2,4.0,20,1
15959396,65,11,1,1,20,2,4.0,22,1
15959417,50,11,1,1,8,2,1.0,13,1
15960318,45,11,1,1,20,7,4.0,1,2
15961501,60,11,1,1,20,2,4.0,20,1
15961542,60,11,1,1,20,2,4.0,21,1
15961814,60,12,1,1,20,2,4.0,20,1
15961856,60,11,1,1,20,2,4.0,22,1
15961949,60,12,1,1,20,2,4.0,20,1
15962020,45,11,4,1,20,2,4.0,21,1
15962027,45,11,4,1,20,2,4.0,20,1
15963547,60,11,1,1,1,2,4.0,20,1
15963603,60,0,0,0,1,2,4.0,21,1
15963871,65,11,1,1,20,2,4.0,20,1
15963880,45,11,1,1,20,2,1.0,10,1
15963911,60,11,4,1,20,7,4.0,1,2
15963917,60,11,4,1,20,8,4.0,1,1
15965416,60,11,1,1,20,2,4.0,20,1
15966126,60,11,1,1,20,2,4.0,22,1
15966388,45,11,1,1,20,2,2.0,20,1
15966759,60,11,1,1,20,7,4.0,1,2
15966933,55,11,1,1,20,2,4.0,20,1
15966935,60,11,1,1,20,2,4.0,20,1
15966938,60,11,5,1,20,2,4.0,20,1
15966941,60,11,1,1,20,2,4.0,20,1
15966949,60,12,1,1,20,2,4.0,20,1
15966971,65,11,1,1,20,2,4.0,21,1
15966974,40,11,1,1,20,2,4.0,20,1
15967530,60,11,4,1,20,2,4.0,22,1
15967831,60,11,1,1,20,2,4.0,20,1
15968403,40,11,4,1,5,2,1.0,10,1
15968729,60,11,4,1,20,2,4.0,21,1
15970648,60,11,1,1,20,2,4.0,20,1
15971391,60,12,1,1,20,2,4.0,22,1
15972718,60,11,1,1,20,2,4.0,20,1
15972738,60,11,1,1,20,2,4.0,20,1
15972745,60,11,1,1,20,2,4.0,20,1
15972749,50,11,1,1,5,2,1.0,10,1
15973248,60,11,1,1,20,2,4.0,20,1
15973363,60,11,1,1,20,2,4.0,20,1
15973471,60,12,1,1,20,2,4.0,20,1
15973492,60,11,1,1,1,2,4.0,20,1
15973652,60,11,4,1,20,7,4.0,1,2
15973719,45,11,1,1,8,2,4.0,22,1
15973922,60,11,1,1,20,2,4.0,22,1
15974583,60,11,1,1,20,2,4.0,21,1
15974598,60,11,4,1,20,2,4.0,20,1
15974599,60,11,1,1,20,2,4.0,20,1
15975183,60,11,1,1,20,2,4.0,20,1
15975615,60,12,4,1,1,2,4.0,20,1
15975624,65,11,4,1,20,2,4.0,21,1
15975625,60,12,4,1,20,2,4.0,20,1
15975649,60,11,4,1,20,2,4.0,22,1
15975727,65,11,4,1,20,2,4.0,20,1
15976910,60,11,4,1,20,2,4.0,20,1
15976911,45,11,1,1,5,2,2.0,22,1
15977634,60,11,4,1,3,2,4.0,21,1
15978580,45,11,3,1,5,2,1.0,10,1
15979213,45,11,4,1,5,2,1.0,10,1
15979479,60,11,4,1,20,2,4.0,20,1
15979482,60,11,4,1,20,2,4.0,20,1
15979632,45,11,4,1,5,2,1.0,10,1
15979708,40,11,4,1,20,2,3.0,11,1
15979713,65,11,4,1,20,7,4.0,1,4
15979888,45,11,1,1,20,2,4.0,21,1
15980086,60,2,1,2,20,2,4.0,21,1
15980107,60,12,1,1,20,2,4.0,21,1
15980108,45,11,1,1,8,2,1.0,13,1
15980111,45,12,1,1,5,2,1.0,13,1
15980114,60,12,1,2,20,2,4.0,20,1
15980118,60,11,1,1,20,2,4.0,21,1
15980218,60,11,1,1,20,2,4.0,20,1
15980740,60,11,1,1,1,2,4.0,22,1
15981066,60,11,1,1,20,2,4.0,20,1
15981138,45,11,1,1,11,2,4.0,21,1
15981409,45,11,4,1,20,9,4.0,1,1
15981441,60,11,4,1,20,2,4.0,22,1
15981678,60,11,1,1,20,2,4.0,20,1
15981680,60,11,4,1,20,2,4.0,20,1
15981681,60,11,1,1,20,2,4.0,20,1
15981687,60,11,1,1,20,2,4.0,21,1
15981689,60,11,1,1,20,2,4.0,21,1
15981691,60,11,1,1,20,2,4.0,20,1
15981707,60,11,1,2,20,2,4.0,20,1
15981708,60,12,4,1,20,2,4.0,20,1
15981718,45,12,1,2,20,2,4.0,21,1
15982107,40,11,1,1,20,2,4.0,20,1