Crash_ID,Crash_Speed_Limit,Wthr_Cond_ID,Light_Cond_ID,Surf_Cond_ID,Traffic_Cntl_ID,Harm_Evnt_ID,Intrsct_Relat_ID,FHE_Collsn_ID,Road_Relat_ID
16531755,60,11,1,1,20,2,4.0,20,1
16532634,60,11,1,1,20,2,4.0,20,1
16532758,65,11,1,1,20,7,4.0,1,4
16532759,45,11,1,1,20,2,4.0,20,1
16532846,60,11,1,1,20,2,4.0,22,1
16533121,65,11,1,1,20,2,4.0,20,1
16533123,65,11,1,1,20,2,4.0,20,1
16533260,60,12,4,1,20,2,4.0,20,1
16533414,35,11,1,1,20,2,4.0,21,1
16533415,45,11,1,1,20,2,4.0,20,1
16534299,35,11,1,1,20,2,2.0,22,1
16534961,45,11,1,1,5,2,1.0,10,1
16535094,60,11,1,1,20,2,4.0,21,1
16535156,60,11,1,1,20,2,4.0,20,1
16535232,60,11,4,1,20,2,4.0,21,1
16535306,45,11,4,1,20,7,4.0,1,2
16535347,65,11,4,1,1,2,4.0,21,1
16535360,45,11,4,1,1,2,3.0,10,1
16535388,40,11,4,1,5,2,4.0,20,1
16535430,60,11,1,1,20,2,4.0,22,1
16535906,60,11,1,1,20,8,4.0,1,1
16535917,65,11,1,1,1,2,4.0,21,1
16535921,65,11,1,1,11,2,4.0,20,1
16535948,60,11,1,1,20,2,4.0,20,1
16536424,60,12,1,1,20,2,4.0,20,1
16536432,65,2,1,2,1,2,4.0,21,1
16536435,65,11,1,1,1,2,4.0,20,1
16536554,65,11,1,1,20,2,4.0,20,1
16537878,60,11,2,1,20,2,4.0,20,1
16537879,60,11,1,1,20,2,4.0,20,1
16538655,60,11,3,1,20,7,4.0,1,2
16538781,35,11,1,1,11,2,4.0,20,1
16539370,45,11,4,1,5,2,1.0,10,1
16539475,60,11,1,1,20,2,4.0,20,1
16539481,60,11,1,1,20,7,4.0,1,2
16539482,60,11,1,1,20,2,4.0,20,1
16539484,60,11,1,1,20,2,4.0,20,1
16539492,60,11,1,1,20,2,4.0,20,1
16539494,60,11,1,1,20,2,4.0,20,1
16539502,65,11,1,1,20,7,4.0,1,4
16539511,45,11,1,1,20,2,4.0,20,1
16539526,60,11,4,1,20,2,4.0,20,1
16539535,65,11,1,1,20,2,4.0,22,1
16540063,45,11,6,1,20,2,3.0,13,1
16540092,60,11,1,1,20,2,4.0,20,1
16540106,65,11,1,1,11,2,4.0,22,1
16540108,55,11,1,1,1,2,4.0,20,1
16540329,40,11,1,1,1,1,4.0,1,2
16540887,60,11,1,1,20,2,4.0,20,1
16541011,65,11,1,1,20,2,4.0,21,1
16541686,60,11,1,1,20,2,4.0,20,1
16541927,45,11,4,1,20,7,4.0,1,2
16542675,60,11,1,1,20,2,4.0,20,1
16543489,45,11,1,1,5,2,2.0,22,1
16543570,60,11,1,1,20,2,4.0,21,1
16543958,60,12,4,1,20,4,4.0,1,3
16544018,60,11,4,1,20,7,4.0,1,4
16544450,45,11,4,1,20,2,4.0,20,1
16545190,60,11,1,1,20,2,4.0,20,1
16545191,60,11,1,1,20,2,4.0,20,1
16545193,60,11,1,1,20,2,4.0,20,1
16545208,60,11,1,1,20,2,4.0,20,1
16545335,60,11,1,1,20,2,4.0,20,1
16545614,45,11,1,1,5,2,1.0,10,1
16545743,40,12,1,1,5,2,1.0,10,1
16546493,60,11,4,1,20,2,4.0,20,1
16546495,55,2,1,2,20,7,4.0,1,2
16546577,60,11,4,1,1,2,4.0,21,1
16546600,60,11,1,1,20,2,4.0,21,1
16546678,60,11,1,1,20,2,4.0,20,1
16546689,60,11,1,1,20,2,4.0,21,1
16546728,65,11,1,1,20,2,4.0,20,1
16546956,60,2,1,2,20,2,4.0,20,1
16547011,40,11,1,1,20,2,4.0,20,1
16547099,60,11,1,1,20,2,4.0,21,1
16547477,60,11,1,1,20,2,4.0,20,1
16547696,60,11,1,1,20,2,4.0,20,1
16547754,45,11,1,1,5,2,4.0,21,1
16547759,60,11,1,1,20,2,4.0,20,1
16548806,-1,11,4,1,5,2,1.0,10,1
16549104,65,11,1,1,20,2,4.0,22,1
16549961,60,11,1,1,20,7,4.0,1,2
16550715,55,11,1,1,8,2,3.0,10,1
16551160,60,11,4,1,20,2,4.0,20,1
16551252,55,11,1,1,1,2,4.0,20,1
16551256,45,11,1,1,8,2,1.0,10,1
16551445,60,11,1,1,20,2,4.0,20,1
16551489,60,11,1,1,20,2,4.0,20,1
16552159,65,11,1,1,20,2,4.0,20,1
16552160,45,11,1,1,20,2,4.0,20,1
16552351,60,2,1,2,20,2,4.0,21,1
16552353,45,11,1,1,20,2,4.0,20,1
16552585,60,11,1,1,20,2,4.0,20,1
16552614,60,11,1,1,20,2,4.0,20,1
16552770,60,11,3,1,20,2,4.0,20,1
16552936,40,11,1,1,20,2,4.0,21,1
16552973,60,11,1,1,1,2,4.0,21,1
16554805,65,11,1,1,20,2,4.0,21,1
16554850,60,11,3,1,20,2,4.0,21,1
16556700,60,11,1,1,20,2,4.0,20,1
16557494,35,2,1,1,20,7,2.0,1,2
16558190,65,11,1,1,1,2,4.0,20,1
16558449,60,11,1,1,20,2,4.0,20,1
16558450,40,11,1,1,5,2,1.0,10,1
16558482,60,0,4,0,20,2,4.0,21,1
16559947,45,11,1,1,5,2,2.0,22,1
16560444,65,11,4,1,20,2,4.0,21,1
16560451,45,11,4,1,20,7,4.0,1,2
16562144,45,11,1,1,5,2,2.0,21,1
16562154,-1,11,1,1,17,2,3.0,17,2
16563547,40,11,4,1,20,7,4.0,1,4
16563684,45,11,1,1,1,2,1.0,10,1
16571066,60,11,4,1,20,2,4.0,21,1
16571980,60,11,4,1,20,2,4.0,20,1
16571984,65,11,4,1,20,2,4.0,21,1
16571987,60,11,3,1,20,2,4.0,21,1
16572701,35,11,1,1,5,2,1.0,24,1
16574050,45,11,1,1,21,2,1.0,10,1
16577638,35,11,1,1,20,2,1.0,28,1
16581528,40,11,4,1,20,7,4.0,1,2
16581933,60,11,1,1,20,2,4.0,20,1
16584164,60,11,1,1,20,2,4.0,20,1
16621968,60,11,4,1,20,7,4.0,1,4
16632577,50,11,4,1,20,2,3.0,10,1
16659741,60,11,1,1,20,2,4.0,22,1
16732270,60,11,3,1,20,2,4.0,20,1
16959418,60,11,4,1,20,7,4.0,1,2
17022999,60,11,1,1,20,2,4.0,20,1
17080688,60,11,1,1,20,2,4.0,21,1
16558478,60,11,1,1,20,2,4.0,20,1
16558905,60,11,1,1,17,7,4.0,1,4
16560590,65,11,1,1,20,2,4.0,21,1
16560632,60,11,1,1,20,2,4.0,22,1
16562152,60,2,1,2,20,2,4.0,21,1
16562388,60,11,1,1,1,2,4.0,20,1
16563377,45,11,1,1,11,2,4.0,20,1
16563518,45,11,1,1,20,2,1.0,20,1
16563948,60,11,1,2,20,7,4.0,1,4
16564024,60,12,1,1,20,2,4.0,22,1
16564329,60,11,4,1,20,2,4.0,21,1
16564879,35,11,1,1,1,2,2.0,21,1
16565096,65,2,1,2,20,2,4.0,20,1
16565542,65,11,1,1,11,2,4.0,21,1
16566321,40,2,1,3,20,2,4.0,20,1
16569739,60,11,1,1,20,2,4.0,21,1
16569741,35,11,1,1,5,1,1.0,1,1
16570371,45,12,1,1,20,2,4.0,21,1
16570623,45,11,1,1,20,2,4.0,21,1
16571067,60,11,4,1,20,2,4.0,21,1
16571134,55,11,4,2,20,2,4.0,22,1
16572134,45,12,1,1,20,2,4.0,30,1
16572608,60,11,1,1,20,2,4.0,22,1
16572610,60,12,1,2,20,2,4.0,21,1
16572894,35,12,1,1,5,2,1.0,28,1
16574047,60,11,1,1,20,2,4.0,20,1
16574807,65,12,1,1,20,2,4.0,20,1
16575092,60,11,1,1,20,7,4.0,1,2
16575245,60,11,4,1,20,2,4.0,20,1
16575312,60,11,1,1,20,2,4.0,21,1
16575314,60,11,1,1,20,2,4.0,21,1
16575315,60,11,1,1,20,2,4.0,20,1
16576611,45,2,1,2,20,2,4.0,21,1
16576619,45,12,1,1,20,2,3.0,21,1
16576621,60,11,1,1,20,2,4.0,20,1
16576643,60,11,1,1,1,2,4.0,21,1
16577567,50,11,1,1,20,2,4.0,20,1
16577703,60,11,6,1,20,2,4.0,20,1
16577942,60,11,1,1,20,2,4.0,21,1
16578378,60,11,1,1,20,2,4.0,22,1
16578467,45,11,1,1,20,2,4.0,21,1
16579006,65,11,1,1,20,2,4.0,20,1
16581136,35,11,1,1,5,2,1.0,13,1
16581617,60,12,4,8,20,2,4.0,20,1
16581733,45,11,4,1,5,2,2.0,22,1
16582068,60,11,1,2,11,2,4.0,20,1
16582484,65,11,1,1,20,2,4.0,22,1
16582522,55,11,1,1,20,2,4.0,21,1
16582573,60,11,1,1,20,2,4.0,21,1
16582578,60,11,1,1,20,2,4.0,21,1
16583634,65,2,1,2,20,2,4.0,21,1
16583654,60,11,1,1,20,2,4.0,21,1
16584165,60,11,1,1,20,2,4.0,21,1
16587208,45,2,6,2,20,2,3.0,20,1
16587210,45,12,1,1,1,2,3.0,20,1
16588673,60,11,1,1,20,2,4.0,21,1
16588687,60,11,1,1,20,2,4.0,20,1
16589212,45,11,1,1,20,2,4.0,20,1
16589214,60,11,4,1,20,2,4.0,20,1
16589215,40,11,1,1,20,2,4.0,23,1
16589220,60,11,1,1,20,2,4.0,20,1
16589299,60,11,1,1,20,8,4.0,1,1
16589315,60,11,4,1,20,2,4.0,20,3
16589320,60,11,1,1,20,2,4.0,21,1
16589328,60,11,1,1,20,2,4.0,20,1
16589333,40,11,1,1,20,2,1.0,13,1
16589338,60,11,2,1,20,2,4.0,20,1
16589339,40,11,1,1,20,2,4.0,20,1
16589593,45,11,1,1,20,2,2.0,25,1
16589636,65,11,1,1,20,2,4.0,21,1
16589692,65,11,1,1,20,2,4.0,20,1
16589694,40,11,1,1,20,2,1.0,34,1
16589698,65,11,4,1,20,2,4.0,21,1
16590450,60,11,1,1,20,2,4.0,20,1
16590487,60,11,4,1,20,7,4.0,1,2
16590789,60,11,1,1,1,2,4.0,22,1
16592513,60,11,1,1,20,2,4.0,20,1
16592514,35,11,1,1,5,2,1.0,10,1
16592847,60,11,4,1,20,2,4.0,20,1
16593059,60,11,1,1,20,2,4.0,21,1
16593954,55,12,1,1,1,2,4.0,20,1
16594304,65,11,1,1,20,2,4.0,20,1
16594509,60,11,1,1,20,2,4.0,20,1
16594740,60,11,1,1,20,2,4.0,20,1
16595181,60,11,4,1,20,1,4.0,1,1
16595186,60,11,4,1,20,4,4.0,1,1
16595300,65,11,1,1,11,2,4.0,20,1
16595303,40,11,1,1,20,2,4.0,20,1
16597053,55,11,4,1,20,7,4.0,1,2
16598092,45,11,1,1,20,2,4.0,21,1
16598094,65,11,1,1,20,2,4.0,20,1
16598266,60,12,1,1,20,2,4.0,20,1
16599545,40,12,1,1,20,2,3.0,10,1
16600219,45,11,4,1,5,2,1.0,10,1
16600261,45,11,1,1,20,2,4.0,21,1
16600264,65,11,1,1,20,2,4.0,20,1
16600475,60,11,4,1,20,2,4.0,22,1
16600476,50,11,1,1,20,2,4.0,22,1
16600522,60,11,1,1,1,2,1.0,13,1
16600750,30,2,1,2,5,2,1.0,10,1
16601055,60,11,4,1,20,2,4.0,20,1
16601062,65,11,4,1,20,2,4.0,21,1
16601068,60,11,1,1,20,2,4.0,20,1
16601165,45,11,4,1,20,7,4.0,1,2
16602567,60,11,4,1,20,2,4.0,21,1
16602605,60,11,4,1,20,7,4.0,1,4
16602630,60,11,4,1,1,2,4.0,20,1
16602643,45,11,1,1,1,2,4.0,20,1
16602645,60,11,1,1,1,7,4.0,1,4
16602859,60,11,1,1,20,2,4.0,20,1
16604002,45,11,4,1,5,7,4.0,1,2
16604869,60,2,4,2,20,2,4.0,20,1
16604923,60,12,4,2,20,2,4.0,22,1
16605095,45,11,1,1,20,2,1.0,10,1
16605134,60,11,4,1,20,2,4.0,21,1
16605363,60,2,4,2,20,2,4.0,21,1
16605374,60,11,3,2,20,7,4.0,1,2
16605641,45,12,1,1,20,2,4.0,21,1
16605649,40,11,1,1,5,2,2.0,22,1
16605678,60,11,1,1,20,2,4.0,20,1
16606455,65,11,1,1,20,2,4.0,20,1
16607625,65,11,4,1,20,2,4.0,20,1
16607709,60,12,4,1,20,8,4.0,1,1
16607714,60,12,4,1,20,2,4.0,21,1
16608987,60,2,1,2,20,2,4.0,20,1
16608998,45,0,1,0,20,2,4.0,21,1
16609015,60,11,1,1,20,2,4.0,20,1
16609161,60,11,1,1,20,2,4.0,21,1
16610844,65,11,1,1,20,2,4.0,20,1
16611102,60,2,1,2,20,2,4.0,21,1
16611981,60,11,1,1,20,2,4.0,21,1
16612353,65,11,1,1,20,2,4.0,20,1
16612407,65,2,1,2,1,2,4.0,20,1
16612610,40,12,1,1,20,2,2.0,22,1
16612950,45,12,4,2,20,7,1.0,3,2
16612964,35,11,1,1,20,2,3.0,13,1
16613294,65,11,1,1,1,2,4.0,21,1
16613297,65,11,1,1,11,2,4.0,20,1
16613497,45,11,1,1,1,2,4.0,21,1
16615121,60,12,1,1,20,2,4.0,20,1
16615771,35,11,1,1,20,2,4.0,20,1
16615774,60,12,4,1,20,2,4.0,20,1
16615775,60,11,4,1,20,2,4.0,21,1
16615787,40,11,1,1,20,2,3.0,13,1
16615841,60,11,4,1,20,2,4.0,20,1
16616009,65,2,1,2,1,2,4.0,20,1
16618232,65,2,1,2,11,2,4.0,20,1
16618525,60,11,2,1,20,2,4.0,22,1
16618831,45,12,1,1,20,2,4.0,20,1
16619138,65,2,1,2,20,2,4.0,20,1
16619219,45,2,1,2,20,2,1.0,34,1
16619328,60,11,4,1,20,2,4.0,20,1
16619630,35,2,1,2,20,2,4.0,20,1
16619965,60,2,1,2,20,2,4.0,20,1
16619970,40,2,1,2,20,2,4.0,20,1
16619972,60,12,1,2,20,2,4.0,20,1
16619990,60,12,1,1,20,2,4.0,20,1
16621748,60,11,4,1,20,2,4.0,20,1
16621822,60,2,1,2,20,2,4.0,20,1
16621825,60,11,1,1,20,2,4.0,21,1
16621926,45,11,1,1,20,7,4.0,1,2
16621974,45,11,4,1,5,2,1.0,10,1
16623371,35,2,1,2,20,7,2.0,3,2
16623419,60,11,1,1,1,2,4.0,21,1
16623733,65,2,1,2,20,2,4.0,21,1
16624197,60,2,1,2,20,2,4.0,20,1
16624567,45,11,1,1,5,2,1.0,20,1
16624681,60,11,1,1,20,2,4.0,24,1
16624839,60,11,1,1,20,2,4.0,20,1
16625194,60,12,1,1,20,2,4.0,20,1
16625195,35,2,1,2,5,2,4.0,20,1
16625571,40,12,4,2,20,2,4.0,20,1
16625772,60,2,1,2,20,2,4.0,20,1
16625773,65,12,4,1,20,2,4.0,20,1
16625781,65,12,4,1,20,2,4.0,21,1
16625993,60,12,4,2,3,2,4.0,21,1
16626028,60,2,4,2,20,2,4.0,21,1
16627080,35,11,1,1,5,2,1.0,23,1
16627936,60,11,1,1,20,2,4.0,21,1
16629928,45,11,1,1,20,2,4.0,20,1
16630186,60,11,1,1,20,2,4.0,20,1
16630751,45,11,1,1,20,2,4.0,21,1
16630765,60,11,4,1,20,2,4.0,20,1
16630781,45,12,1,2,11,2,2.0,22,1
16631187,60,12,1,1,20,2,4.0,21,1
16632489,50,11,1,1,20,2,4.0,20,1
16632732,60,11,1,1,1,2,4.0,21,1
16633313,60,11,1,1,11,2,4.0,20,1
16633357,60,11,4,1,20,2,4.0,21,1
16634283,60,12,4,1,20,2,4.0,20,1
16634286,45,12,4,1,20,1,4.0,1,1
16634288,45,12,4,1,20,2,2.0,13,1
16634293,60,11,4,1,20,2,4.0,22,1
16634303,60,2,4,2,20,7,4.0,1,2
16634305,60,11,4,1,20,2,4.0,20,1
16634515,60,11,4,1,20,2,4.0,20,1
16634528,60,11,1,1,20,2,4.0,21,1
16635423,60,11,4,1,20,2,4.0,20,1
16635425,60,11,2,1,20,2,4.0,20,1
16635432,60,11,2,1,20,2,4.0,20,1
16635742,65,11,1,1,20,2,4.0,21,1
16636153,60,11,1,1,20,2,4.0,21,1
16636358,65,2,1,2,20,2,4.0,21,1
16636525,40,11,4,1,11,2,4.0,21,1
16636598,60,2,1,2,20,2,4.0,20,1
16636607,65,11,1,1,20,2,4.0,21,1
16636914,60,11,1,1,20,2,4.0,21,1
16637934,45,11,1,2,5,2,1.0,34,1
16638220,60,11,1,1,20,7,4.0,1,4
16638234,60,2,4,2,1,7,4.0,1,2
16641041,60,11,1,1,20,2,4.0,21,1
16641042,60,11,1,1,20,2,4.0,20,1
16641043,60,2,2,2,20,2,4.0,20,1
16641045,60,11,1,1,20,2,4.0,21,1
16642427,65,2,1,2,1,2,4.0,22,1
16643028,45,2,5,2,20,2,3.0,20,1
16643031,65,11,4,1,20,2,4.0,21,1
16643259,45,2,3,2,20,2,3.0,13,1
16643260,45,12,6,2,20,2,1.0,10,1
16643262,60,12,1,1,1,2,4.0,20,1
16643291,60,12,4,1,20,7,4.0,1,2
16643393,65,11,4,1,20,2,4.0,20,1
16643586,65,11,1,1,1,2,4.0,22,1
16643900,60,11,1,1,1,2,4.0,21,1
16644497,55,11,5,1,1,2,3.0,10,1
16644674,60,11,1,1,20,2,4.0,21,1
16644688,60,12,1,2,20,2,4.0,20,1
16644829,45,11,3,1,17,7,4.0,1,1
16645190,45,11,1,1,20,2,2.0,20,1
16645290,45,11,1,1,20,2,3.0,20,1
16645632,45,11,1,1,11,2,1.0,20,1
16645641,60,11,1,1,11,2,4.0,20,1
16645686,60,2,1,2,20,2,4.0,22,1
16645699,60,11,2,1,20,2,4.0,20,1
16645931,60,11,4,1,20,2,4.0,21,1
16646442,60,2,4,2,1,2,4.0,20,1
16646457,60,11,1,1,20,7,4.0,1,2
16647552,50,11,4,1,20,7,4.0,3,2
16647858,60,2,1,2,20,2,2.0,22,1
16649895,45,11,1,1,20,2,4.0,21,1
16649899,60,11,1,1,11,2,4.0,20,1
16650223,60,11,1,1,1,2,4.0,21,1
16650225,55,11,1,1,1,2,4.0,20,1
16650966,45,11,1,1,20,2,4.0,14,1
16650967,30,2,1,2,20,2,4.0,21,1
16650974,45,11,1,1,20,2,4.0,20,1
16651012,45,2,1,2,20,2,2.0,13,1
16651069,45,11,1,1,5,1,2.0,1,1
16651219,45,11,1,1,1,2,4.0,20,1
16651400,65,12,4,2,20,2,4.0,20,1
16651401,60,11,4,1,20,2,4.0,21,1
16651631,35,11,1,2,20,2,2.0,22,1
16651811,60,12,1,1,20,2,4.0,20,1
16653837,45,12,1,1,20,2,4.0,20,1
16654099,60,11,4,1,20,8,4.0,1,4
16654100,65,11,4,1,20,2,4.0,20,1
16655124,45,11,1,1,20,2,3.0,23,1
16655163,60,11,1,1,1,2,4.0,20,1
16656031,45,12,1,1,20,2,3.0,23,1
16656523,65,11,1,1,20,2,4.0,20,1
16656644,60,11,1,1,20,2,4.0,20,1
16656713,60,11,1,1,20,2,4.0,21,1
16658080,35,12,4,1,20,2,4.0,21,1
16658844,45,12,1,1,5,7,2.0,1,4
16658858,60,11,4,1,20,7,4.0,1,4
16658863,40,12,4,2,20,2,1.0,10,1
16659190,65,11,1,1,20,2,4.0,21,1
16659433,45,12,4,1,20,7,4.0,1,4
16659434,60,11,4,1,20,2,4.0,22,1
16659435,40,11,4,1,5,2,1.0,10,1
16659436,60,11,4,1,20,2,4.0,21,1
16659437,60,11,1,1,20,2,4.0,22,1
16659628,60,11,1,1,20,2,4.0,20,1
16659742,60,12,1,1,20,2,4.0,21,1
16659792,60,12,1,1,20,2,4.0,21,1
16660571,60,11,6,1,20,2,4.0,21,1
16660601,45,2,1,2,20,7,2.0,2,2
16661222,65,11,1,1,20,2,4.0,20,1
16662948,60,11,1,1,20,2,4.0,20,1
16663146,60,12,1,2,20,2,4.0,20,1
16663247,60,11,1,1,20,2,4.0,20,1
16663265,45,11,3,1,20,2,2.0,22,1
16663267,60,11,4,1,3,2,4.0,21,1
16664140,40,11,4,1,20,1,4.0,1,2
16664407,35,11,1,1,20,2,2.0,22,1
16664682,60,11,4,1,20,2,4.0,21,1
16665074,65,11,5,1,20,2,4.0,22,1
16668408,30,11,1,1,20,2,1.0,21,1
16668487,65,2,1,2,20,2,2.0,13,1
16668851,60,12,5,1,20,2,4.0,20,1
16668917,60,11,1,1,20,2,4.0,20,1
16668926,65,11,1,1,11,2,4.0,22,1
16668933,60,11,1,1,20,2,4.0,21,1
16669152,60,11,4,1,20,7,4.0,1,2
16669282,35,11,1,2,8,2,1.0,10,1
16670338,35,11,1,1,1,2,4.0,21,1
16671025,60,12,1,1,20,2,4.0,20,1
16671028,60,11,4,1,20,2,4.0,22,1
16671164,35,11,1,1,5,2,1.0,21,1
16671286,60,11,4,1,20,2,4.0,22,1
16671287,60,11,4,1,20,2,4.0,20,1
16671380,50,11,4,1,20,2,4.0,20,1
16671532,60,11,1,1,20,2,4.0,20,1
16671533,60,11,1,1,1,2,4.0,20,1
16671548,60,12,1,1,20,2,4.0,21,1
16671716,60,12,1,1,20,2,4.0,20,1
16672519,60,11,4,1,20,2,4.0,20,1
16672520,60,11,1,1,20,10,4.0,1,1
16672760,60,11,1,1,20,2,4.0,20,1
16672848,60,11,1,1,20,2,4.0,20,1
16672924,60,12,1,1,20,2,4.0,20,1
16672992,50,11,1,1,5,2,4.0,21,1
16673139,60,11,1,2,20,2,4.0,22,1
16674736,40,11,4,1,20,2,4.0,21,1
16676150,35,11,1,1,20,2,2.0,28,1
16676579,60,11,4,1,20,2,4.0,20,1
16677318,45,12,1,2,5,2,2.0,22,1
16677321,60,11,1,1,20,2,4.0,20,1
16677323,60,11,1,1,20,2,4.0,20,1
16677355,60,11,4,1,20,2,4.0,20,1
16677361,60,11,1,1,20,2,4.0,20,1
16677531,60,11,3,1,20,2,4.0,21,1
16677778,60,2,3,2,20,2,4.0,22,1
16679803,40,11,1,1,5,2,1.0,10,1
16679870,65,11,1,1,20,2,4.0,20,1
16680485,40,11,1,1,8,2,1.0,13,1
16681377,60,11,1,1,1,2,4.0,20,1
16681546,45,11,1,1,13,7,4.0,1,1
16682932,-1,11,6,1,20,7,4.0,1,2
16682951,60,11,1,1,20,2,4.0,22,1
16683131,60,11,1,1,20,2,4.0,20,1
16683138,60,12,1,1,20,2,4.0,20,1
16683145,65,11,4,2,20,2,4.0,20,1
16683244,45,11,4,1,20,2,4.0,22,1
16683245,60,11,4,1,20,2,4.0,20,1
16683620,60,2,1,2,11,7,4.0,1,4
16683623,60,2,1,2,11,2,4.0,21,1
16683672,65,11,1,1,1,2,4.0,20,1
16687723,35,11,1,1,5,2,1.0,10,1
16688977,60,11,1,1,1,2,4.0,20,1
16689207,60,12,1,1,20,2,4.0,20,1
16689721,65,11,4,1,20,2,4.0,21,1
16690213,40,12,1,1,5,2,1.0,10,1
16690216,60,12,1,1,20,2,4.0,21,1
16690593,60,11,1,1,20,7,4.0,1,2
16690618,45,11,4,1,20,4,4.0,1,1
16691252,60,11,2,1,20,2,4.0,22,1
16691554,30,12,4,1,20,2,1.0,10,1
16691789,60,11,1,1,20,7,4.0,1,4
16691809,60,12,4,1,20,2,4.0,20,1
16691836,60,11,4,1,20,7,4.0,1,4
16691837,60,11,4,1,20,2,4.0,21,1
16692958,50,12,1,1,20,2,4.0,21,1
16693913,50,11,4,1,20,2,4.0,21,1
16693914,45,11,1,2,20,8,4.0,1,1
16693973,60,11,1,1,20,2,4.0,21,1
16694005,65,2,4,2,20,2,4.0,21,1
16694026,40,11,1,1,20,2,4.0,21,1
16694166,45,11,1,1,5,2,1.0,14,1
16694585,40,2,4,2,20,2,3.0,10,1
16695304,60,2,1,3,20,7,4.0,1,4
16695314,60,2,1,2,20,2,4.0,20,1
16695320,60,11,4,1,20,2,4.0,20,1
16695321,60,2,1,2,20,2,4.0,20,1
16695331,60,11,1,1,20,2,4.0,20,1
16695352,60,12,1,1,1,2,4.0,20,1
16695374,65,11,1,1,20,2,4.0,20,1
16695851,60,12,1,1,20,2,4.0,20,1
16696213,60,12,4,2,20,2,4.0,21,1
16696265,65,11,4,1,1,2,4.0,20,1
16696563,60,11,4,1,20,2,4.0,20,1
16697282,45,12,1,2,5,7,4.0,5,2
16697341,65,11,4,1,20,7,4.0,1,2
16697523,60,11,4,1,20,2,2.0,20,1
16697527,60,12,4,1,20,2,4.0,21,1
16697656,60,11,1,1,20,2,4.0,20,1
16697685,60,11,1,1,20,2,4.0,21,1
16697722,60,11,1,1,20,2,4.0,22,1
16697730,60,11,1,1,20,2,4.0,20,1
16697731,60,11,1,1,20,2,4.0,20,1
16698146,45,12,1,1,5,2,2.0,22,1
16698811,60,12,1,1,20,2,4.0,20,1
16699428,60,12,1,1,20,2,4.0,20,1
16699611,60,11,4,1,20,2,4.0,20,1
16700018,65,11,1,1,20,2,4.0,20,1
16700026,60,12,4,1,20,2,4.0,20,1
16700225,65,2,1,2,1,2,4.0,20,1
16701057,60,2,1,2,20,7,4.0,1,2
16701617,35,12,1,1,20,2,4.0,20,1
16701712,60,11,1,1,20,2,4.0,21,1
16701938,50,11,4,1,5,2,1.0,10,1
16702215,65,12,1,1,20,2,4.0,21,1
16703916,60,2,1,2,20,2,4.0,20,1
16704470,60,11,1,1,1,2,1.0,13,1
16704824,60,11,4,1,20,7,4.0,1,4
16704834,45,11,1,1,20,2,3.0,10,1
16705143,65,11,2,1,1,2,4.0,21,1
16705457,65,11,6,1,20,2,4.0,21,1
16705579,60,11,1,1,20,2,4.0,21,1
16705709,60,11,4,1,20,2,4.0,21,1
16705710,60,11,1,1,20,2,4.0,21,1
16705850,60,11,1,1,20,2,4.0,20,1
16709663,45,11,4,1,20,7,4.0,1,2
16709676,65,2,6,2,1,2,4.0,21,1
16709702,40,11,1,1,5,2,1.0,10,1
16709703,60,11,4,1,20,2,4.0,20,1
16709704,60,11,1,1,20,2,4.0,21,1
16710072,65,12,1,1,20,2,4.0,20,1
16710088,60,11,1,1,20,2,4.0,20,1
16710104,60,11,1,1,20,2,4.0,20,1
16710106,60,11,4,2,20,2,4.0,20,1
16710107,60,11,1,1,20,2,4.0,20,1
16710147,60,11,1,1,20,2,4.0,21,1
16710164,35,11,1,1,5,2,1.0,10,1
16712182,60,12,1,1,11,2,4.0,20,1
16712183,60,12,1,1,11,2,4.0,22,1
16712318,60,12,4,0,1,2,4.0,20,1
16713098,60,11,4,1,20,2,2.0,22,1
16713100,65,11,4,1,20,2,4.0,21,1
16713188,65,11,4,1,20,7,4.0,1,2
16713349,60,11,4,1,20,2,4.0,21,1
16713350,60,11,4,1,20,2,4.0,21,1
16713354,60,11,4,1,20,2,4.0,20,1
16713388,60,11,1,1,11,2,4.0,20,1
16713391,35,11,1,1,11,2,4.0,20,1
16713518,45,2,1,2,1,2,3.0,13,1
16713519,65,11,1,1,20,2,4.0,20,1
16713520,65,11,1,1,20,2,4.0,21,1
16713601,60,11,4,1,20,2,4.0,21,1
16714219,45,11,1,1,5,2,2.0,22,1
16714520,60,11,4,1,20,2,4.0,20,1
16714521,60,11,1,1,20,2,4.0,20,1
16714994,65,0,2,0,20,2,4.0,20,1
16715108,60,11,4,1,20,2,4.0,20,1
16715906,60,11,4,1,20,2,4.0,21,1
16715972,40,12,1,1,5,2,1.0,10,1
16717944,50,11,4,1,20,2,4.0,21,1
16717986,60,11,3,1,11,2,4.0,20,1
16717987,60,11,2,1,20,2,4.0,22,1
16718066,35,11,1,1,1,2,4.0,21,1
16718661,45,2,4,2,20,7,4.0,1,2
16718668,60,11,4,1,20,2,4.0,22,3
16719141,65,11,1,1,1,2,4.0,21,1
16721031,65,11,4,1,20,2,4.0,21,1
16721044,65,11,4,1,20,2,4.0,20,1
16721130,60,11,1,1,20,2,4.0,21,1