Crash_ID,Crash_Speed_Limit,Wthr_Cond_ID,Light_Cond_ID,Surf_Cond_ID,Traffic_Cntl_ID,Harm_Evnt_ID,Intrsct_Relat_ID,FHE_Collsn_ID,Road_Relat_ID
17232161,45,11,4,1,20,2,4.0,21,1
17232369,60,11,1,1,20,2,4.0,20,1
17232372,60,12,1,1,20,2,4.0,20,1
17232410,60,11,4,1,20,2,4.0,20,1
17232706,60,11,1,1,20,2,4.0,20,1
17232885,60,11,1,1,20,2,4.0,21,1
17232891,60,11,1,1,20,2,4.0,20,1
17233694,60,2,1,2,5,2,2.0,22,1
17234218,50,11,4,1,5,2,4.0,20,1
17234564,35,11,1,1,5,2,1.0,34,1
17234574,60,11,1,1,20,2,4.0,20,1
17235306,60,11,1,1,20,2,4.0,20,1
17235309,45,11,1,1,5,2,2.0,22,1
17235315,60,11,1,1,20,2,4.0,20,1
17236570,60,11,1,1,20,2,4.0,20,1
17237188,60,12,1,1,20,2,4.0,46,1
17237189,60,11,1,1,20,2,4.0,20,1
17238284,45,11,6,1,20,2,1.0,24,1
17238327,60,11,4,1,20,2,4.0,20,1
17239804,45,2,1,2,5,2,2.0,22,1
17241135,65,11,1,1,20,2,4.0,20,1
17241924,60,11,1,1,20,2,4.0,20,1
17242798,40,11,2,1,20,2,4.0,20,1
17242826,60,11,1,1,11,2,4.0,20,1
17244140,35,11,1,1,1,2,3.0,20,1
17244142,65,11,1,1,20,2,4.0,22,1
17244152,65,12,4,2,20,2,4.0,21,1
17244764,60,11,4,1,20,2,4.0,21,1
17245615,45,11,1,1,1,2,4.0,22,1
17246014,60,2,1,2,20,2,4.0,20,1
17246025,60,11,1,1,20,2,4.0,20,1
17246026,60,12,1,1,20,2,4.0,20,1
17246587,60,11,1,2,20,2,4.0,20,1
17247867,45,2,1,2,20,2,4.0,20,1
17248355,60,11,1,1,20,2,4.0,21,1
17248453,45,11,1,1,20,2,4.0,21,1
17249312,60,11,1,1,20,2,4.0,21,1
17249446,60,11,1,1,20,2,4.0,20,1
17249605,40,12,1,0,21,2,1.0,14,1
17249679,45,11,4,1,20,2,2.0,22,1
17249680,65,11,4,1,20,2,4.0,21,1
17249731,65,11,1,1,20,2,4.0,20,1
17250541,30,11,3,1,1,2,1.0,24,1
17250640,65,11,4,1,20,2,4.0,20,1
17250775,60,11,1,1,20,2,4.0,20,1
17250783,60,11,4,1,20,2,4.0,20,1
17250814,60,12,1,1,20,2,4.0,20,1
17252021,60,11,1,1,20,2,4.0,20,1
17252264,60,11,1,1,20,2,4.0,20,1
17252741,45,12,1,1,20,2,4.0,21,1
17253096,60,11,1,1,20,2,4.0,21,1
17253216,60,11,1,1,20,2,4.0,21,1
17254300,60,2,1,2,20,2,4.0,21,1
17254476,65,11,1,1,20,2,4.0,20,1
17254959,35,11,1,1,21,2,1.0,34,1
17255538,-1,11,1,1,1,2,3.0,46,2
17255540,35,11,1,1,5,2,1.0,13,1
17255729,60,11,1,1,20,2,4.0,21,1
17256574,45,12,1,1,5,2,2.0,22,1
17256783,40,11,4,1,5,2,1.0,10,1
17257547,35,11,1,1,11,2,4.0,30,1
17258058,60,11,1,1,11,2,4.0,20,1
17258267,60,11,1,1,20,2,4.0,21,1
17259376,60,11,4,1,20,2,4.0,20,1
17260130,50,11,1,1,5,2,4.0,20,1
17260338,60,11,1,1,11,2,4.0,20,1
17262932,60,11,4,1,20,2,4.0,20,1
17263271,60,11,1,1,11,2,4.0,20,1
17264160,60,11,3,1,20,2,4.0,20,1
17264510,60,11,5,1,20,1,4.0,1,1
17265360,45,12,3,1,5,2,2.0,22,1
17265433,60,11,1,1,20,2,4.0,20,1
17265592,45,11,1,1,5,2,1.0,34,1
17265715,60,11,1,1,20,2,4.0,20,1
17265732,60,11,1,1,20,2,4.0,20,1
17266480,50,11,1,1,20,2,4.0,21,1
17266603,65,11,1,1,20,2,4.0,21,1
17266771,65,11,4,1,1,2,4.0,22,1
17266788,45,11,4,1,20,2,2.0,20,1
17270555,60,2,1,2,20,2,4.0,21,1
17270997,45,11,1,1,5,2,1.0,24,1
17271502,65,11,1,1,17,7,4.0,1,1
17272653,65,11,1,1,20,2,4.0,20,1
17273067,60,11,4,1,20,2,4.0,22,1
17273316,35,11,1,1,20,2,2.0,21,1
17273334,60,2,1,2,20,7,4.0,1,4
17273687,60,11,1,1,20,2,4.0,21,1
17273688,40,11,1,1,20,2,4.0,20,1
17273884,60,11,4,1,20,2,4.0,20,1
17273960,60,11,1,1,20,2,4.0,22,1
17275247,65,11,1,1,20,7,4.0,1,4
17275248,65,11,4,1,20,2,4.0,20,1
17277174,30,11,4,1,8,2,4.0,21,1
17277270,45,11,1,1,20,2,3.0,20,1
17277428,45,11,1,1,5,2,1.0,10,1
17277647,45,11,1,1,20,2,4.0,20,1
17277946,65,11,4,1,20,2,4.0,22,1
17278386,60,11,2,1,20,2,4.0,20,1
17278421,60,11,1,1,20,2,4.0,20,1
17278422,60,11,1,1,20,2,4.0,20,1
17282372,60,11,1,1,20,2,4.0,20,1
17282986,60,11,1,1,20,2,4.0,20,1
17284627,35,2,1,2,20,2,2.0,13,1
17284756,60,11,6,1,20,6,4.0,1,1
17286668,60,11,4,1,20,2,4.0,20,1
17286784,65,11,4,1,1,2,4.0,20,1
17287807,60,11,3,1,20,1,4.0,1,1
17288071,65,11,1,1,1,2,4.0,20,1
17288509,60,11,4,1,20,2,4.0,20,1
17290338,60,11,1,1,20,2,4.0,21,1
17290398,35,11,1,1,20,2,4.0,28,1
17290400,60,11,1,1,20,2,4.0,21,1
17290402,60,11,1,1,20,2,4.0,22,1
17290412,60,11,1,1,20,2,4.0,22,1
17290453,60,11,1,1,20,2,4.0,21,1
17291055,65,11,4,1,20,7,4.0,1,2
17291056,60,11,4,1,20,2,4.0,20,1
17291058,60,11,4,1,20,2,4.0,21,1
17291060,60,11,3,1,20,2,4.0,20,1
17291063,45,11,4,1,20,2,4.0,20,1
17291065,60,11,4,1,20,2,4.0,20,1
17293510,60,11,4,1,20,2,4.0,20,1
17294074,60,11,2,1,20,2,4.0,20,1
17294204,60,11,1,1,11,2,4.0,21,1
17294787,60,2,1,3,1,7,4.0,1,4
17295699,60,2,4,2,20,2,4.0,21,1
17295961,60,11,1,1,20,2,4.0,20,1
17295979,65,11,1,1,20,2,4.0,20,1
17296377,40,2,1,2,20,2,4.0,20,1
17296390,40,11,4,2,8,2,1.0,13,1
17297138,45,11,1,1,20,2,4.0,21,1
17297525,50,2,1,2,20,2,3.0,13,1
17298557,60,2,4,2,20,2,4.0,22,1
17298682,45,11,1,1,20,2,4.0,22,1
17299794,60,2,1,2,11,2,4.0,21,1
17299798,45,2,1,2,8,2,1.0,13,1
17300201,60,11,3,1,20,2,4.0,22,1
17300335,35,11,4,1,1,2,3.0,13,1
17300613,60,2,1,2,20,2,4.0,20,1
17300832,60,2,1,2,20,2,4.0,21,1
17301331,60,11,4,2,20,2,4.0,20,1
17301860,45,11,1,1,3,2,4.0,21,1
17302812,45,2,1,2,20,2,4.0,21,1
17304005,60,11,4,1,20,2,4.0,20,1
17305589,50,11,1,1,5,2,1.0,34,1
17305614,60,12,1,2,20,2,4.0,22,1
17306566,60,2,1,2,20,2,4.0,21,1
17306594,40,11,1,1,20,2,1.0,28,1
17307614,60,11,4,1,20,2,4.0,20,1
17307819,50,11,1,1,1,2,4.0,21,1
17308119,65,11,1,1,1,2,4.0,20,1
17308364,45,2,1,2,5,2,4.0,22,1
17308643,65,11,4,1,1,7,4.0,1,4
17308751,65,2,4,2,20,7,4.0,1,4
17309024,60,11,1,1,11,2,4.0,20,1
17309519,60,11,2,1,20,2,4.0,21,1
17310523,60,11,1,1,20,2,4.0,20,1
17310924,60,11,1,1,20,2,4.0,22,1
17311458,60,11,4,1,20,2,4.0,21,1
17313643,50,11,4,1,20,7,4.0,1,2
17313779,45,12,1,1,5,2,1.0,10,1
17313894,35,11,1,1,20,2,1.0,10,1
17313904,65,11,1,1,1,2,4.0,21,1
17313905,60,11,1,1,20,7,4.0,1,4
17314651,60,11,1,1,1,2,4.0,21,1
17315232,60,2,1,3,20,2,4.0,21,1
17316810,45,11,1,1,5,2,2.0,20,1
17316869,40,12,1,2,20,2,3.0,13,1
17317759,60,11,1,1,20,2,4.0,20,1
17317854,60,11,1,1,11,2,4.0,20,1
17318406,60,11,1,1,20,2,4.0,20,1
17318841,45,11,1,1,5,2,4.0,20,1
17319055,45,11,1,1,1,2,4.0,20,1
17319411,45,11,1,1,20,2,4.0,22,1
17320444,40,11,1,1,17,2,4.0,20,1
17320535,65,11,1,1,20,2,4.0,20,1
17321383,60,12,3,2,20,2,4.0,20,1
17321384,45,11,3,1,20,7,4.0,1,2
17321391,45,11,4,1,20,2,4.0,20,1
17321393,35,11,4,1,20,2,4.0,21,1
17322351,60,11,1,1,20,2,4.0,20,1
17322362,60,11,1,1,20,2,4.0,21,1
17322365,60,11,1,1,20,2,4.0,21,1
17325931,65,11,1,1,20,2,4.0,20,1
17325933,60,11,1,2,20,2,4.0,20,1
17326291,65,11,1,1,20,2,4.0,21,1
17327373,60,11,1,1,20,2,4.0,20,1
17328062,60,11,1,1,20,7,4.0,1,4
17328909,60,11,1,1,20,2,4.0,20,1
17329886,50,11,1,1,20,2,3.0,13,2
17329944,60,11,1,1,20,2,4.0,20,1
17329950,60,11,1,1,20,2,4.0,20,1
17330130,60,11,4,1,20,2,4.0,21,1
17330306,60,11,1,1,20,2,4.0,21,1
17332397,50,11,4,1,20,2,4.0,20,1
17333238,60,12,1,1,20,2,4.0,20,1
17333239,60,11,1,1,20,2,4.0,21,1
17334410,40,11,1,1,20,2,1.0,10,1
17334793,60,11,1,1,20,2,4.0,21,1
17334986,45,11,1,1,5,2,1.0,10,1
17335616,45,11,4,1,5,2,1.0,34,1
17336016,45,11,1,1,5,2,1.0,10,1
17337312,60,11,1,1,20,2,4.0,20,1
17337313,60,11,1,1,20,2,4.0,20,1
17338777,-1,12,1,1,1,2,2.0,20,1
17339230,60,11,1,1,20,2,4.0,21,1
17339549,60,11,1,1,20,2,4.0,20,1
17339642,60,11,4,1,20,2,4.0,20,1
17339914,60,11,1,1,20,2,4.0,21,1
17339921,45,11,1,1,20,2,4.0,20,1
17340242,60,2,1,2,20,2,4.0,21,1
17340620,35,12,1,1,20,2,2.0,28,1
17340913,60,11,1,1,20,2,4.0,20,1
17341580,65,0,1,0,1,2,4.0,21,1
17343482,60,12,1,2,20,2,4.0,20,1
17343940,45,11,4,1,1,7,4.0,1,2
17344177,60,2,1,1,20,2,4.0,21,1
17344296,35,2,1,2,5,2,1.0,34,1
17344345,45,11,1,1,20,7,4.0,1,4
17345284,60,11,1,1,20,2,4.0,22,1
17345290,50,11,1,1,20,7,4.0,1,2
17345367,65,12,4,2,1,2,4.0,21,1
17345653,60,11,1,1,20,2,4.0,20,1
17346112,65,11,1,1,20,2,4.0,20,1
17346266,45,11,1,1,8,2,2.0,23,1
17347257,30,12,1,1,1,4,4.0,5,1
17347437,-1,11,4,1,1,2,3.0,23,2
17347466,60,11,1,1,20,2,4.0,20,1
17347537,-1,12,1,1,5,2,1.0,10,1
17347684,65,11,1,1,20,2,4.0,20,1
17349322,60,11,1,1,1,2,4.0,20,1
17349920,45,2,4,2,20,7,2.0,1,2
17349974,45,11,4,1,20,7,4.0,1,2
17349976,65,11,3,1,20,7,4.0,1,2
17350611,60,11,4,1,11,7,4.0,1,4
17351426,65,11,1,1,20,2,4.0,21,1
17351458,60,11,3,2,20,2,4.0,21,1
17351505,45,11,1,1,20,2,3.0,13,1
17351574,60,11,1,1,20,2,4.0,20,1
17351789,60,11,4,1,1,2,4.0,21,1
17351791,45,12,4,1,20,2,4.0,21,1
17352637,35,12,1,1,5,2,2.0,20,1
17353460,60,2,4,2,20,7,4.0,1,4
17353461,65,2,6,2,20,7,4.0,1,2
17353943,60,11,1,1,20,2,3.0,13,1
17355489,60,11,4,1,1,2,4.0,20,1
17355952,65,11,4,1,20,2,4.0,20,1
17356700,60,2,2,2,20,2,4.0,20,1
17357114,40,11,1,1,8,2,1.0,10,1
17357551,60,11,4,1,20,2,4.0,20,1
17357665,45,11,1,1,20,2,4.0,24,1
17357823,65,11,1,1,20,2,4.0,22,1
17358136,45,11,1,1,20,2,3.0,13,1
17358207,40,11,4,1,20,2,3.0,10,1
17358209,65,11,4,1,20,2,4.0,21,1
17358210,65,11,4,1,20,7,4.0,1,2
17358485,60,11,1,1,20,2,4.0,20,1
17358656,60,11,1,1,20,2,4.0,21,1
17358658,65,11,1,1,1,2,4.0,20,1
17358678,60,11,1,1,20,2,4.0,20,1
17358682,60,11,1,1,20,2,4.0,21,1
17358683,40,11,1,1,1,2,4.0,20,1
17359261,65,11,3,1,20,7,4.0,1,2
17359575,45,11,4,1,20,2,4.0,21,1
17359637,45,11,1,1,20,2,3.0,23,1
17360100,65,11,1,1,20,2,4.0,22,1
17361305,65,11,2,1,11,2,4.0,20,1
17361423,45,2,1,2,5,2,1.0,28,1
17361437,45,11,4,1,5,4,4.0,1,1
17361681,35,11,2,1,5,2,1.0,10,1
17361897,35,11,1,1,5,2,1.0,34,1
17361910,60,11,1,1,20,2,4.0,22,1
17362436,45,11,4,1,20,7,2.0,2,2
17362440,60,11,4,1,20,2,4.0,20,1
17362446,60,11,4,1,20,2,4.0,21,1
17362447,60,11,4,1,1,2,4.0,22,1
17362824,60,11,1,1,1,2,4.0,20,1
17363646,50,11,1,1,20,2,3.0,10,1
17364062,60,11,1,1,20,2,4.0,20,1
17364779,35,11,1,1,20,2,1.0,24,1
17364881,45,2,4,2,20,7,2.0,1,2
17365102,35,2,4,2,20,2,4.0,20,1
17365104,60,11,1,1,20,2,4.0,20,1
17365118,60,11,1,1,20,2,4.0,20,1
17365124,60,11,1,1,20,2,4.0,20,1
17365125,40,11,1,1,20,2,4.0,20,1
17365259,60,11,1,1,20,2,2.0,21,1
17365271,60,11,1,1,20,2,4.0,20,1
17365571,60,11,1,1,20,2,4.0,22,1
17365572,60,11,4,1,1,2,4.0,20,1
17365575,60,11,4,1,20,2,4.0,20,1
17365968,60,2,4,3,20,9,4.0,1,4
17366176,45,11,4,1,5,2,2.0,22,1
17366179,45,11,4,1,20,2,4.0,20,1
17366305,60,11,1,1,20,2,4.0,21,1
17366432,60,12,1,1,20,2,4.0,20,1
17366480,60,12,1,1,20,2,4.0,22,1
17366481,35,11,4,1,20,2,4.0,21,1
17366482,65,11,1,1,1,2,4.0,21,1
17366494,65,11,1,1,20,2,4.0,21,1
17366502,60,11,1,1,1,2,4.0,20,1
17366503,60,11,1,1,1,2,4.0,20,1
17367665,35,11,1,1,20,2,4.0,14,1
17368630,60,11,1,1,20,2,4.0,20,1
17369587,60,11,1,1,20,2,4.0,20,1
17370162,60,12,1,1,20,2,4.0,22,1
17370604,60,11,4,1,1,7,4.0,1,2
17371678,60,11,4,1,20,7,4.0,1,2
17371753,60,12,1,1,20,2,4.0,20,1
17371758,45,12,1,1,20,2,1.0,10,1
17371761,60,11,1,1,20,2,4.0,22,1
17371762,45,11,6,1,20,2,4.0,21,1
17371787,60,11,1,1,20,2,4.0,22,1
17371921,45,11,1,1,20,2,4.0,20,1
17372469,60,2,1,2,20,2,4.0,21,1
17373364,60,11,1,1,20,2,4.0,21,1
17373371,60,11,1,1,20,2,4.0,20,1
17374430,45,12,1,2,9,2,2.0,22,1
17375340,30,2,4,2,20,2,3.0,13,1
17376296,35,12,1,2,5,2,1.0,23,1
17377076,60,11,1,1,20,2,4.0,22,1
17377140,60,11,1,1,20,7,4.0,1,4
17377209,60,2,4,2,20,7,4.0,1,2
17377572,45,11,1,1,20,2,4.0,21,1
17377575,60,11,1,1,20,7,4.0,1,1
17378311,50,11,4,1,5,2,1.0,10,1
17379003,45,12,1,2,20,2,4.0,20,1
17379010,45,11,1,1,20,2,1.0,10,1
17379013,60,11,1,1,20,2,4.0,20,1
17379014,60,11,1,1,20,2,4.0,21,1
17379636,60,11,3,1,20,2,4.0,22,1
17379879,60,11,1,1,20,2,4.0,20,1
17380309,45,2,4,2,1,2,4.0,20,1
17380940,60,11,1,1,20,2,4.0,21,1
17381228,40,11,4,1,20,2,4.0,21,1
17381229,60,11,4,1,20,2,4.0,21,1
17381230,60,2,4,2,20,2,4.0,20,1
17381493,60,11,1,1,20,2,4.0,21,1
17381497,60,11,4,1,20,2,4.0,20,1
17381514,60,11,1,1,20,2,4.0,20,1
17381526,60,12,1,2,20,2,4.0,20,1
17381532,60,2,1,1,20,2,4.0,21,1
17383209,45,11,2,1,20,2,4.0,22,1
17383749,40,11,4,1,1,2,4.0,21,1
17385448,60,11,3,1,20,2,4.0,20,1
17385465,65,11,4,1,20,2,4.0,20,1
17385561,60,11,1,1,20,2,4.0,20,1
17385568,60,11,1,1,20,2,4.0,20,1
17385571,60,11,1,1,20,2,4.0,20,1
17385892,35,11,4,1,20,2,1.0,34,1
17385935,60,11,1,1,20,2,4.0,20,1
17386640,60,11,1,1,20,8,4.0,1,1
17386641,70,11,1,1,20,2,4.0,20,1
17386707,60,11,1,1,20,2,4.0,20,1
17386723,60,11,1,1,20,2,4.0,20,1
17387517,35,11,1,1,8,2,4.0,35,1
17387872,60,11,4,1,20,2,4.0,20,1
17388170,60,11,3,1,20,2,4.0,21,1
17388174,65,11,1,1,1,2,4.0,21,1
17390429,60,11,4,1,20,2,4.0,21,1
17390430,45,11,4,1,20,2,4.0,21,1
17390562,60,11,4,1,20,2,4.0,21,1
17390972,60,12,1,1,20,2,4.0,22,1
17391381,30,12,2,1,10,7,4.0,1,2
17393516,60,11,1,1,20,2,4.0,20,1
17393528,65,12,4,1,20,2,4.0,21,1
17393530,45,11,4,1,20,2,4.0,22,1
17393865,45,11,1,1,9,2,4.0,22,1
17394009,45,11,1,1,11,2,4.0,21,1
17394591,60,11,6,1,20,2,4.0,20,1
17394998,60,11,1,1,20,2,4.0,21,1
17396049,65,11,4,1,20,2,4.0,22,1
17396239,60,11,1,1,20,2,4.0,22,1
17397031,65,11,1,1,1,2,4.0,20,1
17397582,60,12,1,1,11,2,4.0,20,1
17397935,45,11,1,1,5,2,1.0,10,1
17398018,60,11,2,1,20,2,4.0,20,1
17398099,60,11,4,1,20,2,4.0,20,1
17398448,45,2,4,2,20,2,3.0,10,1
17399526,50,11,1,1,20,2,1.0,10,1
17401536,60,11,4,1,20,7,4.0,1,2
17401902,35,12,2,2,20,7,4.0,1,2
17402260,60,2,1,2,20,2,4.0,21,1
17403455,60,11,4,1,20,2,4.0,20,1
17403460,60,2,1,2,20,2,4.0,22,1
17403818,45,11,3,1,20,2,4.0,30,1
17404071,60,11,1,1,20,2,4.0,20,1
17404113,60,11,1,1,20,2,4.0,21,1
17404379,40,11,1,1,5,2,1.0,34,1
17404430,60,11,4,1,20,2,4.0,20,1
17404575,35,11,1,1,20,2,4.0,14,1
17404884,45,11,1,1,1,2,3.0,13,1
17405386,60,2,4,2,20,2,4.0,21,1
17405526,65,11,3,1,20,7,4.0,1,1
17406400,35,11,1,1,20,2,2.0,21,1
17406417,45,11,4,1,20,2,2.0,13,1
17406418,60,2,4,2,20,7,4.0,1,4
17407740,35,11,4,1,20,2,2.0,22,1
17407999,35,11,1,1,9,2,2.0,22,1
17409388,45,11,4,1,20,2,2.0,21,1
17409540,45,11,1,1,5,2,1.0,10,1
17409633,60,11,1,1,20,2,4.0,20,1
17410531,60,11,1,1,11,2,4.0,21,1
17410826,60,11,2,1,20,2,4.0,20,1
17411050,60,11,1,1,11,7,4.0,1,4
17412601,55,12,4,1,20,2,3.0,13,1
17413411,60,2,1,2,20,2,4.0,20,1
17414473,60,11,1,1,20,2,4.0,20,1
17414490,45,11,4,1,20,7,4.0,1,4
17414590,60,11,1,1,20,2,4.0,20,1
17414790,65,11,4,1,20,2,4.0,21,1
17415387,60,11,1,1,20,2,4.0,20,1
17415555,60,11,1,1,11,2,4.0,20,1
17415706,35,11,1,1,8,4,4.0,5,1
17415866,60,11,1,1,20,2,4.0,21,1
17415900,45,11,1,1,5,2,1.0,10,1
17416608,45,12,2,1,20,2,1.0,24,1
17417135,45,12,4,1,5,2,4.0,20,1
17417243,40,11,1,1,20,2,4.0,20,1
17417246,50,11,4,1,5,2,1.0,10,1
17417310,60,11,1,1,20,2,4.0,20,1
17417311,60,11,1,1,20,2,4.0,20,1
17417342,60,11,1,1,20,2,4.0,20,1
17417343,60,11,1,1,20,2,4.0,20,1
17418447,45,11,1,1,20,2,4.0,20,1
17418829,45,11,1,1,5,2,1.0,28,1
17419271,60,11,1,1,20,2,4.0,21,1
17419820,60,11,1,1,20,2,4.0,20,1
17419824,40,11,4,1,5,2,1.0,34,1
17419877,65,2,3,2,20,2,4.0,21,1
17420296,60,11,1,1,20,7,4.0,1,4
17420623,60,12,1,1,20,2,4.0,20,1
17420905,65,11,1,1,20,2,4.0,21,1
17421671,60,11,2,1,20,2,4.0,21,1
17423680,60,11,4,1,20,2,4.0,22,1
17423694,40,11,4,1,5,7,2.0,1,2
17423835,60,11,4,1,20,7,4.0,1,4
17423976,60,11,1,1,20,2,4.0,20,1
17424017,65,11,1,1,1,2,4.0,21,1
17424857,60,11,4,1,20,2,4.0,21,1
17425717,60,11,3,1,20,2,4.0,20,1
17425729,45,11,1,1,20,2,4.0,21,1
17425899,40,11,4,1,20,7,4.0,1,2
17425984,60,11,4,1,20,2,4.0,20,1
17426488,65,11,1,1,20,2,4.0,20,1
17426730,60,12,1,1,20,2,4.0,21,1
17427608,60,11,1,1,20,2,4.0,21,1
17427666,45,11,1,1,21,2,2.0,20,1
17428534,60,12,1,1,1,2,4.0,20,1
17428535,65,11,1,1,20,2,4.0,20,1
17428562,50,12,3,1,20,8,4.0,1,1
17428793,60,11,1,1,20,2,4.0,20,1
17429326,60,11,4,1,20,2,4.0,20,1
17429327,40,2,4,2,20,7,2.0,1,2
17429348,45,11,1,1,5,2,1.0,10,1
17431064,60,11,4,1,20,2,4.0,20,1
17431065,60,11,1,1,20,7,4.0,1,4
17431082,60,11,3,1,20,2,4.0,20,1
17431083,60,2,1,2,20,2,4.0,20,1
17431417,45,2,1,2,5,7,4.0,3,2
17431944,60,11,1,1,20,7,4.0,1,2
17431957,45,12,4,1,1,1,4.0,3,2
17432057,45,11,1,1,20,2,4.0,20,1
17432105,60,11,1,1,20,2,4.0,22,1
17432397,60,11,4,1,20,2,4.0,21,1
17432636,45,11,1,1,20,2,3.0,23,1
17432683,45,11,4,1,1,7,4.0,1,1
17433420,60,2,1,2,12,2,4.0,20,1
17434663,45,11,5,1,20,2,4.0,21,1
17434751,45,11,1,1,20,2,4.0,20,1
17434942,60,11,4,1,20,2,4.0,20,1
17435296,45,11,4,1,20,10,4.0,1,2
17435591,60,11,4,1,3,2,4.0,20,1
17435944,60,11,1,1,20,2,4.0,20,1
17436951,60,11,4,1,20,2,4.0,22,1
17436954,35,11,4,1,20,2,4.0,20,1
17438576,45,11,4,1,5,2,3.0,13,1
17440083,60,11,1,1,20,2,4.0,20,1
17440087,60,11,3,1,20,2,4.0,20,1
17440315,60,11,4,1,20,2,4.0,21,1
17440331,60,11,4,1,20,2,4.0,12,1
17440337,60,12,1,1,1,2,4.0,20,1
17440951,60,11,4,1,20,2,4.0,21,1
17441165,60,11,2,1,20,2,4.0,20,1
17442384,40,2,1,2,1,7,2.0,2,2
17442387,60,11,4,1,20,10,4.0,1,2
17442393,40,11,4,1,1,2,4.0,20,1
17448366,45,12,1,1,20,2,4.0,22,1
17450912,65,11,4,1,20,2,4.0,21,1
17450933,60,11,4,1,20,2,4.0,20,1
17450934,60,11,4,1,20,2,4.0,20,1
17450949,45,11,4,1,5,2,4.0,20,1
17451121,45,11,4,1,21,2,1.0,10,1
17452077,35,11,5,1,5,2,1.0,10,1
17452113,60,11,4,1,1,2,4.0,20,1
17452448,60,11,1,1,20,2,4.0,20,1
17453007,60,11,5,1,20,2,4.0,21,1
17453028,60,11,4,1,20,2,4.0,21,1
17453369,45,12,1,2,20,2,4.0,22,1
17453394,60,11,4,1,20,2,4.0,22,1
17453836,60,12,3,1,20,7,4.0,1,2
17453841,40,12,4,1,5,2,1.0,10,1
17454846,35,11,1,1,20,2,4.0,46,1
17455037,65,11,1,1,20,2,4.0,20,1
17455334,60,11,4,1,20,2,4.0,20,1
17455344,60,11,3,1,20,2,4.0,20,1
17456422,60,11,1,1,20,2,4.0,20,1
17457485,40,11,4,1,20,2,1.0,10,1
17457911,45,11,1,1,1,2,1.0,10,1
17458104,60,11,1,1,20,2,4.0,20,1
17458508,60,11,1,1,20,2,4.0,20,1
17458618,45,2,4,2,20,2,1.0,20,1
17458623,35,12,1,1,20,2,1.0,34,1
17458698,60,2,4,2,20,2,4.0,21,1
17458932,35,11,1,1,20,2,4.0,21,1
17459068,45,11,1,1,1,2,3.0,20,1
17459498,65,11,4,1,20,2,4.0,20,1
17460837,60,11,1,1,20,2,4.0,21,1
17462052,60,2,1,2,20,2,4.0,21,1
17462068,60,11,1,1,20,2,4.0,20,1
17462081,60,11,5,1,20,2,4.0,20,1
17462167,65,11,1,1,1,2,4.0,20,1
17462173,40,11,1,1,20,2,4.0,20,1
17462523,45,11,1,1,20,2,4.0,20,1
17462607,35,11,4,1,20,2,4.0,20,1
17463237,60,2,4,1,20,2,4.0,21,1
17463305,40,11,1,1,20,2,4.0,20,1
17464894,35,11,1,1,5,2,2.0,24,1
17464934,60,11,1,1,20,2,4.0,20,1
17465807,35,11,1,1,11,2,2.0,21,1
17465832,60,11,1,1,11,2,4.0,20,1
17465833,45,11,1,1,9,2,4.0,14,1
17465885,60,11,1,1,20,2,4.0,20,1
17465899,35,11,1,1,20,2,3.0,20,1
17466221,60,12,1,1,20,2,4.0,20,1
17466384,60,11,1,1,20,2,4.0,21,1
17466450,60,11,4,1,20,2,4.0,20,1
17466509,60,11,4,1,20,2,4.0,20,1
17466703,65,11,4,1,20,2,4.0,22,1
17467137,60,11,1,1,20,2,4.0,21,1
17467288,65,11,4,1,20,7,4.0,1,2
17467616,45,11,4,1,5,2,1.0,20,1
17468983,60,11,1,1,20,2,4.0,21,1
17469389,60,11,4,1,20,2,4.0,20,1
17470061,65,12,1,1,20,2,4.0,21,1
17473594,45,11,4,2,5,2,2.0,22,1
17476598,65,11,1,1,20,2,4.0,20,1
17476612,60,11,4,1,20,1,4.0,1,1
17476684,45,11,4,1,1,2,3.0,13,1
17476689,60,11,1,1,20,2,4.0,21,1
17476749,45,11,4,1,20,2,4.0,21,1
17476790,60,11,3,1,20,2,4.0,20,1
17477158,60,11,1,1,11,2,4.0,22,1
17477159,60,11,2,1,20,2,4.0,20,1
17477163,60,12,1,1,20,2,4.0,20,1
17477279,60,11,1,1,20,2,4.0,20,1
17477791,45,12,4,1,5,2,1.0,34,1
17477799,60,11,1,1,20,2,4.0,20,1
17477807,60,11,1,1,20,2,4.0,21,1
17478528,60,11,1,1,20,2,4.0,20,1
17478534,60,11,1,1,20,2,4.0,21,1
17478538,60,11,1,1,20,2,4.0,20,1
17479198,45,12,4,1,1,9,4.0,1,1
17479271,60,11,4,1,20,2,4.0,20,1
17480720,60,11,1,1,11,2,4.0,21,1
17481398,60,11,4,1,16,2,4.0,20,1
17481594,45,11,4,1,20,7,4.0,1,2
17481655,60,11,4,1,20,2,4.0,22,1
17484359,60,11,4,1,20,2,4.0,20,1
17484360,60,11,4,1,20,2,4.0,20,1
17484367,60,11,4,1,20,10,4.0,1,2
17484778,45,11,4,1,20,2,4.0,20,1
17484811,60,12,1,1,20,2,4.0,20,1
17484957,35,12,1,2,20,7,4.0,1,2
17484970,60,11,1,1,20,2,4.0,21,1
17485276,65,2,1,2,20,10,4.0,1,1