Crash_ID,Crash_Speed_Limit,Wthr_Cond_ID,Light_Cond_ID,Surf_Cond_ID,Traffic_Cntl_ID,Harm_Evnt_ID,Intrsct_Relat_ID,FHE_Collsn_ID,Road_Relat_ID
17485285,60,11,1,1,20,2,4.0,21,1
17485504,60,2,4,2,20,2,4.0,20,1
17485523,30,11,6,1,20,2,4.0,20,1
17487322,60,12,4,2,20,2,4.0,22,1
17489942,60,11,4,1,20,2,4.0,20,1
17490184,45,11,1,1,11,2,4.0,23,1
17490604,60,11,1,1,1,2,4.0,20,1
17491484,60,11,1,1,20,2,4.0,21,1
17493339,60,2,4,2,20,7,4.0,1,2
17493810,65,11,1,1,20,2,4.0,21,1
17494107,60,11,1,1,1,2,4.0,21,1
17495016,50,11,1,1,20,2,4.0,21,1
17495020,60,11,1,1,20,2,4.0,21,1
17495539,60,11,4,1,20,2,4.0,20,1
17495540,60,11,1,1,20,2,4.0,20,1
17495870,60,11,4,1,20,2,4.0,20,1
17496554,65,11,4,1,20,9,4.0,1,1
17499002,60,11,1,1,20,2,4.0,20,1
17500532,65,11,1,1,1,7,4.0,1,4
17500947,60,11,4,1,20,7,4.0,1,4
17505003,65,11,4,1,20,7,4.0,1,2
17505013,55,2,4,2,20,7,4.0,1,4
17506789,60,12,4,1,20,2,4.0,21,1
17507377,45,11,1,1,20,2,4.0,21,1
17511659,45,11,4,1,5,2,1.0,10,1
17578110,45,11,1,1,1,2,4.0,20,1
17637388,45,11,4,1,20,2,1.0,10,1
14203607,60,11,4,1,20,2,2.0,21,1
14215861,60,12,4,1,20,7,2.0,1,4
14225260,60,2,2,2,20,2,4.0,20,1
14231955,60,2,4,2,20,2,4.0,21,1
14236571,60,5,2,1,20,2,4.0,20,1
14239435,60,12,4,1,20,2,4.0,21,1
14239604,60,2,1,2,3,2,1.0,10,1
14254634,60,11,1,1,20,7,4.0,1,2
14260009,60,12,1,1,20,2,4.0,21,1
14268322,40,11,1,1,17,2,3.0,34,1
14268847,60,11,1,1,20,2,4.0,20,1
14270830,60,11,1,1,20,2,2.0,21,1
14286184,60,11,4,1,1,2,2.0,14,1
14287817,60,11,1,1,20,2,4.0,20,1
14299306,50,2,1,2,20,2,4.0,20,1
14305351,60,5,6,2,1,2,4.0,20,1
14306180,60,12,1,1,20,2,4.0,20,1
14313891,60,11,1,1,20,2,4.0,20,1
14330070,60,12,4,1,20,10,4.0,1,1
14331813,60,11,1,1,1,2,4.0,21,1
14347333,35,11,1,1,8,2,1.0,14,1
14351312,60,11,1,1,20,2,4.0,22,1
14358447,60,12,1,1,20,2,4.0,20,1
14362936,60,12,1,2,20,7,4.0,1,4
14373501,60,11,4,1,1,2,4.0,20,1
14376882,60,12,4,2,20,2,4.0,21,1
14379314,55,12,4,1,1,2,4.0,30,1
14382086,60,12,1,2,20,2,4.0,21,1
14385528,55,11,1,1,20,2,4.0,21,1
14386106,60,2,4,2,20,9,4.0,1,1
14392525,60,11,4,1,20,7,2.0,1,4
14402795,60,11,1,1,20,2,4.0,20,1
14405694,60,11,1,1,20,2,4.0,22,1
14407709,55,11,1,1,20,2,4.0,21,1
14409654,60,11,1,1,20,2,4.0,21,1
14411751,60,2,4,2,20,7,4.0,1,2
14424910,60,11,1,2,20,2,4.0,20,1
14427429,60,2,1,2,20,2,4.0,21,1
14429030,60,11,4,1,20,2,4.0,21,1
14436781,60,12,1,2,20,2,4.0,20,1
14437024,60,2,1,2,20,2,4.0,20,1
14446882,30,11,6,1,1,7,4.0,1,2
14449316,60,11,1,1,20,2,4.0,20,1
14452853,60,12,1,1,20,2,4.0,21,1
14453465,60,11,4,1,1,2,4.0,20,1
14459869,60,11,4,1,20,7,2.0,1,4
14465160,35,11,4,1,1,2,4.0,21,3
14469967,60,11,1,1,20,2,4.0,22,1
14471583,65,11,4,1,20,2,4.0,21,1
14472129,60,11,5,1,11,2,4.0,21,1
14484881,60,2,4,2,20,2,4.0,20,1
14485186,60,11,4,1,20,2,4.0,22,1
14485583,60,12,1,1,20,2,4.0,20,1
14490451,60,2,4,2,17,2,4.0,20,1
14495966,60,2,4,2,20,9,4.0,1,1
14513468,60,2,1,2,20,7,4.0,1,4
14516156,60,11,1,1,20,2,4.0,21,1
14517448,60,12,1,1,20,2,4.0,20,1
14518709,60,11,1,1,20,2,4.0,21,1
14525155,60,11,1,1,20,2,4.0,22,1
14533707,60,0,0,0,1,2,4.0,21,1
14554218,35,11,4,1,20,2,4.0,20,1
14567707,60,11,1,1,1,2,4.0,21,1
14567732,60,12,4,1,20,7,4.0,1,2
14576719,35,11,4,1,5,2,1.0,10,1
14619913,-1,11,1,1,1,2,4.0,20,1
14851372,60,11,1,1,1,8,4.0,1,1
15525177,60,11,5,1,20,2,4.0,21,1
14582777,60,11,1,1,20,2,2.0,21,1
14586825,60,12,1,1,20,2,4.0,20,1
14614141,60,11,1,1,20,2,4.0,21,1
14618477,60,11,4,1,20,2,4.0,20,1
14624279,65,2,1,2,20,2,4.0,21,1
14626687,60,11,1,1,20,2,4.0,21,1
14629375,60,11,1,1,20,2,4.0,21,1
14645426,60,12,1,1,20,2,4.0,20,1
14647633,60,11,1,1,20,7,4.0,1,4
14652285,60,11,1,1,20,2,4.0,21,1
14655986,60,11,1,1,20,2,4.0,20,1
14657973,60,11,5,1,20,2,4.0,20,1
14659708,60,12,1,1,20,7,4.0,1,2
14660821,60,11,4,1,20,7,4.0,1,2
14688644,65,11,1,1,20,2,4.0,21,1
14693698,60,11,4,1,20,2,4.0,22,1
14693954,60,11,1,1,20,2,4.0,21,1
14695672,60,11,4,1,20,2,4.0,21,1
14705264,60,11,1,1,20,2,4.0,20,1
14705438,60,11,4,1,20,4,4.0,1,3
14715551,60,2,1,2,20,7,4.0,1,2
14718280,60,11,1,1,20,2,4.0,20,1
14729503,60,12,1,2,20,7,4.0,1,4
14738564,55,11,4,2,1,10,4.0,1,1
14751666,55,12,4,1,20,2,4.0,20,1
14764337,45,11,1,1,5,2,4.0,31,1
14764876,60,11,1,1,20,2,4.0,20,1
14772590,60,11,1,1,20,2,4.0,22,1
14773122,35,11,1,1,17,2,2.0,13,1
14777572,60,11,4,2,1,7,4.0,1,2
14779677,60,11,5,1,20,2,4.0,20,1
14793436,60,12,1,1,20,2,4.0,21,1
14804833,60,2,4,2,20,2,4.0,20,1
14807862,60,11,4,1,20,7,2.0,1,4
14810815,60,2,4,2,20,7,4.0,1,4
14821179,65,2,4,2,20,7,4.0,1,2
14821420,55,11,4,1,20,2,4.0,22,1
14851185,60,12,4,2,20,2,1.0,24,1
15387270,60,11,1,1,1,2,1.0,10,1
14843272,60,2,1,2,20,7,4.0,1,2
14852714,60,11,4,1,20,7,2.0,1,4
14860388,60,11,4,1,20,2,4.0,20,1
14865225,60,11,1,1,1,2,4.0,20,1
14866794,60,11,1,1,20,2,4.0,20,1
14876916,60,11,1,1,20,2,4.0,20,1
14877084,30,11,3,1,1,7,2.0,1,4
14877263,60,11,1,1,20,2,4.0,20,1
14887181,60,2,1,2,20,2,4.0,22,1
14888339,60,11,4,1,20,2,4.0,21,1
14895077,60,11,4,1,3,2,4.0,21,1
14905324,60,11,1,1,20,2,4.0,20,1
14911892,60,11,1,1,20,2,4.0,22,1
14917550,60,11,1,1,20,7,4.0,1,2
14925216,65,11,4,1,1,2,4.0,21,1
14931858,45,11,1,1,20,2,4.0,21,1
14949203,60,11,1,1,1,2,4.0,22,1
14949305,60,11,1,1,20,2,4.0,20,1
14960058,60,11,1,1,20,2,4.0,20,1
14965223,65,2,4,2,20,7,4.0,1,4
14974767,60,11,4,1,20,2,4.0,20,1
14974866,60,12,4,1,20,7,2.0,1,4
14990681,60,11,1,1,20,2,4.0,20,1
14995043,65,11,1,1,20,2,4.0,22,1
15007707,60,11,1,1,20,2,4.0,20,1
15011959,60,2,4,2,20,7,2.0,1,2
15012422,60,12,1,2,20,2,4.0,22,1
15042099,60,12,1,1,20,2,4.0,20,1
15046797,70,11,4,1,20,2,4.0,20,1
15047608,60,11,4,1,20,2,4.0,21,1
15049041,60,11,6,1,20,2,4.0,20,1
15069008,60,11,4,1,20,7,2.0,1,4
15069319,60,12,5,1,1,7,4.0,1,2
15070035,60,11,1,1,20,2,4.0,21,1
15086975,60,11,1,1,20,2,2.0,24,1
15087507,60,11,4,1,20,7,4.0,1,2
15091962,60,11,1,1,11,7,2.0,1,4
15092848,60,11,1,1,20,2,4.0,22,1
15093188,60,11,1,1,20,2,4.0,20,1
15093638,60,0,0,1,20,2,4.0,20,1
15102569,60,11,1,1,20,2,4.0,21,1
15103245,60,2,1,2,1,2,4.0,20,1
15118799,60,12,1,1,20,2,4.0,20,1
15125709,60,11,4,1,20,2,4.0,20,1
15131990,60,12,1,1,20,2,4.0,21,1
15132248,35,2,1,2,20,2,4.0,20,1
15137721,60,2,1,2,1,2,2.0,10,1
15143746,60,11,1,1,20,2,4.0,21,1
15166841,60,12,1,1,20,2,4.0,22,1
15174999,60,11,1,1,1,2,1.0,10,1
15176419,65,12,1,1,20,2,4.0,22,1
15181553,60,2,1,2,1,7,4.0,1,4
15187291,60,11,1,1,10,2,4.0,21,1
15196500,60,12,1,1,20,2,4.0,21,1
15196520,60,11,1,1,20,7,4.0,1,4
15197834,60,12,1,1,20,2,4.0,20,1
15198523,60,11,4,1,20,7,4.0,1,2
15198966,65,11,1,1,20,2,2.0,21,1
15199478,60,12,1,1,20,2,4.0,20,1
15202797,60,11,1,1,20,2,4.0,20,1
15202815,60,12,6,1,20,2,4.0,21,1
15212160,60,11,1,1,20,7,4.0,1,2
15228705,55,11,1,1,20,2,4.0,21,1
15243157,60,11,1,1,20,2,4.0,20,1
15260889,60,11,1,1,1,2,4.0,21,1
15254602,60,11,1,1,20,7,4.0,1,1
15260714,55,11,3,1,20,7,4.0,1,2
15261120,65,11,6,1,20,2,4.0,20,1
15270926,60,2,1,2,20,2,4.0,20,1
15273308,60,2,1,2,1,2,4.0,22,1
15273765,60,0,1,0,20,2,4.0,21,1
15273965,60,12,1,1,20,2,4.0,20,1
15274356,45,11,1,1,5,2,4.0,22,1
15275010,60,11,4,1,20,7,4.0,1,4
15282781,65,11,1,1,1,2,4.0,21,1
15287191,60,11,3,1,20,2,4.0,22,1
15296107,60,11,4,1,20,7,4.0,1,2
15300854,60,2,1,2,20,2,4.0,20,1
15300859,60,2,1,2,20,2,4.0,20,1
15319312,60,11,4,1,20,7,4.0,1,2
15320935,60,11,1,1,20,2,4.0,21,1
15328634,65,11,1,1,1,2,4.0,22,1
15337164,55,11,1,1,20,7,4.0,1,2
15344437,65,11,1,1,20,2,4.0,20,1
15349896,60,11,1,1,20,2,4.0,20,1
15349956,55,2,4,2,20,7,4.0,1,2
15372842,60,11,1,1,1,2,4.0,20,1
15385184,60,11,4,1,20,2,4.0,21,1
15387265,60,12,1,1,20,2,2.0,20,1
15389335,65,11,4,1,1,2,4.0,20,1
15389348,60,11,4,1,20,2,4.0,21,1
15390391,60,11,3,1,20,2,4.0,21,1
15397405,35,12,4,1,20,2,1.0,23,1
15402280,60,11,1,1,20,2,4.0,20,1
15403352,35,11,1,1,20,2,3.0,10,1
15406234,60,11,4,1,1,7,4.0,1,4
15416105,60,11,4,1,1,7,2.0,1,2
15428383,60,11,1,1,1,2,4.0,20,1
15429305,60,2,4,2,20,2,4.0,20,1
15436988,60,12,1,1,20,2,4.0,21,1
15437836,60,11,1,1,20,2,4.0,20,1
15441392,60,11,1,1,20,2,4.0,21,1
15446140,60,11,1,1,20,2,4.0,21,1
15446197,60,11,6,1,20,2,4.0,21,1
15467071,60,2,4,2,20,7,4.0,1,2
15480388,60,12,1,1,20,2,4.0,20,1
15481003,60,2,3,2,20,7,4.0,1,4
15489866,60,11,4,1,20,9,4.0,1,1
15493206,60,11,4,1,20,2,4.0,20,1
15493209,60,2,1,2,20,7,4.0,1,2
15493614,60,11,4,1,20,2,4.0,22,1
15498107,60,11,1,1,20,2,4.0,20,1
15499719,60,11,4,1,1,7,4.0,1,4
15509459,65,11,1,1,20,2,4.0,20,1
15520442,60,12,1,1,20,2,4.0,20,1
15546602,60,2,1,2,20,2,4.0,20,1
15552090,60,2,4,3,20,2,4.0,20,1
15556003,35,11,1,1,20,2,4.0,20,1
15573532,60,11,1,1,20,2,4.0,20,1
15582666,60,12,1,1,20,2,4.0,20,1
15590885,60,11,1,1,20,7,4.0,1,2
15593133,60,11,1,1,20,2,4.0,20,1
15594728,60,12,4,1,20,10,4.0,1,1
15599297,60,11,1,1,20,2,4.0,21,1
15599644,60,11,1,1,20,2,4.0,20,1
15599645,55,11,1,1,20,7,4.0,1,2
15618640,60,12,1,1,20,2,4.0,20,1
15618716,65,12,1,1,1,2,4.0,20,1
15619191,60,11,1,1,20,2,4.0,20,1
15619518,60,12,6,1,20,7,4.0,1,4
15620569,65,12,1,0,20,2,4.0,20,1
15620676,60,2,1,2,1,2,4.0,21,1
15620691,60,11,1,1,20,2,4.0,21,1
15623931,60,2,4,2,20,2,4.0,21,1
15632641,-1,2,1,2,20,2,2.0,21,1
15637777,60,2,1,2,20,2,4.0,22,1
15639644,60,11,1,1,20,2,4.0,21,1
15644771,60,11,1,1,20,2,4.0,21,1
15644927,55,11,1,1,20,2,4.0,21,1
15651116,60,11,4,1,20,7,4.0,1,2
15653060,60,11,1,1,20,2,4.0,20,1
15653676,40,11,1,1,5,2,3.0,34,1
15654081,60,11,1,1,20,2,4.0,21,1
15659491,60,2,1,2,20,7,4.0,1,4
15661272,60,11,1,1,20,2,4.0,20,1
15668007,45,11,1,1,20,2,3.0,10,1
15671723,60,11,1,1,20,2,4.0,20,1
15676148,60,11,1,1,20,2,4.0,21,1
15676242,60,11,4,1,20,7,4.0,1,2
15678916,60,11,1,1,20,2,4.0,20,1
15679600,70,11,1,1,1,2,4.0,20,1
15679641,60,11,1,1,20,2,4.0,21,1
15687578,60,11,4,1,20,2,4.0,20,1
15691242,60,11,4,1,1,2,4.0,20,1
15697170,60,11,4,1,20,7,4.0,1,2
15699002,60,11,1,1,20,2,4.0,20,1
15703019,60,11,4,1,1,2,4.0,22,1
15716312,60,11,1,1,1,2,4.0,22,1
15719170,60,11,1,1,20,2,4.0,21,1
15719181,60,11,1,1,20,2,4.0,21,1
15721413,60,11,1,1,20,2,4.0,20,1
15727690,60,12,1,1,20,2,4.0,21,1
15728391,60,11,2,1,20,2,4.0,20,1
15729035,60,11,4,1,1,10,4.0,1,1
15732433,45,11,1,1,11,2,3.0,10,1
15733095,60,11,1,1,20,2,4.0,21,1
15737256,35,11,4,1,5,2,4.0,20,1
15738527,60,11,1,1,20,2,4.0,20,1
15738754,60,11,1,1,20,2,2.0,21,1
15740623,55,11,1,1,11,2,4.0,20,1
15741039,-1,11,1,1,20,2,4.0,20,1
15741044,-1,11,1,1,11,2,4.0,21,1
15741247,65,11,4,1,20,2,4.0,21,1
15743329,65,11,1,1,20,2,4.0,21,1
15748237,60,11,1,1,1,2,4.0,22,1
15750456,60,11,4,1,20,2,4.0,22,1
15758164,60,11,6,1,20,2,4.0,21,1
15758399,45,11,1,1,1,2,3.0,22,1
15764123,60,11,1,1,20,2,4.0,20,1
15766777,60,11,1,1,20,2,4.0,20,1
15771530,30,12,1,1,5,2,4.0,21,1
15778382,60,11,1,1,20,2,1.0,13,1
15780532,60,12,1,1,20,2,4.0,20,1
15788273,60,11,4,1,20,7,4.0,1,4
15793202,60,2,1,2,1,7,4.0,1,2
15795040,40,11,1,1,20,2,3.0,14,1
15806810,60,11,1,1,20,2,4.0,20,1
15807393,60,11,1,1,1,2,4.0,21,1
15811280,60,11,6,1,20,2,4.0,22,1
15813336,60,11,1,1,20,2,1.0,20,1
15814167,60,12,1,1,20,2,4.0,21,1
15820179,60,11,1,1,20,2,4.0,20,1
15827274,60,12,1,1,20,2,4.0,21,1
15832760,60,12,4,1,20,2,4.0,21,1
15839909,60,11,1,1,20,2,4.0,20,1
15844487,60,11,1,1,20,2,4.0,20,1
15863615,60,11,1,1,20,2,4.0,20,1
15870377,40,12,1,1,20,2,4.0,21,1
15872670,60,11,1,1,20,2,4.0,20,1
15875072,65,11,1,1,20,2,4.0,21,1
15886237,60,11,1,1,20,2,4.0,20,1
15905505,60,11,1,1,20,2,2.0,21,1
15905979,60,2,3,2,20,7,4.0,1,2
15906595,60,11,4,1,20,2,4.0,22,1
15915773,30,11,1,1,20,2,3.0,10,1
15920308,60,11,4,1,20,2,4.0,21,1
15923126,60,11,1,1,20,2,4.0,20,1
15932320,60,11,1,1,20,2,4.0,20,1
15936369,60,11,1,2,20,7,4.0,1,2
15950436,60,11,1,1,20,2,4.0,20,1
15959212,60,11,1,1,20,2,4.0,21,1
15961859,30,11,1,1,20,2,4.0,22,1
15966075,65,12,1,1,20,2,4.0,20,1
15966800,60,11,1,1,20,2,4.0,20,1
15967668,60,11,1,1,20,2,4.0,21,1
15983154,65,11,1,1,20,2,4.0,22,1
15986543,60,12,3,1,20,7,2.0,1,2
15992480,30,11,1,1,20,2,4.0,20,1
15993329,60,11,4,1,20,2,4.0,20,1
15999715,60,11,1,1,1,2,4.0,22,1
16003252,65,11,3,1,20,2,4.0,20,1
16003497,35,2,4,2,20,2,4.0,21,1
16006201,60,11,1,1,1,2,4.0,20,1
16006712,60,11,4,1,20,2,4.0,20,1
16021984,60,11,1,1,20,2,4.0,21,1
16026468,60,11,1,1,20,7,4.0,1,2
16038034,65,11,1,1,20,2,4.0,20,1
16038248,60,11,1,1,20,2,4.0,20,1
16040513,45,11,4,1,1,2,3.0,10,1
16045049,60,11,1,1,20,2,4.0,20,1
16045326,60,11,4,1,1,4,2.0,1,3
16048220,65,11,1,1,1,2,4.0,22,1
16049927,45,11,1,1,5,2,1.0,23,1
16053399,60,11,1,1,20,2,4.0,21,1
16064970,65,11,1,1,1,2,4.0,21,1
16068659,60,11,1,1,20,2,4.0,22,1
16076817,60,11,1,1,20,2,4.0,20,1
16082374,65,2,4,2,20,2,4.0,21,1
16082995,60,11,1,1,1,2,4.0,21,1
16084134,60,11,1,1,20,2,4.0,22,1
16084548,60,11,1,1,20,2,4.0,21,1
16084651,60,11,1,1,20,2,4.0,20,1
16087210,65,11,1,1,20,2,4.0,20,1
16089573,40,11,4,1,20,2,3.0,14,1
16095316,65,11,3,1,20,2,4.0,20,1
16112203,60,11,1,1,20,2,4.0,20,1
16136831,60,11,1,1,20,2,4.0,20,1
16145762,60,11,3,1,20,2,4.0,20,1
16152990,60,2,1,2,20,2,4.0,21,1
16155471,60,12,1,1,20,2,4.0,20,1
16164835,60,11,1,1,20,2,4.0,21,1
16165757,60,11,1,1,20,2,4.0,20,1
16182119,60,12,1,1,1,2,4.0,21,1
16178184,60,11,4,1,20,2,4.0,20,1
16191081,65,11,4,1,20,2,4.0,20,1
16192194,60,11,1,1,1,2,4.0,21,1
16193446,60,12,1,1,20,2,4.0,21,1
16205412,65,3,1,6,20,2,4.0,21,1
16209977,65,11,1,1,20,7,4.0,1,2
16214077,60,3,1,6,20,2,4.0,20,1
16215859,65,11,4,1,1,7,4.0,1,2
16217107,65,11,1,1,20,7,4.0,1,1
16217245,65,3,1,6,20,2,4.0,21,1
16217246,60,11,1,1,20,7,4.0,1,2
16219308,30,2,4,2,20,7,4.0,1,2
16227438,45,12,1,1,5,2,2.0,13,1
16229852,60,11,1,1,20,2,4.0,21,1
16230324,60,11,1,1,20,2,4.0,31,1
16234298,60,11,4,1,20,2,4.0,21,1
16241027,60,12,1,1,20,2,4.0,20,1
16244900,60,12,1,2,1,2,4.0,20,1
16253055,60,11,1,1,20,2,4.0,20,1
16253611,60,11,4,1,20,2,4.0,21,1
16253616,60,12,1,1,20,2,4.0,21,1
16253676,60,11,4,1,20,7,4.0,1,2
16260390,65,11,1,1,20,2,4.0,20,1
16266330,60,2,1,2,1,2,4.0,20,1
16275963,65,12,4,1,1,2,4.0,21,1
16277968,65,12,1,2,1,2,4.0,21,1
16279140,60,11,4,1,20,2,4.0,20,1
16291151,40,11,1,1,20,2,4.0,20,1
16294125,60,11,1,1,20,2,4.0,20,1
16297622,60,2,4,2,20,7,4.0,1,2
16297625,60,11,1,1,20,2,4.0,22,1
16303425,60,11,4,1,20,2,4.0,20,1
16306043,65,11,4,1,20,2,4.0,20,1
16306635,65,11,1,1,12,2,4.0,21,1
16311878,60,11,1,1,11,2,4.0,20,1
16315289,60,11,4,1,20,2,4.0,20,1
16317128,65,12,4,1,20,2,4.0,20,1
16319357,60,11,1,1,20,2,4.0,21,1
16323706,60,2,1,2,20,2,4.0,20,1
16324980,60,11,1,1,20,2,4.0,20,1
16327713,60,0,1,0,20,2,4.0,21,1
16337949,60,11,6,1,20,2,4.0,21,1
16339827,60,11,1,1,20,2,4.0,21,1
16340506,60,11,6,1,20,2,4.0,21,1
16342665,60,12,4,2,20,2,4.0,21,1
16343002,60,11,4,1,20,2,4.0,21,1
16347479,65,11,4,1,20,7,4.0,1,4
16372222,45,12,1,2,5,2,1.0,14,1
16373170,60,11,1,1,20,2,4.0,21,1
16373406,55,11,1,1,20,2,4.0,20,1
16377096,60,11,1,1,20,2,4.0,21,1
16379961,60,11,1,1,20,2,4.0,21,1
16387562,60,11,1,1,20,2,4.0,21,1
16389984,60,12,1,1,21,2,4.0,20,1
16391010,30,11,1,1,20,2,4.0,21,1
16391059,35,11,1,1,20,2,4.0,20,1
16391064,60,11,1,1,20,2,4.0,20,1
16401035,60,11,1,1,20,7,2.0,1,2
16404397,60,11,1,1,20,2,4.0,20,1
16416070,60,11,1,1,20,2,4.0,21,1
16423142,60,11,4,1,11,2,4.0,20,1
16425313,35,2,1,2,20,2,3.0,14,1
16429399,60,11,4,1,20,2,4.0,20,1
16471240,60,2,1,2,20,2,4.0,21,1
16473886,60,11,1,1,20,2,4.0,20,1
16474770,60,2,1,2,1,7,4.0,1,2
16485573,60,11,4,1,20,2,4.0,21,1
16486750,60,11,1,1,1,2,4.0,20,1
16488159,60,12,5,1,20,2,4.0,21,1
16488306,60,11,1,1,20,2,4.0,21,1
16495440,60,11,1,1,20,2,4.0,20,1
16495503,60,11,1,1,20,2,4.0,20,1
16506045,60,11,4,1,20,2,4.0,20,1
16510009,60,11,1,1,20,2,4.0,21,1
16512428,65,2,4,2,20,7,4.0,1,2
16529654,60,11,1,1,1,2,4.0,20,1
16531633,30,11,1,1,20,2,4.0,21,1
16535407,65,11,4,1,20,7,4.0,1,2
16535427,60,11,1,1,20,2,4.0,22,1
16540599,60,11,1,1,20,2,4.0,20,1
16545365,60,11,1,1,20,2,4.0,20,1
16546982,60,11,1,1,20,2,4.0,20,1
16551574,60,11,1,1,1,2,4.0,20,1
16565297,60,11,4,1,1,2,4.0,20,1
16566203,60,12,1,2,20,2,4.0,21,1
16573646,45,11,1,1,2,2,2.0,20,1
16577301,60,11,1,1,20,2,4.0,20,1
16585502,60,11,1,1,20,2,4.0,21,1
16585542,35,11,1,1,20,2,3.0,12,2
16598829,60,11,1,1,20,2,4.0,20,1
16601475,45,11,1,1,1,2,4.0,22,1
16607172,60,11,1,1,20,2,4.0,20,1
16607418,65,11,1,1,1,2,4.0,21,1
16611258,65,12,1,2,20,2,4.0,20,1
16611263,60,11,1,1,20,2,4.0,20,1
16616079,60,12,1,1,20,2,4.0,22,1
16620451,60,2,4,2,20,7,2.0,1,2
16630552,65,11,4,1,20,7,4.0,1,2
16632048,30,12,1,1,20,2,1.0,10,1
16632258,30,0,1,0,20,2,4.0,21,1
16637622,60,11,1,1,20,2,4.0,22,1
16638084,65,0,1,0,20,2,2.0,20,1
16640861,60,12,1,1,20,2,4.0,21,1
16640869,50,12,4,2,20,7,4.0,1,2
16652710,65,12,4,0,1,2,4.0,21,1
16655609,60,12,1,1,20,2,4.0,21,1
16659366,60,12,1,1,20,2,4.0,21,1
16682475,50,12,1,1,20,2,4.0,21,1
16683979,60,2,4,2,20,2,4.0,20,1
16690594,-1,11,1,1,20,2,4.0,21,1
16691875,65,11,4,1,20,9,4.0,5,1
16692921,60,11,1,1,20,4,4.0,1,2
16693875,60,2,1,2,20,2,4.0,20,1
16697453,65,12,1,2,20,2,4.0,21,1
16699315,60,11,4,1,20,7,4.0,1,2
16703929,65,12,1,1,20,2,4.0,20,1
16705419,35,12,1,1,1,2,4.0,21,1
16721578,60,12,1,1,20,2,4.0,21,1
16724159,60,2,4,2,20,2,4.0,35,1
16725622,60,11,1,1,20,2,4.0,21,1
16730809,60,11,3,1,20,2,4.0,21,1
16730811,60,11,1,1,20,2,4.0,21,1
16730933,60,11,1,1,20,2,4.0,21,1
16738420,60,11,1,1,20,2,4.0,22,1
16739468,60,11,4,1,20,7,4.0,1,4
16765954,60,11,3,1,20,2,4.0,20,1
16765957,60,11,1,1,20,2,4.0,20,1
16766200,60,11,1,1,20,2,4.0,20,1
16766202,60,11,1,1,1,2,4.0,20,1
16767223,65,11,4,1,20,7,4.0,1,2
16770963,60,11,4,1,20,2,4.0,20,1
16771648,60,11,1,1,1,7,2.0,1,2
16785184,55,11,4,1,1,2,4.0,22,1
16793713,40,11,4,1,5,7,2.0,1,4
16793783,65,11,1,1,20,2,4.0,21,1
16799722,-1,11,1,1,20,2,4.0,21,1
16810207,35,11,0,0,20,2,4.0,20,1
16814452,60,5,4,1,20,10,4.0,1,1
16866205,60,11,2,1,20,2,4.0,20,1
16872264,60,5,3,1,20,7,4.0,1,4
16832854,65,2,4,2,20,2,4.0,20,1
16834909,35,2,4,2,20,2,4.0,21,1
16836274,35,2,1,2,20,2,3.0,10,1
16854938,50,11,1,1,8,2,1.0,10,1
16873946,45,12,4,1,20,2,4.0,21,1
16883175,60,2,4,2,20,9,4.0,1,1
16890024,55,11,1,1,20,2,4.0,20,1
16891882,60,11,4,1,1,7,4.0,1,2
16896551,65,11,6,1,20,2,4.0,20,1
16899072,50,11,1,1,5,2,1.0,21,1
16900579,60,11,5,1,20,2,4.0,20,1
16902754,60,12,1,1,20,2,4.0,20,1
16907924,60,11,6,1,20,8,4.0,1,1
16910201,65,11,3,1,20,2,4.0,20,1
16910891,60,11,1,1,20,2,4.0,21,1
16913457,60,11,4,1,20,7,4.0,1,2
16915750,60,11,1,1,1,7,4.0,1,2
16918248,65,12,1,1,20,2,4.0,20,1
16918858,65,12,1,1,20,2,4.0,20,1
16921350,55,11,1,1,20,2,4.0,20,1
16924275,35,12,1,1,20,2,3.0,34,1
16924412,65,12,5,1,20,2,4.0,21,1
16925683,-1,12,1,2,1,2,4.0,21,1
16925772,60,2,1,2,17,2,4.0,20,1
16928806,40,2,4,2,20,7,4.0,1,4
16932384,60,12,1,1,20,2,4.0,20,1
16937413,60,5,4,2,20,7,4.0,1,4
16939336,65,2,4,2,20,7,4.0,1,1
16940881,60,12,3,1,20,2,4.0,20,1
16944706,60,12,1,1,20,2,4.0,20,1
16945139,65,11,1,1,20,2,4.0,22,1
16962270,60,11,1,1,20,2,4.0,20,1
16963413,65,11,4,1,20,2,4.0,21,1
16964244,65,11,1,1,20,2,4.0,21,1
16964545,60,11,1,1,1,2,4.0,21,1
16967698,60,11,1,1,20,2,4.0,20,1
16976406,60,11,1,1,20,2,4.0,20,1
17002194,60,11,1,1,20,2,4.0,20,1
17009597,60,12,1,2,20,7,4.0,1,4
17010043,60,11,1,1,20,2,4.0,20,1
17012385,60,11,1,1,20,2,4.0,20,1
17012915,65,2,1,2,20,2,4.0,20,1
17013061,60,11,3,1,20,2,4.0,20,1
17013266,60,11,1,2,20,2,4.0,20,1
17016946,60,11,4,2,20,7,4.0,1,2
17017613,60,12,1,1,20,2,4.0,20,1
17020410,65,11,1,1,1,2,4.0,20,1
17022297,65,11,1,1,20,2,4.0,20,1
17025785,60,11,1,1,20,2,4.0,20,1
17030915,65,12,1,1,20,2,4.0,20,1