Crash_ID,Crash_Speed_Limit,Wthr_Cond_ID,Light_Cond_ID,Surf_Cond_ID,Traffic_Cntl_ID,Harm_Evnt_ID,Intrsct_Relat_ID,FHE_Collsn_ID,Road_Relat_ID
17063161,60,2,1,2,20,2,4.0,21,1
17070814,60,12,4,2,20,7,4.0,1,4
17074112,50,11,1,1,20,2,1.0,10,1
17075651,60,12,4,2,20,9,4.0,1,1
17075710,40,2,1,2,5,2,2.0,20,1
17080472,65,11,4,1,20,4,4.0,1,3
17087087,65,11,1,1,20,2,4.0,20,1
17087345,60,11,1,1,20,7,4.0,1,4
17099335,65,11,1,1,20,2,4.0,21,1
17106974,65,2,1,2,20,2,4.0,20,1
17113269,60,12,1,1,20,2,4.0,20,1
17122397,60,11,4,1,20,2,4.0,30,1
17149734,60,11,1,1,20,2,4.0,21,1
17154689,60,11,1,1,11,2,4.0,21,1
17155413,65,11,4,1,20,2,4.0,21,1
17160874,60,11,1,1,1,2,4.0,20,1
17165793,65,11,4,1,1,2,4.0,21,1
17166309,65,11,1,1,20,7,4.0,1,2
17168919,60,2,1,2,20,2,4.0,20,1
17172751,60,11,1,1,20,2,4.0,21,1
17177340,60,11,1,1,20,2,4.0,20,1
17179336,60,11,1,1,20,7,4.0,1,2
17179666,60,11,1,1,20,7,4.0,1,4
17182574,35,11,1,1,20,2,1.0,24,1
17182626,60,11,1,1,20,2,4.0,21,1
17186719,60,11,4,1,20,7,4.0,1,2
17196297,60,11,1,1,20,2,4.0,20,1
17208530,60,11,4,1,20,2,4.0,21,1
17244733,35,11,4,1,1,2,4.0,20,1
17251336,60,11,1,1,20,2,4.0,20,1
17254490,15,11,1,1,20,2,4.0,20,1
17255336,60,11,4,1,20,7,4.0,1,2
17259274,60,11,1,1,20,2,4.0,20,1
17269447,30,11,1,1,1,2,3.0,10,1
17269692,65,11,6,1,20,7,4.0,1,2
17272054,60,11,1,1,20,2,4.0,20,1
17273516,60,11,1,1,20,10,4.0,1,2
17275027,60,11,1,1,20,2,4.0,20,1
17282767,60,11,1,1,1,2,4.0,20,1
17284894,65,11,1,1,20,2,4.0,21,1
17286932,35,11,1,1,1,10,4.0,1,1
17298650,60,12,1,1,20,2,4.0,10,1
17300564,60,12,4,2,20,7,4.0,1,4
17304474,60,11,1,1,20,7,4.0,1,4
17310679,60,11,4,1,20,2,4.0,20,1
17313369,60,11,1,1,20,2,4.0,21,1
17319544,40,11,3,1,10,10,4.0,1,2
17326622,60,11,1,1,20,7,4.0,1,2
17326626,60,11,1,1,20,2,4.0,20,1
17329962,60,11,6,1,20,2,4.0,20,1
17332291,55,11,1,1,1,2,4.0,20,1
17338726,60,11,1,1,20,2,4.0,20,1
17342998,65,11,1,1,11,2,4.0,21,1
17347838,60,11,1,1,20,2,4.0,22,1
17368512,60,2,4,2,20,7,4.0,1,4
17369320,60,11,1,1,20,2,4.0,20,1
17370432,65,11,4,1,20,2,4.0,20,1
17373040,60,12,1,1,20,2,4.0,21,1
17373044,70,11,1,1,1,10,4.0,1,1
17374998,40,12,4,1,20,2,2.0,24,1
17378073,50,11,1,1,20,2,1.0,24,1
17387288,60,11,1,1,1,2,4.0,21,1
17392182,60,2,4,2,20,2,4.0,21,1
17396910,60,2,1,2,20,2,4.0,21,1
17396914,60,11,1,1,1,10,4.0,1,1
17399197,60,11,1,1,20,2,4.0,21,1
17406153,60,12,1,1,20,2,4.0,21,1
17411289,65,11,1,1,1,2,4.0,20,1
17423537,30,11,5,1,20,7,4.0,1,2
17428395,60,11,1,1,20,2,4.0,21,1
17436690,60,11,4,1,20,2,4.0,20,1
17457566,65,11,4,1,20,9,4.0,1,2
17458142,60,11,4,1,20,2,4.0,31,1
17463544,60,11,1,1,20,2,4.0,21,1
17466339,60,11,1,1,20,2,4.0,20,1
17467555,60,11,1,1,20,2,4.0,21,1
17476599,60,11,1,1,20,2,4.0,21,1
17478241,60,11,4,1,20,2,4.0,22,1
17483007,65,12,5,1,1,2,4.0,20,1
17483965,55,11,1,1,11,2,4.0,21,1
14199855,50,2,3,2,20,2,4.0,21,1
14199981,45,2,1,2,20,7,2.0,1,2
14202046,45,2,4,2,5,2,1.0,24,1
14202507,35,2,1,2,20,2,4.0,21,1
14202906,60,2,4,2,20,2,4.0,20,1
14212038,60,11,1,1,1,2,4.0,20,1
14212891,50,11,1,1,1,2,4.0,20,1
14216483,60,11,1,1,20,2,4.0,22,1
14216516,60,12,1,1,20,2,4.0,20,1
14216973,35,12,1,1,11,2,4.0,20,1
14219223,60,12,1,1,20,2,4.0,22,1
14219392,55,2,3,2,1,7,4.0,1,4
14220137,45,12,1,1,20,2,4.0,21,1
14221792,40,12,1,1,5,2,1.0,10,1
14223521,55,12,3,1,20,2,4.0,20,1
14225609,60,11,1,1,20,2,4.0,21,1
14227648,60,11,1,1,20,2,4.0,21,1
14228125,55,11,1,1,1,2,4.0,21,1
14228126,60,11,1,1,20,2,4.0,20,1
14230015,40,11,1,1,20,2,2.0,22,1
14231455,60,11,1,1,20,2,4.0,20,1
14231885,45,11,4,1,1,7,2.0,2,2
14235938,50,11,3,1,20,7,4.0,1,4
14236376,45,11,1,1,9,2,2.0,22,1
14236922,60,2,1,2,20,2,4.0,21,1
14237580,60,12,4,1,20,7,4.0,1,2
14237589,60,12,4,1,20,2,4.0,21,1
14238865,65,11,1,1,20,8,4.0,1,1
14239015,35,2,1,2,1,2,2.0,21,1
14239031,60,11,1,1,20,2,4.0,20,1
14240786,60,11,1,1,20,2,4.0,20,1
14243022,50,12,1,1,20,7,4.0,1,2
14243304,65,11,6,1,20,2,4.0,20,1
14243512,60,12,4,3,20,2,4.0,20,1
14243622,60,12,1,1,20,2,4.0,22,1
14244565,50,11,3,1,5,2,2.0,20,1
14245805,50,11,1,2,20,2,2.0,10,1
14246873,50,12,1,1,8,2,2.0,13,1
14247075,60,11,4,1,20,7,4.0,1,2
14247076,45,11,1,1,20,7,4.0,1,4
14247466,60,11,1,1,20,2,4.0,20,1
14247525,60,11,1,1,20,2,4.0,21,1
14248522,45,11,1,1,20,7,4.0,1,2
14249499,60,2,1,2,20,2,4.0,21,1
14249709,60,11,1,1,20,2,4.0,21,1
14250268,60,2,4,2,20,2,4.0,20,1
14250269,60,2,4,2,20,2,4.0,20,1
14252218,60,11,1,1,20,2,4.0,21,1
14253981,60,12,1,2,20,7,4.0,1,4
14254115,65,11,1,1,20,2,4.0,20,1
14254354,50,12,4,1,20,2,4.0,20,1
14258195,65,11,4,1,20,2,4.0,21,1
14259964,45,2,1,2,1,2,2.0,14,1
14259966,45,11,1,1,5,2,2.0,20,1
14260079,60,12,1,1,1,2,4.0,20,1
14261077,60,11,4,1,20,2,4.0,21,1
14261314,60,11,4,1,1,8,4.0,1,1
14261605,45,11,4,1,20,2,4.0,20,1
14264055,60,12,1,1,20,2,4.0,21,1
14266539,35,12,6,1,1,2,4.0,20,1
14266550,60,11,1,1,20,2,4.0,20,1
14266665,45,11,4,1,9,7,2.0,1,4
14266836,45,11,1,1,5,2,4.0,21,1
14267562,60,5,1,1,20,2,4.0,20,1
14268209,60,11,1,1,20,2,4.0,21,1
14268490,60,11,1,1,1,2,4.0,21,1
14270659,-1,12,1,2,7,2,4.0,20,1
14270748,60,11,5,1,20,2,4.0,20,1
14270988,50,12,4,1,20,2,4.0,20,1
14271009,60,11,4,1,20,7,4.0,1,2
14271145,60,12,4,1,20,7,2.0,1,4
14273601,60,12,1,1,20,2,4.0,21,1
14273657,35,11,1,1,5,2,2.0,20,1
14273742,60,11,1,1,20,7,4.0,1,2
14275611,60,11,4,1,20,7,2.0,1,4
14277822,60,11,1,1,20,2,4.0,20,1
14277992,50,11,1,1,5,2,1.0,10,1
14278293,40,2,1,2,1,2,4.0,21,1
14278295,60,2,1,2,20,2,4.0,21,1
14280789,60,11,4,1,20,2,4.0,20,1
14283076,50,2,4,2,1,2,4.0,20,1
14283121,60,11,1,1,20,2,4.0,20,1
14283505,45,11,1,1,5,2,1.0,18,1
14285951,45,12,1,1,5,2,1.0,10,1
14287574,45,11,4,1,20,2,2.0,22,1
14287623,65,11,4,1,20,2,4.0,31,1
14290131,60,11,1,1,20,2,4.0,20,1
14290604,60,12,1,1,20,2,4.0,21,1
14290699,65,11,5,1,20,2,4.0,20,1
14291101,60,11,4,1,20,2,4.0,20,1
14294548,60,11,1,1,1,2,4.0,21,1
14298735,40,2,4,2,1,2,4.0,20,1
14299090,45,11,4,1,20,2,3.0,22,1
14299119,45,12,4,2,9,2,1.0,14,1
14300772,45,12,1,2,20,2,4.0,20,1
14300885,45,12,1,1,1,2,4.0,21,1
14301208,60,12,1,1,20,2,4.0,20,1
14301209,45,12,1,2,5,2,2.0,22,1
14305145,45,11,1,1,5,2,4.0,20,1
14307786,55,2,1,2,1,2,3.0,13,1
14308370,45,11,4,1,20,2,2.0,21,1
14308485,60,11,4,1,1,7,4.0,1,4
14308790,50,11,1,1,20,2,3.0,13,1
14309315,60,11,4,1,1,2,4.0,20,1
14309516,45,2,4,2,20,7,2.0,1,4
14309552,40,12,3,1,20,1,4.0,1,1
14309664,60,11,4,1,20,7,2.0,1,4
14310851,35,11,1,1,20,2,4.0,20,1
14312370,60,12,1,1,20,2,4.0,20,1
14314033,65,12,1,1,1,2,4.0,20,1
14314049,60,2,3,2,1,2,4.0,21,1
14317108,60,2,2,1,20,2,4.0,20,1
14317114,60,12,1,1,20,2,4.0,20,1
14321146,65,2,4,2,20,7,4.0,1,4
14322955,65,2,4,2,20,7,4.0,1,2
14323834,65,2,1,2,1,7,4.0,1,2
14325010,60,11,1,1,20,2,4.0,20,1
14325974,65,2,1,2,1,2,4.0,20,1
14327529,45,12,1,2,1,2,4.0,21,1
14327561,35,12,1,1,20,2,4.0,21,1
14327718,45,2,4,2,20,7,2.0,3,4
14329847,60,12,1,1,20,2,4.0,21,1
14336579,60,12,3,1,20,2,4.0,20,1
14337254,65,12,1,1,11,2,4.0,21,1
14340808,60,2,4,2,20,2,4.0,20,1
14341662,60,11,4,2,20,2,4.0,20,1
14342191,50,11,4,1,5,2,2.0,22,1
14342991,60,11,1,1,20,2,4.0,21,1
14343314,60,11,1,1,20,2,4.0,20,1
14343335,60,11,1,1,20,2,4.0,22,1
14346494,65,11,4,1,20,7,4.0,1,2
14347264,65,11,1,1,1,2,4.0,20,1
14347375,60,11,1,1,20,2,4.0,20,1
14347968,60,12,1,2,20,2,4.0,20,1
14348562,40,11,4,1,20,7,4.0,1,2
14350998,65,11,1,1,20,2,4.0,20,1
14351180,60,11,1,1,20,7,4.0,1,4
14351272,60,11,1,1,20,2,4.0,20,1
14351301,60,11,1,1,20,2,4.0,20,1
14351454,40,11,1,1,1,2,4.0,21,1
14351705,60,11,1,1,20,2,4.0,22,1
14351838,60,11,1,1,20,2,4.0,31,1
14351933,60,11,4,1,20,2,4.0,21,1
14352258,65,11,1,1,20,2,4.0,22,1
14354133,55,11,4,1,5,2,2.0,22,1
14357872,60,2,1,2,20,7,4.0,1,4
14358073,60,11,1,1,1,2,4.0,20,1
14358200,65,11,1,1,20,2,4.0,22,1
14358242,45,12,1,1,1,2,3.0,17,1
14358358,60,11,1,1,20,2,4.0,20,1
14360019,45,11,1,1,20,2,1.0,20,1
14360454,45,11,4,1,5,7,2.0,1,4
14361346,45,11,1,1,20,7,4.0,1,2
14361471,60,11,4,1,20,2,4.0,20,1
14362954,60,2,1,2,20,7,4.0,1,2
14363308,60,2,1,2,20,2,4.0,21,1
14363324,70,12,1,1,1,2,4.0,21,1
14363822,60,12,1,1,20,2,4.0,20,1
14364999,40,12,1,1,9,2,2.0,22,1
14365890,60,12,1,1,20,2,4.0,20,1
14366420,45,12,1,1,20,2,2.0,20,1
14366657,65,12,1,1,11,2,4.0,22,1
14366865,60,11,4,1,20,8,4.0,1,1
14367555,50,11,1,1,9,2,1.0,14,1
14368608,60,12,1,1,20,2,4.0,22,1
14368678,35,11,4,1,20,2,1.0,34,1
14370086,60,11,1,1,20,2,4.0,20,1
14370465,65,12,1,1,20,2,4.0,20,1
14370683,45,11,1,1,20,2,4.0,20,1
14370821,45,12,4,1,5,2,1.0,10,1
14370851,60,12,1,1,20,2,4.0,20,1
14372424,45,2,1,2,1,2,4.0,21,1
14373285,45,11,1,1,20,2,4.0,20,1
14373508,60,11,4,1,20,7,4.0,1,4
14373761,45,2,1,2,11,2,4.0,20,1
14376227,60,12,1,1,20,2,4.0,20,1
14376272,60,12,1,2,20,2,4.0,20,1
14376610,65,12,1,2,20,2,4.0,20,1
14376707,60,11,1,1,20,2,2.0,21,1
14376733,45,12,1,1,5,2,2.0,20,1
14376816,65,11,1,1,20,2,4.0,20,1
14376889,60,11,4,1,1,8,4.0,1,1
14379193,60,11,1,1,1,2,4.0,20,1
14380941,65,11,1,1,1,2,4.0,21,1
14381231,45,11,1,1,20,2,4.0,20,1
14381909,60,11,4,1,20,7,4.0,1,4
14383063,55,11,1,1,20,2,4.0,22,1
14384065,50,2,1,2,20,2,4.0,20,1
14384396,45,11,1,1,20,2,2.0,20,1
14385902,60,11,1,1,20,7,4.0,1,2
14385944,45,2,1,2,20,2,4.0,21,1
14386799,50,2,4,2,20,2,4.0,20,1
14387019,45,2,4,2,1,2,4.0,21,1
14388514,45,12,1,1,20,2,4.0,20,1
14389373,65,12,1,1,20,7,4.0,1,2
14389573,65,12,1,2,1,2,4.0,20,1
14389586,65,11,4,1,1,2,4.0,20,1
14391737,45,11,1,1,20,2,1.0,10,1
14396713,60,12,1,1,20,2,4.0,21,1
14396729,60,2,1,2,20,2,4.0,21,1
14396852,60,12,4,1,20,2,4.0,22,1
14396871,50,11,4,1,20,2,4.0,21,1
14399019,60,2,4,2,20,2,4.0,20,1
14399074,45,11,1,1,20,2,4.0,21,1
14399088,60,12,1,1,20,2,4.0,21,1
14399748,55,12,1,1,20,2,4.0,21,1
14400796,65,12,1,1,1,2,4.0,20,1
14402567,60,11,1,1,20,2,4.0,21,1
14404932,60,12,1,1,20,2,4.0,20,1
14405365,45,11,1,1,20,2,3.0,23,1
14407700,60,11,1,1,20,2,4.0,20,1
14408748,50,11,1,1,5,2,4.0,20,1
14411018,60,11,1,1,20,2,4.0,22,1
14411125,60,11,1,1,20,7,4.0,1,4
14413456,45,12,1,1,5,2,4.0,20,1
14415140,45,11,1,1,20,7,2.0,1,4
14417406,60,12,1,1,20,2,4.0,20,1
14417632,60,11,1,1,20,2,4.0,22,1
14418622,35,12,1,1,20,2,4.0,20,1
14419142,60,12,4,1,20,2,4.0,21,1
14421692,60,12,1,1,1,2,4.0,20,1
14421789,60,12,4,1,20,2,4.0,22,1
14421901,60,12,1,1,20,2,4.0,21,1
14423409,60,12,1,1,20,2,4.0,21,1
14423541,45,11,4,1,1,2,4.0,21,1
14423543,65,11,4,1,1,2,4.0,21,1
14423979,45,12,4,2,5,2,1.0,10,1
14424328,45,11,4,1,20,2,3.0,13,1
14424679,65,12,1,1,1,2,4.0,21,1
14425080,45,2,4,2,20,7,4.0,1,4
14427057,60,12,1,1,20,2,4.0,22,1
14429067,60,11,1,1,20,2,4.0,20,1
14429362,60,12,1,1,20,2,4.0,20,1
14429469,45,11,4,1,20,2,4.0,20,1
14429497,60,12,4,1,20,2,4.0,20,1
14429499,50,12,1,1,20,2,4.0,22,1
14429793,45,11,1,1,5,2,4.0,24,1
14431625,60,12,1,1,20,2,4.0,20,1
14434242,65,2,1,2,20,2,4.0,20,1
14434253,45,2,6,2,1,2,4.0,20,1
14436009,60,2,1,2,20,2,4.0,22,1
14437045,65,11,1,1,20,2,4.0,20,1
14437114,60,12,1,1,20,2,4.0,22,1
14438271,60,11,1,1,11,2,4.0,20,1
14438272,60,11,1,1,11,2,4.0,21,1
14438457,45,11,1,1,9,2,2.0,22,1
14438514,45,11,1,1,20,2,4.0,20,1
14438577,45,12,1,2,9,2,2.0,14,1
14440172,45,11,4,1,20,2,2.0,14,1
14440207,60,11,4,1,1,7,4.0,1,4
14443351,60,2,1,2,20,2,4.0,21,1
14446468,50,12,1,1,1,2,4.0,21,1
14446482,45,11,1,1,20,2,2.0,22,1
14446494,45,11,1,1,20,2,2.0,20,1
14446607,45,11,1,2,20,2,2.0,20,1
14447750,60,12,1,1,20,2,4.0,20,1
14448226,40,11,1,1,11,2,4.0,20,1
14448284,60,2,1,2,20,2,4.0,21,1
14448665,50,12,1,1,20,2,4.0,20,1
14448819,60,11,4,1,1,2,4.0,21,1
14448956,6,11,4,1,20,2,4.0,20,1
14449716,45,12,1,1,11,2,4.0,20,1
14450787,60,2,1,2,20,2,4.0,20,1
14450797,60,11,1,1,20,2,4.0,20,1
14453705,65,2,4,2,20,8,4.0,1,1
14455458,60,2,1,2,20,2,4.0,20,1
14455481,60,11,1,1,20,2,4.0,20,1
14455533,60,12,1,1,20,2,4.0,21,1
14457714,60,2,1,2,20,2,4.0,20,1
14457719,60,12,4,1,20,2,4.0,21,1
14459983,60,12,1,2,20,2,4.0,20,1
14460069,35,2,1,2,20,2,2.0,20,1
14460070,45,12,1,1,20,2,3.0,13,1
14463389,65,11,1,1,11,2,4.0,20,1
14465348,60,11,1,1,20,2,4.0,22,1
14465535,50,11,1,1,20,2,4.0,21,1
14467985,45,11,1,1,20,2,4.0,21,1
14468762,45,12,1,2,5,2,2.0,25,1
14469399,50,11,1,1,1,2,4.0,21,1
14469747,60,12,1,1,1,2,4.0,20,1
14471374,45,11,1,1,20,2,4.0,21,1
14471959,60,11,1,1,20,7,4.0,1,2
14472191,60,11,1,1,20,2,4.0,20,1
14472192,30,2,1,2,20,7,4.0,1,2
14472646,60,11,1,1,20,2,4.0,20,1
14472852,45,11,4,1,20,2,4.0,20,1
14473147,60,11,4,1,20,7,4.0,1,4
14474565,60,12,1,1,20,2,4.0,20,1
14474759,55,12,1,1,20,2,4.0,20,1
14476905,60,12,1,1,20,2,4.0,20,1
14479466,65,11,1,1,11,7,4.0,1,4
14479670,45,11,1,1,20,2,3.0,22,1
14479695,60,11,4,1,20,2,4.0,21,1
14479887,60,11,1,1,20,2,4.0,20,1
14480386,45,11,1,1,9,2,2.0,22,1
14481229,60,12,1,1,1,2,4.0,20,1
14482082,50,11,4,1,20,7,2.0,3,4
14483808,60,11,1,1,20,2,4.0,20,1
14483875,60,11,1,1,1,2,4.0,20,1
14484052,60,11,1,1,20,2,2.0,20,1
14484633,65,11,4,1,20,2,2.0,20,1
14488054,35,11,1,1,5,2,1.0,25,1
14488055,50,11,1,1,20,2,2.0,20,1
14489598,60,11,4,1,11,8,4.0,1,1
14489982,40,12,1,1,5,2,1.0,10,1
14493085,45,11,4,1,20,2,4.0,21,1
14494335,60,2,4,2,1,7,4.0,1,2
14496494,60,11,1,1,20,2,4.0,21,1
14496519,45,12,1,1,20,2,4.0,20,1
14497306,60,11,4,1,20,2,4.0,21,1
14497606,45,11,1,1,1,2,4.0,21,1
14499441,45,12,1,1,1,2,4.0,21,1
14499682,65,11,4,1,20,8,4.0,1,1
14502225,65,11,4,1,20,7,4.0,1,2
14502599,60,11,1,1,20,2,4.0,20,1
14503112,45,12,1,1,20,2,3.0,10,1
14503125,60,11,1,1,20,2,4.0,20,1
14503145,60,11,4,1,20,10,4.0,1,3
14503303,45,11,1,1,20,2,1.0,21,1
14504710,35,11,1,1,9,2,3.0,14,1
14505082,60,11,1,1,20,2,4.0,22,1
14505085,50,12,1,1,20,2,4.0,20,1
14505098,60,11,4,1,1,7,4.0,1,2
14505119,50,11,1,1,20,2,1.0,10,1
14505146,65,12,1,1,1,2,4.0,20,1
14505148,45,11,4,1,1,2,4.0,20,1
14505259,60,11,4,1,20,7,2.0,1,4
14505866,35,11,1,1,5,2,2.0,22,1
14507023,40,11,4,1,5,2,4.0,23,1
14507050,50,11,4,1,20,7,4.0,1,2
14507422,45,11,1,1,20,2,2.0,21,1
14507432,60,11,1,1,20,2,4.0,20,1
14507437,60,11,1,1,20,2,4.0,20,1
14507680,60,11,4,1,1,2,4.0,20,1
14508147,60,12,1,1,20,2,4.0,20,1
14508164,60,11,4,1,20,2,4.0,22,1
14508942,60,11,1,1,20,2,4.0,20,1
14509038,45,11,1,1,20,2,4.0,20,1
14509039,45,11,1,1,20,2,4.0,20,1
14509044,45,11,1,1,2,2,1.0,10,1
14509762,45,2,1,2,1,7,4.0,1,2
14510108,60,2,4,3,20,7,4.0,1,2
14510109,60,2,4,3,20,2,4.0,20,1
14511304,40,12,1,1,5,2,1.0,34,1
14512029,45,11,4,1,20,2,2.0,20,1
14513443,60,12,1,1,20,2,4.0,22,1
14513461,50,11,1,1,20,2,4.0,20,1
14513493,50,11,1,1,20,10,4.0,1,4
14513641,60,11,1,1,1,2,4.0,21,1
14514157,65,11,4,1,1,2,4.0,21,1
14514643,60,11,6,1,20,2,4.0,22,1
14515806,45,2,1,2,20,2,4.0,22,1
14516402,60,11,4,1,20,7,4.0,1,2
14517062,55,2,1,2,20,2,4.0,21,1
14517120,40,11,1,1,20,2,4.0,20,1
14517227,60,11,4,1,20,7,4.0,1,4
14519554,45,12,1,1,20,2,3.0,13,1
14520821,60,11,1,2,20,7,4.0,1,4
14521041,60,11,1,1,20,4,4.0,1,3
14522384,35,2,4,3,5,2,1.0,10,1
14522531,40,11,1,1,5,2,1.0,10,1
14524909,40,11,1,1,5,2,1.0,10,1
14524957,60,11,4,1,20,2,4.0,21,1
14526895,35,11,1,1,5,2,1.0,10,1
14526898,35,11,1,1,5,2,1.0,34,1
14527149,50,11,4,1,5,2,2.0,22,1
14527529,35,12,1,1,9,2,2.0,22,1
14527530,35,12,1,1,9,2,2.0,22,1
14527536,45,2,1,1,9,2,2.0,22,1
14528468,35,11,1,1,20,2,4.0,21,1
14528729,65,12,1,1,20,2,4.0,21,1
14528744,35,11,1,1,20,2,1.0,24,1
14529085,60,11,1,1,20,2,4.0,21,1
14529153,45,11,4,1,1,2,4.0,20,1
14529667,45,12,1,1,20,2,2.0,21,1
14531237,65,11,4,1,20,7,4.0,1,2
14531867,60,11,1,1,1,2,4.0,21,1
14531902,40,11,1,1,1,2,4.0,20,1
14532030,65,11,1,1,1,2,4.0,20,1
14532052,60,12,1,1,20,7,4.0,1,4
14533777,60,11,1,1,20,2,4.0,22,1
14533800,60,11,1,1,1,2,4.0,21,1
14537692,60,11,1,1,20,2,4.0,22,1
14537695,60,11,1,2,20,2,4.0,22,1
14537758,45,11,1,1,20,2,4.0,20,1
14539294,60,11,1,1,20,2,4.0,20,1
14539301,35,12,1,1,5,2,1.0,10,1
14540303,60,11,1,1,20,2,4.0,20,1
14540327,50,11,1,1,20,2,4.0,21,1
14540616,-1,11,1,1,20,5,3.0,1,2
14543143,60,11,1,1,20,2,4.0,21,1
14545139,35,0,0,0,1,2,4.0,21,1
14546090,60,11,1,1,20,2,2.0,21,1
14546212,-1,11,4,1,1,4,4.0,1,2
14549113,60,11,1,1,20,2,4.0,20,1
14549612,60,11,1,1,20,2,4.0,20,1
14550246,60,12,1,1,20,2,4.0,20,1
14551273,60,11,4,1,20,7,4.0,1,2
14551283,35,11,1,1,5,2,1.0,10,1
14551877,45,11,1,1,5,2,1.0,10,1
14553259,50,11,1,1,20,2,4.0,20,1
14553333,60,11,6,1,20,7,4.0,1,4
14553788,60,11,1,1,20,2,4.0,22,1
14553922,60,11,1,1,20,2,2.0,20,1
14554171,50,11,1,1,20,2,4.0,20,1
14554351,45,12,1,1,9,2,2.0,25,1
14555736,45,11,4,1,20,2,4.0,20,1
14555992,60,11,4,1,20,2,4.0,22,1
14557190,60,11,1,1,20,2,4.0,21,1
14557981,60,11,4,1,20,2,4.0,21,1
14558095,60,11,1,1,20,2,4.0,20,1
14558934,55,11,1,1,20,2,4.0,20,1
14559709,60,11,1,1,1,2,4.0,21,1
14561699,60,11,4,1,20,2,4.0,21,1
14561758,60,11,4,1,16,7,4.0,1,4
14564040,60,11,4,1,20,2,4.0,20,1
14564542,40,11,4,1,5,2,1.0,14,1
14564594,65,11,4,1,20,2,4.0,21,1
14564636,60,12,3,1,20,2,4.0,21,1
14565083,35,11,1,1,1,2,4.0,21,1
14567592,65,12,1,1,1,2,4.0,20,1
14569184,45,11,1,1,1,2,3.0,17,1
14569419,65,11,1,1,20,2,2.0,20,1
14569967,50,12,4,1,5,2,2.0,22,1
14570187,55,12,1,1,1,2,4.0,20,1
14572309,60,11,4,1,20,2,4.0,20,1
14572606,60,11,4,1,20,2,4.0,21,1
14572643,65,11,4,1,1,2,4.0,20,1
14574502,60,11,1,1,20,2,4.0,21,1
14575868,60,11,1,1,20,2,4.0,20,1
14577085,45,12,4,1,20,2,4.0,20,1
14577108,45,11,4,1,5,2,2.0,20,1
14577513,35,11,4,1,20,2,2.0,22,1
14577939,30,11,1,1,1,2,2.0,20,1
14579116,60,11,1,1,20,2,4.0,20,1
14579131,60,11,1,1,20,2,4.0,21,1
14579204,60,11,1,1,20,2,4.0,22,1
14579961,55,11,1,1,20,2,4.0,21,1
14582086,35,11,4,1,5,7,4.0,1,2
14585148,65,12,1,1,1,2,4.0,20,1
14586484,60,11,1,1,1,2,4.0,20,1
14586944,60,11,4,1,20,2,4.0,20,1
14607530,60,12,1,1,20,2,4.0,21,1
14629556,65,11,1,1,1,2,4.0,21,1
14804085,45,11,3,1,1,2,4.0,20,1
14850029,45,12,1,1,1,10,4.0,1,2
14851266,45,2,4,2,20,7,4.0,1,1
14884500,55,12,1,1,1,2,4.0,24,1
15058633,65,2,1,3,11,2,4.0,22,1
15059703,65,2,1,3,20,7,4.0,1,4
15059721,65,11,4,1,20,7,4.0,1,4
15065489,65,11,1,1,20,2,4.0,20,1
15075733,60,12,1,1,20,2,4.0,22,1
15075736,60,12,1,1,20,7,4.0,1,4
15075777,60,11,1,1,20,2,4.0,20,1
15075827,45,2,1,2,20,7,4.0,1,2
15075830,60,12,1,1,20,2,4.0,20,1
15075832,60,12,1,1,20,2,4.0,22,1
15075835,60,11,1,1,20,2,4.0,22,1
15075890,60,12,5,1,20,7,4.0,1,4
15075894,60,12,1,1,20,7,4.0,1,4
15075915,60,11,1,1,20,2,4.0,21,1
15075916,60,11,1,1,20,7,4.0,1,4
15075937,35,11,1,1,20,7,4.0,1,4
15075977,60,12,1,1,20,7,4.0,1,4
15075996,60,12,1,1,20,7,4.0,1,2
15076013,60,12,1,1,20,2,4.0,20,1
15076039,65,2,1,2,20,2,4.0,20,1
15076299,45,11,1,1,5,2,2.0,22,1
15076321,65,11,1,1,20,7,4.0,1,4
15076376,60,11,1,2,20,2,4.0,20,1
15076456,60,12,1,1,20,2,4.0,22,1
15076479,60,11,1,1,20,10,4.0,1,1
15076482,60,11,1,1,20,2,4.0,20,1
15076517,60,11,1,1,20,2,4.0,21,1
15076556,60,11,1,1,1,2,4.0,20,1
15076613,60,11,1,1,20,7,4.0,1,4
15160587,60,11,1,1,20,7,4.0,1,4
15176315,45,12,3,1,20,2,2.0,20,1
15281108,60,11,1,1,20,2,4.0,20,1
15343409,60,11,1,1,20,2,4.0,21,1
15438421,45,2,1,2,5,2,2.0,22,1
15438422,45,11,1,1,20,2,4.0,21,1
15438423,65,12,5,1,20,2,4.0,20,1
15438424,60,11,4,1,20,2,4.0,20,1
15438425,45,11,1,1,5,2,1.0,21,1
15438426,60,12,1,1,20,2,4.0,20,1
15438427,65,11,1,1,20,2,4.0,21,1
15438428,60,11,4,1,11,2,4.0,21,1
15438431,30,12,1,1,5,2,1.0,21,1
15438432,60,11,1,1,1,2,4.0,20,1
15438433,60,11,1,1,1,2,4.0,20,1
15438434,60,11,4,1,20,2,4.0,22,1
15438435,45,11,1,1,20,2,4.0,20,1
15438439,65,11,4,1,1,2,4.0,20,1
15438443,60,11,1,1,20,2,4.0,21,1
15438444,60,11,4,1,20,2,4.0,20,1
15438445,60,12,1,1,20,2,4.0,21,1
15438449,60,2,4,2,20,2,4.0,20,1