Crash_ID,Crash_Speed_Limit,Wthr_Cond_ID,Light_Cond_ID,Surf_Cond_ID,Traffic_Cntl_ID,Harm_Evnt_ID,Intrsct_Relat_ID,FHE_Collsn_ID,Road_Relat_ID
15438455,60,12,4,1,20,2,4.0,20,1
15438457,45,12,1,1,20,2,4.0,20,1
15438459,45,2,1,2,20,7,4.0,1,4
15438462,45,11,1,1,5,2,1.0,14,1
15438466,60,11,1,1,1,2,4.0,22,1
15438469,60,11,1,1,1,2,4.0,20,1
15438474,45,11,4,1,20,7,4.0,1,2
15438476,45,12,1,2,20,2,4.0,21,1
15438480,45,12,4,1,20,7,2.0,3,2
15438490,45,11,4,1,20,2,1.0,24,1
15627804,35,12,1,1,5,2,1.0,10,1
15699691,60,11,1,1,11,2,4.0,22,1
15699699,45,11,1,1,20,2,2.0,23,1
15699700,45,11,1,1,9,2,4.0,24,1
15699705,60,11,1,1,20,2,4.0,21,1
15699714,65,12,1,1,20,2,4.0,21,1
15699719,60,12,1,1,20,2,4.0,21,1
15699728,45,11,1,1,5,2,4.0,21,1
15699750,-1,11,4,1,5,2,2.0,22,1
15730281,60,11,1,1,20,2,4.0,22,1
15730282,45,11,1,1,5,2,2.0,22,1
15730286,60,11,1,1,20,2,4.0,20,1
15730301,60,11,1,1,20,2,4.0,21,1
15730306,60,11,1,1,20,2,4.0,20,1
15730312,45,12,1,1,5,2,2.0,21,1
15746558,60,11,1,1,20,2,4.0,22,1
15746580,60,11,1,1,20,2,4.0,22,1
15746612,60,11,1,1,20,2,4.0,22,1
15756901,45,12,1,1,20,2,3.0,17,1
15756904,45,12,1,1,20,2,3.0,13,1
15757008,30,11,1,1,5,2,1.0,21,1
15757009,60,2,1,2,20,2,4.0,21,1
15775978,60,11,1,1,20,2,4.0,21,1
15775979,45,11,1,1,5,2,2.0,22,1
15797108,60,11,1,1,20,2,4.0,21,1
15803741,30,11,1,1,5,2,2.0,27,1
15875101,50,12,1,1,20,2,4.0,20,1
15924496,60,11,1,1,20,2,4.0,22,1
16039059,60,11,1,1,20,2,4.0,22,1
16195153,60,2,1,2,1,2,4.0,22,1
16839816,65,11,4,1,20,2,4.0,21,1
17333450,45,11,1,1,20,2,2.0,21,1
17422964,35,12,1,1,5,2,4.0,14,1
14579110,50,11,1,1,5,2,2.0,22,1
14579305,60,11,1,1,20,2,4.0,21,1
14580738,60,11,1,1,20,7,4.0,1,2
14582002,60,12,1,1,20,2,4.0,20,1
14582949,60,11,1,1,1,2,4.0,21,1
14582987,60,11,1,1,11,2,4.0,20,1
14585386,60,12,1,1,20,2,4.0,20,1
14585747,45,11,3,1,20,2,3.0,23,1
14586588,65,11,1,1,20,2,4.0,20,1
14587206,55,11,1,1,1,2,4.0,20,1
14589888,45,11,1,1,9,2,2.0,22,1
14590292,60,12,1,1,1,2,4.0,20,1
14592813,65,11,1,1,20,2,4.0,21,1
14592995,35,11,1,1,20,7,4.0,1,2
14597298,45,11,4,1,5,2,1.0,10,1
14597300,50,11,1,1,11,2,3.0,10,1
14597910,60,2,1,2,20,7,4.0,1,4
14598387,65,11,1,1,1,2,4.0,20,1
14599504,45,11,1,1,20,2,4.0,21,1
14599723,40,11,4,1,20,10,4.0,1,2
14603819,50,12,1,1,9,2,2.0,36,1
14604811,50,12,4,1,5,2,1.0,10,1
14610437,60,11,4,1,20,2,2.0,13,1
14611468,60,11,1,1,20,2,4.0,22,1
14613294,60,11,1,1,20,2,4.0,20,1
14613616,60,12,1,1,20,2,4.0,22,1
14613685,60,11,4,1,20,2,4.0,20,1
14613719,50,11,4,1,20,2,2.0,22,1
14613721,50,11,4,1,5,2,1.0,10,1
14615836,60,12,1,1,20,2,4.0,20,1
14615838,40,12,1,1,20,2,4.0,31,1
14616269,55,11,4,1,5,7,4.0,1,2
14618463,60,11,1,1,20,2,4.0,20,1
14618506,35,11,4,1,3,2,2.0,28,1
14619976,60,11,1,1,1,2,4.0,20,1
14620131,60,12,1,1,20,2,4.0,20,1
14620132,35,2,1,2,5,2,2.0,14,1
14620196,60,0,1,1,20,2,4.0,20,1
14620370,45,11,4,1,20,2,3.0,20,1
14620546,60,11,1,1,20,2,4.0,22,1
14620697,60,11,1,1,20,2,4.0,21,1
14622311,60,12,3,1,20,2,4.0,20,1
14622716,60,11,1,1,20,2,4.0,20,1
14623774,60,11,4,1,20,7,4.0,1,2
14623836,60,12,1,1,20,2,4.0,20,1
14623837,60,12,1,1,20,2,4.0,20,1
14625326,60,2,1,2,20,2,4.0,20,1
14625440,45,11,1,1,5,2,4.0,20,1
14625839,65,11,5,1,20,2,4.0,20,1
14626329,45,11,1,1,5,2,1.0,10,1
14626534,50,2,1,2,20,2,3.0,10,1
14626996,65,11,1,2,20,2,2.0,22,1
14627139,35,11,1,1,20,2,4.0,21,1
14627156,55,12,1,1,20,2,4.0,20,1
14627162,35,12,4,2,5,2,1.0,10,1
14628974,50,11,1,1,20,2,2.0,22,1
14629608,60,12,4,1,20,2,4.0,20,1
14631490,65,11,4,1,1,2,4.0,20,1
14631682,45,11,4,1,20,7,4.0,1,2
14632669,45,11,1,2,17,2,4.0,21,1
14632670,45,12,1,2,9,2,2.0,22,1
14633459,60,2,1,2,20,2,4.0,22,1
14633745,60,11,4,1,20,7,4.0,1,4
14635065,50,11,4,1,20,2,4.0,21,1
14637457,50,11,4,1,5,2,1.0,10,1
14639665,50,12,1,1,5,2,2.0,22,1
14640377,60,11,1,1,20,2,4.0,22,3
14640732,50,11,4,1,20,2,4.0,20,1
14642363,60,12,1,1,20,2,4.0,20,1
14642640,65,11,1,1,20,2,4.0,20,1
14643116,50,11,1,1,1,2,4.0,20,1
14646761,65,11,1,1,20,8,4.0,1,1
14647712,35,11,1,1,5,2,1.0,10,1
14648383,60,11,4,1,20,2,4.0,21,1
14649040,30,11,4,1,20,2,1.0,10,1
14651388,45,11,4,1,1,2,4.0,20,1
14652011,60,12,1,1,20,2,4.0,20,1
14652671,60,11,1,1,20,2,4.0,21,1
14652698,60,11,1,1,20,2,4.0,20,1
14653606,60,11,1,1,11,2,2.0,20,1
14656219,60,11,1,1,20,2,4.0,20,1
14656975,40,11,1,1,5,2,4.0,21,1
14657920,60,11,1,1,20,2,4.0,22,1
14657962,60,11,1,1,20,2,4.0,20,1
14660157,30,11,4,1,20,2,4.0,21,1
14660393,45,11,1,1,5,2,1.0,10,1
14660532,45,11,1,1,1,2,4.0,20,1
14660591,60,12,1,1,20,2,4.0,21,1
14661254,60,11,1,1,20,2,4.0,21,1
14661439,40,11,1,1,1,2,4.0,21,1
14661445,60,11,1,1,20,2,4.0,21,1
14661573,45,11,4,1,5,2,1.0,10,1
14661624,65,11,4,1,20,7,4.0,1,4
14662619,60,11,1,1,20,2,4.0,21,1
14662641,40,11,1,1,11,2,1.0,23,1
14663674,60,11,4,1,20,7,4.0,1,3
14666730,45,12,1,1,20,2,2.0,22,1
14667195,45,11,1,1,5,2,1.0,10,1
14669448,45,11,1,1,20,2,2.0,28,1
14669528,60,11,1,1,20,2,4.0,20,1
14670164,60,11,1,1,20,2,4.0,20,1
14670676,45,11,1,1,1,2,4.0,21,1
14672451,45,11,1,1,20,2,4.0,21,1
14672455,60,11,1,1,20,2,4.0,21,1
14672655,60,11,1,1,5,2,1.0,10,1
14673074,60,11,4,1,20,4,4.0,1,3
14675995,60,11,1,1,1,2,4.0,20,1
14676109,60,11,1,1,20,2,4.0,22,1
14680212,60,12,1,1,20,2,4.0,20,1
14680864,65,11,4,1,1,2,4.0,21,1
14681783,60,11,1,1,20,2,4.0,20,1
14682150,50,12,1,1,5,2,1.0,10,1
14685529,45,11,4,1,5,2,2.0,22,1
14685530,60,12,5,1,20,2,4.0,21,1
14685720,60,11,4,1,20,7,4.0,1,1
14686608,45,12,1,2,20,2,3.0,13,1
14686689,45,12,1,1,5,2,1.0,10,1
14688040,60,11,1,1,20,2,4.0,21,1
14693151,50,11,4,1,20,2,2.0,22,1
14693188,45,0,0,0,8,2,1.0,10,1
14693877,60,11,1,1,20,2,4.0,22,1
14695094,60,11,1,1,1,2,4.0,21,1
14695246,60,11,1,1,1,2,4.0,21,1
14695526,45,11,6,1,1,2,4.0,21,1
14695590,60,11,1,1,1,2,4.0,20,1
14695804,60,11,1,1,20,2,4.0,31,1
14695805,60,11,1,1,20,2,4.0,20,1
14696974,60,11,1,1,20,2,2.0,21,1
14697656,60,11,1,1,20,2,4.0,20,1
14697667,60,11,1,1,20,2,2.0,20,1
14698132,50,11,1,1,1,7,4.0,1,2
14698133,50,11,1,1,1,2,4.0,22,1
14698255,65,11,4,1,20,4,4.0,1,3
14698967,60,11,1,1,20,2,4.0,20,1
14699389,60,11,1,1,20,2,4.0,20,1
14699599,60,11,1,1,20,2,4.0,20,1
14700693,45,11,4,1,11,2,3.0,13,1
14701313,60,11,1,1,20,2,2.0,21,1
14701598,60,11,1,1,20,2,2.0,20,1
14701599,45,11,1,1,20,7,4.0,1,2
14704270,60,11,1,1,20,2,4.0,20,1
14704790,60,11,1,1,20,2,4.0,22,1
14708520,40,11,1,1,5,2,1.0,14,1
14708863,60,12,1,1,20,2,4.0,20,1
14709380,40,12,1,1,20,7,4.0,1,2
14711515,40,11,4,1,5,2,1.0,10,1
14711779,60,12,1,2,20,2,4.0,21,1
14711887,45,0,0,0,1,2,4.0,20,1
14712437,60,11,1,1,20,2,4.0,21,1
14712648,45,11,1,1,20,2,2.0,13,1
14712806,65,12,1,1,1,2,4.0,20,1
14712950,35,2,1,2,5,2,1.0,24,1
14713086,60,12,1,1,20,2,4.0,20,1
14713102,65,2,1,2,1,2,4.0,20,1
14713410,65,2,6,2,20,2,4.0,21,1
14713451,60,11,4,1,20,2,4.0,20,1
14714576,45,12,1,1,20,2,3.0,23,1
14716474,45,11,4,1,1,2,4.0,20,1
14716646,50,12,4,1,8,2,2.0,13,1
14717244,60,11,1,1,20,2,4.0,21,1
14718279,60,12,1,1,20,2,4.0,20,1
14720075,65,2,4,3,20,2,4.0,21,1
14720081,50,12,1,1,1,2,4.0,20,1
14722267,45,12,1,1,20,2,2.0,22,1
14722462,60,11,1,1,20,2,4.0,21,1
14724649,65,11,1,1,20,2,4.0,20,1
14726218,45,11,5,1,5,2,1.0,10,1
14726223,45,11,1,1,20,2,4.0,21,1
14726497,40,11,4,1,5,2,1.0,34,1
14726596,55,11,3,1,20,2,4.0,21,1
14726762,60,2,4,3,20,7,4.0,1,2
14728690,65,2,1,2,11,7,4.0,1,2
14728996,40,12,4,2,1,2,4.0,20,1
14729179,60,11,1,1,20,2,4.0,21,1
14729195,60,2,1,2,20,2,4.0,21,1
14729425,35,11,1,1,20,2,4.0,20,1
14733229,45,11,1,1,11,2,2.0,20,1
14735666,60,11,1,1,1,2,4.0,20,1
14735674,45,11,1,1,20,2,4.0,21,1
14735676,45,11,4,1,20,2,2.0,10,1
14735677,40,12,1,1,8,2,2.0,20,1
14735906,35,12,1,1,5,2,1.0,10,1
14736201,45,11,3,1,20,2,4.0,20,1
14736448,60,2,4,2,20,7,4.0,1,2
14738075,50,12,1,1,1,2,3.0,13,1
14739240,40,2,4,2,5,2,4.0,21,1
14739542,50,12,1,1,5,2,1.0,10,1
14740389,50,11,1,1,20,2,4.0,20,1
14740399,60,2,4,2,20,7,2.0,1,4
14741500,60,12,1,1,20,2,4.0,22,1
14742911,60,11,6,1,1,2,4.0,21,1
14743107,45,11,4,1,20,2,4.0,20,1
14743108,65,11,4,1,20,2,4.0,20,1
14747364,60,12,1,1,20,2,4.0,21,1
14747802,60,11,1,1,20,2,4.0,21,1
14751688,55,2,1,2,20,2,4.0,21,1
14752021,40,11,1,1,17,2,4.0,20,1
14752091,40,12,1,1,20,2,3.0,36,2
14752275,60,12,4,1,20,2,4.0,20,1
14752392,45,11,1,1,1,2,4.0,20,1
14752471,60,11,4,1,20,7,2.0,1,4
14752559,65,11,4,1,20,2,4.0,20,1
14753046,65,11,4,1,20,2,4.0,20,1
14755743,60,11,1,1,20,2,4.0,21,1
14757879,50,11,1,1,20,7,4.0,1,4
14758957,60,11,1,1,20,2,4.0,20,1
14760137,35,11,1,1,20,2,4.0,20,1
14760284,65,11,1,1,1,2,4.0,20,1
14761700,60,11,1,1,20,2,4.0,20,1
14761764,45,11,1,1,20,2,4.0,21,1
14761979,40,11,1,1,1,2,4.0,21,1
14762577,50,11,3,1,20,2,4.0,20,1
14763252,60,0,0,0,20,2,4.0,20,1
14764232,65,11,1,1,1,2,4.0,21,1
14765192,55,11,1,1,1,2,4.0,20,1
14765269,40,11,1,1,20,2,4.0,20,1
14765694,45,2,1,2,20,2,4.0,21,1
14766220,45,11,4,1,5,2,2.0,22,1
14766567,60,11,4,1,20,2,4.0,20,1
14766594,60,11,1,1,20,2,4.0,21,1
14768780,60,11,4,1,20,2,4.0,20,1
14768966,50,11,4,1,20,8,4.0,1,1
14769113,60,11,1,1,20,2,4.0,20,1
14769701,-1,11,1,1,20,2,1.0,10,1
14772067,60,11,3,1,20,2,4.0,20,1
14772751,60,11,1,1,20,2,4.0,21,1
14775706,45,11,4,1,1,2,4.0,20,1
14775877,45,12,1,1,20,2,4.0,21,1
14775884,60,11,1,1,1,2,4.0,21,1
14775904,60,11,1,1,20,2,4.0,20,1
14776029,60,12,1,1,20,2,2.0,20,1
14776288,45,12,4,1,20,2,2.0,20,1
14776460,50,12,2,1,9,2,1.0,14,1
14776486,60,11,1,1,1,2,4.0,20,1
14776584,60,11,4,1,1,2,4.0,22,1
14777205,60,11,4,1,20,2,4.0,21,1
14777387,60,11,1,1,20,2,4.0,21,1
14778320,40,11,1,1,11,2,4.0,22,1
14779727,35,11,1,1,5,2,4.0,21,1
14784847,60,12,4,1,20,7,4.0,1,4
14785127,65,11,4,1,20,2,4.0,20,1
14785948,55,11,1,1,20,2,4.0,21,1
14786918,45,11,1,1,1,2,4.0,21,1
14787302,55,12,4,1,20,2,4.0,20,1
14787550,30,11,4,1,1,2,2.0,20,1
14787759,60,11,1,1,17,7,4.0,1,2
14788108,45,12,1,1,20,2,2.0,22,1
14788110,45,12,1,2,20,2,4.0,21,1
14788360,45,12,1,2,20,2,4.0,22,1
14788361,50,11,1,1,20,2,4.0,20,1
14790590,65,12,1,1,20,2,4.0,20,1
14790921,45,11,1,1,20,2,4.0,21,1
14791201,45,11,4,1,5,2,2.0,22,1
14791334,60,11,4,1,20,2,4.0,21,1
14794141,50,11,4,1,11,7,2.0,1,4
14794298,50,12,1,1,1,2,2.0,20,1
14797194,45,11,4,1,1,2,4.0,20,1
14797264,45,11,4,1,5,2,2.0,22,1
14797268,45,11,3,1,5,2,2.0,20,1
14797446,45,11,1,1,5,2,4.0,10,1
14797547,60,11,1,1,20,9,4.0,1,1
14797638,35,11,3,1,5,2,2.0,20,1
14797845,60,11,1,1,20,2,4.0,21,1
14798396,65,12,1,1,20,2,4.0,20,1
14799253,-1,11,4,1,20,7,4.0,1,2
14800947,60,11,4,1,1,2,4.0,21,1
14800950,45,11,1,1,5,2,4.0,21,1
14801190,65,11,4,1,20,2,4.0,20,1
14801300,50,11,1,1,20,2,4.0,21,1
14802734,45,12,1,1,20,2,4.0,20,1
14803254,60,11,1,1,20,2,4.0,22,1
14803372,50,11,4,1,5,2,2.0,22,1
14804108,55,11,1,1,1,2,4.0,21,1
14804160,60,12,1,1,1,2,4.0,20,1
14804372,60,11,4,1,20,2,4.0,20,1
14807796,60,12,4,1,20,7,4.0,1,2
14807952,60,2,4,2,20,7,4.0,1,2
14810803,60,11,4,1,20,7,2.0,1,2
14813411,65,12,1,1,1,2,4.0,22,1
14813981,60,11,4,1,20,2,4.0,20,1
14814420,60,11,4,1,20,2,4.0,20,1
14814438,50,11,1,1,20,2,2.0,24,1
14815025,40,12,1,1,20,2,2.0,22,1
14816632,60,11,4,1,20,2,4.0,20,1
14816934,60,11,4,1,20,2,4.0,20,1
14817041,40,11,1,1,9,2,4.0,14,1
14818267,60,11,1,1,20,2,4.0,20,1
14818328,60,11,1,1,20,2,4.0,21,1
14818532,60,11,1,1,20,2,4.0,20,1
14820416,45,11,1,1,1,2,4.0,21,1
14820820,45,11,4,1,20,2,1.0,24,1
14820821,45,12,1,1,20,2,4.0,22,1
14821224,60,12,3,1,20,2,4.0,20,1
14822692,60,2,1,3,20,2,4.0,21,1
14823149,35,11,1,1,1,2,4.0,22,1
14825943,60,11,1,1,11,2,4.0,22,1
14826244,60,11,1,1,20,2,4.0,20,1
14826942,65,11,4,1,20,2,4.0,21,1
14827129,65,12,3,1,1,2,4.0,20,1
14827859,45,11,1,2,20,2,4.0,21,1
14827865,30,11,1,1,20,2,4.0,20,1
14827954,45,11,1,1,20,2,4.0,21,1
14828663,60,11,4,1,1,2,4.0,20,1
14829314,55,12,4,1,20,2,4.0,21,1
14835337,60,11,1,1,20,7,4.0,1,4
14835574,60,11,1,1,20,2,4.0,21,1
14835987,45,12,1,1,5,7,2.0,1,2
14838214,35,11,4,1,5,2,2.0,22,1
14838345,60,12,4,1,1,2,4.0,20,1
14838391,60,12,1,1,20,2,4.0,22,1
14838392,50,12,1,1,20,2,4.0,22,1
14838394,60,11,1,1,20,2,4.0,22,1
14838395,60,11,1,1,20,2,4.0,20,1
14838501,60,11,3,1,20,7,2.0,1,4
14839201,50,12,4,1,9,2,2.0,14,1
14839205,35,12,1,1,5,2,2.0,22,1
14840990,40,11,4,1,1,2,4.0,22,1
14841090,60,12,3,2,20,7,4.0,1,2
14843071,60,2,4,2,20,2,4.0,21,1
14843102,45,11,4,1,1,2,2.0,22,1
14844796,45,12,1,1,5,2,2.0,22,1
14844797,45,12,1,1,9,2,2.0,22,1
14846586,35,11,1,1,5,2,2.0,21,1
14848293,60,11,1,1,11,2,4.0,21,1
14849215,40,11,1,1,8,2,2.0,22,1
14857819,35,11,5,1,9,2,4.0,20,1
14864230,45,12,1,1,5,2,1.0,10,1
14868997,65,11,1,1,1,2,4.0,20,1
14871854,30,11,1,1,9,2,2.0,22,1
14969068,35,11,1,1,5,2,1.0,34,1
15076518,60,11,1,1,20,7,4.0,1,2
15076519,45,11,1,1,20,2,3.0,20,1
15076654,65,11,1,1,20,2,4.0,21,1
15076688,60,11,1,1,20,2,4.0,20,1
15438371,60,11,4,1,20,7,2.0,1,2
15438377,60,11,4,1,20,2,4.0,20,1
15438382,60,11,1,1,20,2,4.0,22,1
15438385,45,11,4,1,20,2,4.0,20,1
15438396,60,11,1,1,20,2,4.0,22,1
15438400,45,11,1,1,20,2,4.0,20,1
15438401,60,11,4,1,20,2,4.0,20,1
15438403,60,11,1,1,20,2,4.0,20,1
15438408,45,11,1,1,20,2,4.0,21,1
15438409,45,11,4,1,20,2,4.0,21,1
15438414,60,12,4,1,20,7,4.0,1,2
15438415,45,11,1,1,9,2,4.0,22,1
15438416,60,2,4,2,20,7,2.0,1,2
15438418,60,11,4,1,20,2,4.0,21,1
15438510,60,11,1,1,20,2,4.0,20,1
15438512,45,11,4,1,20,7,2.0,3,2
15438514,60,11,1,1,20,2,4.0,22,1
15699622,60,11,1,1,20,2,2.0,13,1
15699625,65,2,4,2,20,2,2.0,13,1
15699630,60,12,4,1,1,7,4.0,1,2
15699631,45,11,1,1,11,2,3.0,13,1
15699645,45,11,1,1,20,2,4.0,21,1
15699649,60,11,1,1,11,2,4.0,22,1
15699651,45,2,1,1,20,2,3.0,13,1
15699652,60,2,4,2,1,7,4.0,1,2
15699668,45,11,1,1,1,2,4.0,20,1
15699672,45,12,1,2,20,2,1.0,13,1
15699673,30,12,1,1,5,2,1.0,34,1
15699824,60,11,4,1,1,2,4.0,20,1
15699827,45,11,4,1,5,2,1.0,10,1
15699832,65,11,1,1,20,2,4.0,22,1
15699836,60,12,1,2,20,2,2.0,21,1
15730289,45,11,1,1,20,2,3.0,13,1
15730303,45,11,1,1,20,2,4.0,22,1
15730307,60,11,2,1,20,2,4.0,21,1
15730308,60,11,1,1,20,2,1.0,13,1
15730311,45,11,1,1,9,2,4.0,22,1
15730313,45,11,1,1,5,2,2.0,14,1
15730314,45,11,1,1,5,2,3.0,20,1
15730317,45,12,1,2,9,2,4.0,22,1
15746588,60,11,1,1,20,2,2.0,21,1
15756849,45,2,1,2,20,2,3.0,25,1
15756859,60,11,1,1,1,2,4.0,21,1
15756867,60,11,4,1,1,2,2.0,20,1
15756878,30,11,6,1,20,7,4.0,3,2
15756908,60,11,1,1,20,4,4.0,1,3
15756916,45,11,1,1,9,2,4.0,22,1
15756993,60,11,1,1,1,2,4.0,20,1
15757001,65,11,1,1,11,2,4.0,20,1
15775976,60,11,1,1,1,2,4.0,20,1
15797109,60,11,1,1,20,2,4.0,21,1
14839689,60,11,4,1,20,2,4.0,21,1
14842019,50,2,5,2,9,2,2.0,22,1
14845724,60,2,4,2,20,2,4.0,20,1
14846344,45,11,1,1,20,2,4.0,21,1
14847743,60,11,1,1,20,2,4.0,20,1
14848317,40,12,1,2,20,2,4.0,22,1
14849265,65,11,1,1,1,2,4.0,21,1
14849523,60,2,4,2,20,2,4.0,20,1
14849575,40,12,1,1,5,2,4.0,21,1
14851198,50,12,4,2,5,7,4.0,1,2
14851868,35,2,4,2,20,7,4.0,1,2
14852199,60,11,1,1,20,8,4.0,1,1
14852648,60,2,4,2,20,2,4.0,21,1
14852888,60,11,4,1,20,2,4.0,21,1
14854199,45,11,4,1,5,2,1.0,10,1
14854228,60,11,1,1,20,2,4.0,20,1
14857547,60,11,1,1,20,2,4.0,20,1
14857844,45,2,3,2,1,2,2.0,22,1
14860054,60,11,1,1,20,7,4.0,1,2
14861584,60,11,1,1,20,2,4.0,21,1
14861980,60,11,4,1,20,2,4.0,20,1
14862740,60,11,4,1,20,2,4.0,20,1
14862806,60,11,1,1,20,2,4.0,20,1
14863592,55,2,4,2,5,2,1.0,10,1
14863593,60,11,1,1,20,2,4.0,21,1
14864356,40,11,1,1,20,2,2.0,20,1
14864702,60,5,4,1,20,7,2.0,1,4
14864704,45,11,4,1,20,2,3.0,13,1
14865224,55,12,4,1,20,2,4.0,20,1
14865361,50,12,4,1,5,2,2.0,22,1
14866685,45,11,4,1,20,7,4.0,1,2
14866771,60,11,4,1,20,1,4.0,1,1
14868023,50,11,1,1,1,2,4.0,22,1
14868402,60,11,1,1,20,7,4.0,1,4
14868447,60,11,4,1,20,7,4.0,1,4
14869158,45,11,4,1,20,2,1.0,24,1
14869298,60,11,3,1,20,2,4.0,20,1
14869301,60,11,4,1,20,2,4.0,20,1
14869338,60,11,1,1,20,2,4.0,21,1
14869429,65,2,1,2,20,2,4.0,20,1
14871336,60,12,4,1,1,2,4.0,20,1
14871507,60,2,5,2,20,2,4.0,20,1
14872997,45,11,1,1,20,2,4.0,20,1
14872998,40,11,4,1,1,2,4.0,20,1
14874632,45,2,1,2,5,2,1.0,10,1
14875081,60,11,1,1,20,2,4.0,20,1
14875670,50,11,1,1,20,2,4.0,20,1
14876129,50,12,1,1,20,2,2.0,10,1
14876136,60,11,1,1,20,2,4.0,20,1
14876210,60,11,4,1,20,2,4.0,22,1
14878433,65,11,4,1,20,2,4.0,21,1
14878948,60,11,1,1,20,8,4.0,1,3
14878975,45,11,3,1,11,2,4.0,21,1
14878977,60,11,1,1,20,7,4.0,1,2
14879262,50,12,2,1,20,2,1.0,14,1
14880354,45,11,1,1,20,7,2.0,1,4
14880850,60,12,1,1,20,2,4.0,20,1
14882288,60,11,1,1,20,2,4.0,20,1
14882914,60,11,1,1,20,7,4.0,1,4
14882984,60,2,1,2,20,2,4.0,20,1
14883056,50,2,1,2,5,1,2.0,3,1
14883269,30,12,1,1,20,2,3.0,24,1
14883283,60,11,1,1,20,2,4.0,20,1
14883315,60,2,1,2,20,2,4.0,20,1
14884345,60,11,1,1,20,2,4.0,20,1
14885179,50,11,1,1,20,2,4.0,20,1
14885950,65,12,1,1,1,2,4.0,21,1
14886505,50,11,1,1,8,2,1.0,10,1
14886719,45,11,4,1,5,2,4.0,20,1
14887498,45,11,1,1,20,2,2.0,36,1
14887884,45,11,4,1,20,2,2.0,14,1
14887895,60,11,4,1,20,2,4.0,20,1
14887906,60,11,4,1,20,2,4.0,20,1
14887909,60,11,4,1,20,7,4.0,1,2
14890960,45,11,1,1,20,2,2.0,20,1
14891901,45,12,1,1,20,2,3.0,13,1
14892148,60,11,1,1,1,2,4.0,20,1
14894547,65,11,1,1,20,2,4.0,20,1
14894899,65,11,1,1,20,7,4.0,1,4
14894965,40,11,4,1,20,2,4.0,20,1
14895849,65,11,1,1,1,8,4.0,1,1
14897091,40,11,1,1,20,2,4.0,20,1
14899574,45,11,1,2,20,2,1.0,14,1
14900121,55,11,1,1,20,7,4.0,1,4
14900999,60,2,2,2,20,2,4.0,20,1
14902236,60,11,1,1,20,2,4.0,20,1
14902492,60,12,1,1,20,2,4.0,22,1
14902514,60,11,1,1,20,7,4.0,1,2
14905462,60,11,1,1,20,2,4.0,22,1
14906531,60,12,4,1,20,7,4.0,1,2
14907943,60,11,1,1,20,2,4.0,20,1
14909560,40,11,1,1,1,2,4.0,20,1
14911882,60,11,1,1,11,2,4.0,20,1
14911903,60,11,1,1,20,2,4.0,21,1
14912131,60,11,1,1,20,2,4.0,20,1
14912692,45,11,4,1,5,2,1.0,10,1
14913130,50,11,1,1,20,2,4.0,20,1
14914041,60,11,1,1,20,2,4.0,20,1
14914429,45,11,1,1,9,2,2.0,25,1
14914688,50,11,5,1,20,2,2.0,14,1
14915387,35,11,1,1,5,2,1.0,34,1
14915772,45,12,1,1,5,2,1.0,10,1
14918005,65,11,1,1,20,2,4.0,21,1
14918027,60,11,4,1,20,2,4.0,21,1
14918116,65,11,4,1,20,7,4.0,1,2
14920452,30,11,1,1,20,2,2.0,21,1
14920792,60,11,1,1,20,2,4.0,20,1
14921852,45,11,1,1,9,2,2.0,21,1
14921990,40,11,1,1,1,2,3.0,10,1
14922512,65,11,4,1,20,9,4.0,1,1
14925941,50,11,4,1,20,2,4.0,21,1
14925981,60,11,4,1,1,2,4.0,20,1
14926021,45,11,1,1,20,2,2.0,22,1
14929481,45,11,1,1,5,2,1.0,10,1
14931172,60,11,1,1,20,2,4.0,21,1
14931647,60,11,1,1,20,2,4.0,20,1
14931707,45,11,3,1,20,7,4.0,1,2
14932103,60,11,1,1,20,2,4.0,21,1
14932106,60,2,1,2,20,2,4.0,20,1
14933263,45,11,1,1,5,2,1.0,10,1
14933267,40,11,4,1,20,2,1.0,28,1
14933372,40,12,1,1,9,2,1.0,14,1
14933393,45,11,1,1,5,2,1.0,10,1
14933799,60,11,1,1,20,2,4.0,20,1
14934043,65,11,1,1,1,2,4.0,20,1
14934088,60,11,4,1,20,2,4.0,20,1
14935072,65,11,2,1,11,2,1.0,10,1
14935075,60,11,1,1,1,2,4.0,20,1
14935360,50,11,1,1,20,2,2.0,22,1
14935404,60,11,4,1,1,2,4.0,20,1
14935990,65,11,1,1,1,2,4.0,20,1
14936045,45,11,1,1,5,2,1.0,10,1
14937533,45,11,1,1,1,2,3.0,23,1
14937535,45,11,1,1,5,2,1.0,10,1
14938456,50,11,1,1,20,2,4.0,20,1
14938673,45,11,1,1,20,2,4.0,21,1
14939024,55,11,1,1,20,7,4.0,1,4
14939056,60,11,4,1,20,2,4.0,20,1
14939982,45,11,4,1,20,2,1.0,21,1
14940896,60,11,1,1,20,2,4.0,22,1
14940937,60,11,1,1,20,2,4.0,21,1
14941552,-1,11,4,1,20,2,4.0,20,1
14942167,35,11,1,1,5,2,1.0,20,1
14942468,60,11,4,1,20,7,2.0,1,4
14943364,60,11,1,1,20,2,4.0,22,1
14943757,35,11,4,1,5,2,1.0,10,1
14945210,45,11,1,1,5,2,1.0,10,1
14945213,60,11,1,1,20,2,4.0,21,1
14949514,50,11,1,1,5,2,4.0,20,1
14949656,60,11,1,1,1,2,4.0,20,1