Crash_ID,Crash_Speed_Limit,Wthr_Cond_ID,Light_Cond_ID,Surf_Cond_ID,Traffic_Cntl_ID,Harm_Evnt_ID,Intrsct_Relat_ID,FHE_Collsn_ID,Road_Relat_ID
15732958,60,12,1,1,11,2,4.0,22,1
15735058,60,11,1,1,20,2,4.0,22,1
15735066,60,11,1,1,20,2,4.0,20,1
15735135,40,12,4,1,20,2,4.0,21,1
15735156,45,11,1,1,20,2,3.0,23,1
15736047,60,11,1,1,20,2,4.0,20,1
15736413,65,2,1,2,20,7,4.0,1,4
15737514,45,12,6,2,20,2,4.0,13,1
15737538,60,11,1,1,20,2,4.0,21,1
15738243,60,12,1,1,20,2,4.0,20,1
15738434,30,11,1,1,20,2,4.0,20,1
15740997,60,11,1,1,20,2,4.0,21,1
15741085,60,11,1,1,20,10,4.0,1,1
15741444,45,11,1,1,20,2,4.0,21,1
15741716,65,11,1,1,20,2,4.0,20,1
15741932,45,11,4,1,20,2,4.0,20,1
15742358,30,11,1,1,5,7,2.0,3,4
15742436,65,11,1,1,20,2,4.0,20,1
15742489,60,11,1,1,20,2,2.0,10,1
15742895,60,11,1,1,20,7,4.0,1,4
15742973,60,12,4,1,20,7,4.0,1,2
15745713,60,11,1,1,20,2,4.0,21,1
15745905,60,11,4,1,20,2,4.0,20,1
15745919,60,12,1,1,20,2,4.0,20,1
15746273,60,11,4,1,1,2,4.0,21,1
15746274,60,12,1,1,20,2,4.0,21,1
15746276,60,12,1,1,20,2,4.0,20,1
15746432,60,11,1,1,20,2,4.0,22,1
15746604,45,11,1,1,20,2,4.0,21,1
15746606,45,11,4,1,2,2,4.0,22,1
15748370,65,11,4,1,17,2,4.0,30,1
15748381,45,11,1,1,5,7,4.0,1,4
15749057,60,11,1,1,20,2,4.0,20,1
15751861,60,11,1,1,20,2,4.0,21,1
15752235,60,11,1,1,20,2,4.0,21,1
15752238,60,11,1,1,20,2,4.0,21,1
15752323,45,12,4,1,20,2,4.0,22,1
15753487,40,11,1,1,1,7,2.0,1,2
15754170,60,12,1,1,20,2,4.0,20,1
15754518,60,11,1,1,20,7,4.0,1,2
15754619,45,11,1,1,8,2,1.0,13,1
15754927,60,11,1,1,20,2,4.0,21,1
15755039,55,11,1,1,20,2,4.0,20,1
15756864,30,11,1,1,5,2,2.0,20,1
15756869,60,11,4,1,20,2,4.0,21,1
15756875,45,12,1,1,20,2,3.0,23,1
15756881,35,11,4,1,5,2,2.0,22,1
15757007,45,11,1,1,20,7,2.0,1,2
15757455,45,11,1,1,9,2,2.0,22,1
15758498,45,11,1,2,20,2,4.0,20,1
15761140,60,11,1,1,20,2,4.0,22,1
15761411,60,11,4,1,20,2,1.0,20,1
15762581,45,11,1,1,5,2,2.0,20,1
15763003,60,11,1,1,20,2,2.0,20,1
15763205,65,11,1,1,20,2,4.0,20,1
15764088,60,11,4,1,20,2,4.0,20,1
15765451,45,12,1,1,21,2,4.0,14,1
15765452,60,11,1,1,20,2,4.0,20,1
15765453,65,11,1,1,20,2,4.0,20,1
15765454,65,11,1,1,20,2,4.0,20,1
15766986,60,11,1,1,20,2,4.0,20,1
15767184,45,11,1,1,5,2,2.0,20,1
15767310,45,11,2,1,5,2,1.0,21,1
15768228,60,12,1,1,20,2,4.0,20,1
15768251,60,11,1,1,20,2,4.0,20,1
15768591,60,12,1,1,20,2,4.0,20,1
15768643,60,2,1,2,20,2,4.0,22,1
15768810,60,11,3,1,1,2,4.0,21,1
15768839,60,11,4,1,3,2,4.0,21,1
15768843,60,11,4,1,20,2,4.0,20,1
15769346,60,2,1,2,20,2,4.0,21,1
15770878,50,12,1,1,1,2,3.0,10,1
15771209,65,11,4,1,20,2,4.0,20,1
15771384,45,12,1,1,20,7,4.0,1,4
15772955,60,11,1,1,20,2,4.0,20,1
15773341,45,11,1,2,20,2,4.0,21,1
15773404,45,11,1,1,20,2,4.0,20,1
15773843,45,11,1,1,20,2,4.0,21,1
15774321,60,11,1,1,20,8,4.0,1,1
15774401,30,11,1,1,5,2,1.0,34,1
15775122,60,11,1,1,20,2,4.0,21,1
15775980,65,11,4,1,1,2,4.0,20,1
15776213,60,11,1,1,20,2,4.0,20,1
15777051,35,11,1,1,20,2,4.0,20,1
15777816,70,11,1,1,20,2,4.0,20,1
15777834,45,11,1,1,21,2,1.0,10,1
15779372,60,11,1,1,20,2,4.0,20,1
15780368,45,11,4,1,20,7,2.0,1,2
15780466,45,11,1,1,20,2,3.0,20,1
15780489,45,11,1,1,20,2,4.0,20,1
15780573,5,11,1,1,9,2,4.0,20,1
15782434,65,11,1,1,1,2,4.0,20,1
15783139,35,12,1,1,9,2,2.0,22,1
15784301,60,11,1,1,20,2,4.0,20,1
15785356,30,11,1,1,9,2,2.0,22,1
15788298,60,11,4,1,20,2,4.0,20,1
15788720,45,11,1,1,20,2,2.0,23,1
15789345,45,11,1,1,1,2,4.0,20,1
15790033,45,11,4,1,5,2,4.0,20,1
15791679,60,12,1,1,20,2,4.0,22,1
15791680,60,11,1,1,20,2,4.0,20,1
15791843,65,12,1,2,1,2,4.0,21,1
15791930,60,11,1,1,1,2,4.0,20,1
15792130,60,11,4,1,20,2,4.0,21,1
15792248,40,11,4,1,20,2,4.0,20,1
15792280,60,12,4,1,20,2,4.0,20,1
15792577,60,11,1,1,20,2,4.0,21,1
15792772,60,11,1,1,20,2,4.0,20,1
15792811,60,11,1,1,20,2,4.0,21,1
15792967,50,2,1,2,20,2,4.0,20,1
15793113,60,11,1,1,20,2,4.0,22,1
15793117,45,2,1,2,5,2,2.0,22,1
15793235,60,2,1,2,20,2,4.0,22,1
15794266,60,2,1,2,20,2,4.0,20,1
15795965,60,12,1,1,20,2,4.0,20,1
15797100,65,11,4,1,20,2,4.0,21,1
15798707,60,11,1,1,20,7,4.0,1,4
15799068,45,11,1,1,9,2,4.0,22,1
15799168,65,11,1,1,20,2,4.0,21,1
15801748,65,12,1,1,20,2,4.0,21,1
15801796,45,11,1,1,9,2,4.0,14,1
15802170,60,11,1,1,1,2,4.0,20,1
15802298,60,11,1,1,20,2,4.0,21,1
15802788,60,11,1,1,20,2,4.0,21,1
15802800,60,11,1,1,20,2,4.0,20,1
15802803,60,11,1,1,20,2,4.0,20,1
15802804,45,11,1,1,5,2,2.0,22,1
15803047,60,2,1,2,20,2,4.0,21,1
15803742,65,2,1,2,20,2,4.0,21,1
15803743,60,11,1,1,20,2,4.0,20,1
15803744,60,11,1,1,20,2,4.0,21,1
15803745,45,11,4,1,20,2,4.0,20,1
15804376,60,11,1,1,20,2,4.0,20,1
15804754,60,11,1,1,20,2,4.0,21,1
15804964,65,11,1,1,20,2,4.0,20,1
15804967,60,12,1,1,20,2,4.0,21,1
15805104,45,11,4,1,20,7,4.0,1,4
15805105,60,12,4,1,20,7,4.0,1,2
15806068,60,11,1,1,20,2,4.0,21,1
15806632,60,11,1,1,20,2,4.0,20,1
15808343,60,11,1,1,20,2,4.0,20,1
15808920,60,12,5,2,1,2,4.0,21,1
15808952,45,11,1,1,20,2,2.0,14,1
15808953,50,11,1,1,20,2,3.0,23,1
15809052,60,11,1,1,20,2,4.0,20,1
15810976,65,2,1,3,20,7,4.0,1,2
15812603,60,11,1,1,20,2,4.0,20,1
15812749,45,12,1,1,20,2,2.0,14,1
15813199,60,11,1,1,20,2,4.0,22,1
15813371,60,11,4,1,20,2,4.0,20,1
15813395,60,11,4,1,1,8,4.0,1,3
15815579,60,12,1,1,11,2,4.0,21,1
15816302,60,12,1,1,20,2,4.0,20,1
15816855,40,11,1,1,1,2,3.0,13,1
15817375,40,11,1,1,1,2,4.0,21,1
15817874,45,11,1,1,5,2,1.0,10,1
15818260,35,12,1,1,20,2,4.0,22,1
15818890,60,11,1,1,20,2,4.0,21,1
15821507,60,11,4,1,20,2,4.0,20,1
15822403,60,11,1,1,20,2,4.0,20,1
15822774,60,11,1,1,20,2,4.0,21,1
15823065,65,12,1,1,20,2,4.0,20,1
15823216,65,11,5,1,20,2,4.0,20,1
15823470,60,11,4,1,20,2,4.0,20,1
15823473,35,11,4,1,20,2,2.0,22,1
15825386,45,11,4,1,5,2,2.0,22,1
15825610,65,0,0,0,1,7,4.0,1,4
15826519,35,11,1,1,20,2,4.0,21,1
15826874,35,11,1,1,20,2,4.0,20,1
15827252,60,12,1,1,20,2,4.0,20,1
15828163,35,12,1,2,5,2,1.0,34,1
15828305,55,12,1,1,20,2,4.0,21,1
15829230,45,11,4,1,5,2,2.0,22,1
15829453,30,11,1,1,8,2,2.0,13,1
15829612,60,11,4,2,20,7,4.0,1,4
15829697,55,11,1,1,1,2,4.0,20,1
15830075,65,11,4,1,20,2,4.0,20,1
15831346,65,2,1,2,1,2,4.0,20,1
15831712,60,2,1,2,20,2,4.0,20,1
15832552,60,11,1,1,20,2,4.0,22,1
15834367,60,11,1,1,20,2,4.0,21,1
15835278,40,11,1,1,20,2,3.0,13,1
15835945,45,11,1,1,9,2,4.0,10,1
15835947,60,2,4,2,11,7,4.0,1,4
15835959,65,2,4,2,20,2,4.0,21,1
15836174,60,12,1,1,11,2,4.0,20,1
15837098,60,11,1,1,20,2,4.0,20,1
15837606,60,12,1,1,20,2,4.0,20,1
15837922,60,11,2,1,20,2,4.0,20,1
15838269,45,12,1,1,9,2,4.0,22,1
15838483,40,11,1,1,20,2,2.0,20,1
15838486,45,11,1,1,20,2,2.0,23,1
15838591,60,11,1,1,20,8,4.0,1,1
15840086,60,2,1,2,20,7,4.0,1,4
15840156,60,11,1,1,20,2,4.0,20,1
15840639,35,11,1,1,20,2,2.0,22,1
15840764,35,11,1,1,5,1,1.0,1,1
15840854,45,11,1,1,20,2,1.0,10,1
15841094,60,11,1,1,20,2,4.0,20,1
15841273,45,11,1,1,5,2,4.0,20,1
15841760,60,11,1,1,1,7,4.0,1,4
15842016,45,11,4,1,20,2,4.0,31,1
15842018,65,11,4,1,20,2,4.0,31,1
15842148,45,11,1,1,5,2,2.0,22,1
15843081,60,11,1,1,20,7,4.0,1,2
15843528,60,11,1,1,20,2,4.0,20,1
15843677,60,11,4,1,20,7,4.0,1,4
15847043,60,12,1,1,20,2,4.0,20,1
15847061,45,12,1,1,5,2,2.0,22,1
15847796,45,2,1,2,20,2,4.0,21,1
15848048,60,12,1,3,20,7,4.0,1,4
15848083,60,11,4,1,20,7,4.0,1,4
15852251,60,2,1,2,20,2,4.0,21,1
15852417,60,11,1,1,20,2,4.0,21,1
15853130,60,11,1,1,20,2,4.0,20,1
15853686,60,11,4,1,20,8,4.0,1,1
15855552,45,12,1,1,5,2,4.0,20,1
15855559,60,2,1,2,20,2,4.0,20,1
15855893,45,11,6,1,5,2,1.0,28,1
15855955,60,12,1,1,20,2,4.0,22,1
15856151,60,2,4,2,20,2,4.0,21,1
15856152,60,2,4,2,20,7,4.0,1,4
15856725,60,11,1,1,20,2,2.0,20,1
15857835,45,12,1,1,5,2,1.0,10,1
15857846,20,12,1,1,1,2,3.0,13,2
15857856,65,2,4,2,20,2,4.0,21,1
15857858,65,11,1,1,11,2,4.0,22,1
15858430,60,11,1,1,20,2,4.0,20,1
15858467,60,11,1,1,11,2,4.0,21,1
15858923,60,12,1,1,20,2,4.0,20,1
15859826,45,12,4,1,5,2,2.0,21,1
15859984,30,11,1,1,9,2,2.0,20,1
15860390,60,12,4,1,20,7,4.0,1,2
15862094,60,11,1,1,20,2,4.0,20,1
15862222,60,12,4,1,20,2,4.0,20,1
15862226,60,2,4,2,20,2,4.0,20,1
15864249,60,11,1,1,20,2,4.0,21,1
15866602,60,11,1,1,20,2,4.0,20,1
15869586,60,11,1,1,20,2,4.0,22,1
15869707,60,11,1,1,1,2,4.0,20,1
15869803,65,2,1,3,1,7,4.0,1,4
15870050,60,11,1,1,20,2,4.0,20,1
15870390,60,12,1,1,20,2,4.0,20,1
15870416,60,11,1,1,20,2,4.0,22,1
15871044,45,11,4,1,9,2,4.0,14,1
15871688,35,12,1,1,5,2,1.0,34,1
15872293,60,11,1,1,20,2,4.0,20,1
15872873,45,12,1,1,5,2,4.0,20,1
15877693,60,12,1,1,11,2,4.0,20,1
15877727,60,11,4,1,20,2,4.0,21,1
15877832,40,12,1,1,5,2,1.0,10,1
15878319,60,12,1,1,20,2,4.0,20,1
15878769,60,11,1,1,20,7,4.0,1,2
15879804,60,11,4,1,20,7,4.0,1,4
15879855,60,12,1,1,20,2,4.0,20,1
15880980,60,11,1,1,20,2,4.0,20,1
15881178,60,11,1,1,1,2,4.0,21,1
15881838,45,12,5,1,20,2,2.0,20,1
15882172,60,11,1,1,20,2,4.0,20,1
15882997,45,12,1,1,5,2,2.0,20,1
15883728,45,11,1,1,9,2,4.0,14,1
15885965,45,11,1,1,20,2,1.0,23,1
15887696,35,11,1,1,20,2,4.0,20,1
15888529,45,11,1,1,20,2,4.0,20,1
15889740,45,11,1,1,20,2,4.0,21,1
15889769,60,11,1,1,20,2,4.0,20,1
15890424,60,11,4,1,20,2,4.0,20,1
15890501,35,11,1,1,5,2,1.0,10,1
15890705,60,12,1,1,20,2,4.0,20,1
15892279,60,11,1,1,20,2,4.0,20,1
15892280,5,11,1,1,20,2,4.0,20,1
15892924,60,11,1,1,20,2,4.0,20,1
15895584,65,11,1,1,20,2,4.0,21,1
15896292,60,11,1,1,20,2,4.0,22,1
15896301,60,11,1,1,20,2,4.0,22,1
15896374,60,12,1,1,1,2,4.0,21,1
15896674,45,11,1,1,20,2,4.0,22,1
15897855,45,11,1,1,5,2,1.0,10,1
15898013,60,11,1,1,1,2,4.0,21,1
15898200,65,11,4,1,20,7,4.0,1,2
15898433,65,11,1,1,1,2,4.0,20,1
15898459,60,11,1,1,20,2,4.0,20,1
15898464,60,11,4,1,20,2,4.0,21,1
15898879,45,11,4,1,20,2,2.0,21,1
15898953,60,11,4,1,20,2,4.0,21,1
15899375,50,12,1,2,20,2,4.0,22,1
15900161,60,12,1,1,11,2,4.0,20,1
15900174,60,11,1,1,20,2,4.0,20,1
15904572,60,11,1,1,20,2,4.0,20,1
15905115,65,2,1,2,10,7,4.0,1,2
15905123,60,11,1,1,20,2,4.0,22,1
15905136,35,11,1,1,20,2,4.0,21,1
15905961,40,12,1,1,9,2,4.0,20,1
15906435,35,11,1,1,1,2,4.0,21,1
15906649,65,11,4,1,20,2,4.0,20,1
15907605,45,0,4,1,5,2,2.0,22,1
15907756,60,11,1,1,20,2,4.0,20,1
15908360,65,2,4,2,20,2,4.0,21,1
15908495,60,11,1,1,20,2,4.0,20,1
15910270,60,2,1,2,20,7,4.0,1,2
15910835,65,2,1,2,20,2,4.0,20,1
15910990,45,11,2,1,20,2,4.0,14,1
15911845,60,11,4,1,1,2,4.0,22,1
15912134,60,2,1,2,20,2,4.0,21,1
15918382,60,2,4,2,20,7,4.0,1,4
15921469,60,2,1,2,20,2,4.0,20,1
15932749,45,11,1,1,20,2,4.0,21,1
16187058,65,2,4,2,20,7,4.0,1,2
16235646,60,11,4,1,1,2,4.0,20,1
16344907,65,11,4,1,20,7,4.0,1,2
15905965,60,11,1,1,1,2,4.0,20,1
15907751,60,11,1,1,20,2,4.0,20,1
15909616,55,11,1,1,20,2,4.0,20,1
15909889,60,11,1,1,20,2,4.0,21,1
15910072,40,11,1,1,20,2,4.0,20,1
15910157,60,12,1,1,1,2,4.0,20,1
15911014,45,11,1,1,20,5,2.0,2,1
15911315,60,11,1,1,20,2,4.0,20,1
15911323,5,11,1,1,20,2,4.0,21,1
15911389,60,11,1,1,11,2,4.0,20,1
15911390,60,11,1,1,11,2,4.0,20,1
15912135,60,12,1,1,17,2,4.0,20,1
15913117,45,11,1,1,5,2,2.0,22,1
15913980,45,12,1,1,5,2,1.0,10,1
15914132,65,11,4,1,20,2,4.0,20,1
15916411,45,12,5,1,9,2,4.0,20,1
15916414,45,12,4,1,20,2,3.0,13,1
15916590,60,12,1,1,20,2,4.0,20,1
15917924,65,12,1,1,20,2,4.0,20,1
15918127,35,11,1,1,1,2,4.0,21,1
15918310,60,11,1,1,20,2,4.0,21,1
15920327,35,11,1,1,5,2,4.0,20,1
15920829,50,11,1,1,1,2,4.0,20,1
15921813,65,11,1,1,20,2,4.0,21,1
15922161,60,11,1,1,20,2,4.0,20,1
15922300,35,11,1,1,20,2,4.0,20,1
15922335,65,11,1,1,20,2,4.0,22,1
15922339,60,11,1,1,20,2,4.0,20,1
15922417,45,11,1,1,20,2,4.0,20,1
15923181,60,11,1,1,20,2,4.0,20,1
15923516,45,11,4,1,20,2,2.0,13,1
15924147,60,11,1,1,20,7,4.0,1,2
15925689,65,11,4,1,20,2,2.0,20,1
15925811,50,12,1,1,20,2,3.0,22,1
15927772,45,11,1,1,5,2,4.0,14,1
15930783,60,11,1,1,11,2,4.0,20,1
15930808,45,11,1,1,20,7,4.0,1,2
15930920,60,11,4,1,11,7,4.0,1,2
15933201,65,11,1,1,20,2,4.0,22,1
15933455,65,2,4,2,20,2,4.0,21,1
15934610,60,2,4,2,20,7,4.0,1,2
15934838,60,11,1,1,20,2,4.0,20,1
15935913,60,12,1,1,20,2,4.0,21,1
15936043,65,2,1,2,1,7,4.0,1,4
15938343,60,2,4,3,11,7,4.0,1,2
15938353,60,2,1,2,20,2,4.0,21,1
15939124,60,11,4,1,20,10,4.0,1,1
15940058,60,2,1,2,11,7,4.0,1,4
15940739,60,11,1,1,20,2,4.0,20,1
15941764,60,11,1,1,20,2,4.0,20,1
15942874,60,11,1,1,20,2,4.0,20,1
15944092,60,2,1,3,20,7,4.0,1,4
15944692,60,11,1,1,20,2,4.0,21,1
15945180,45,11,1,1,20,2,4.0,21,1
15946526,60,2,1,3,20,7,4.0,1,4
15946535,60,2,1,2,20,7,4.0,1,4
15946563,65,11,4,1,20,7,4.0,1,2
15948573,65,11,1,1,20,2,4.0,21,1
15948884,65,11,1,1,1,2,4.0,22,1
15949210,45,2,1,2,5,2,1.0,10,1
15949227,60,2,1,2,20,7,4.0,1,2
15949230,50,11,1,1,20,2,2.0,22,1
15949444,60,11,4,1,20,2,4.0,21,1
15949447,60,11,1,1,11,2,4.0,20,1
15949448,45,11,1,1,1,2,4.0,20,1
15950343,45,11,1,1,5,2,4.0,21,1
15950483,45,11,1,1,20,2,1.0,22,1
15950785,60,11,1,1,20,2,4.0,22,1
15950794,60,12,1,1,20,2,4.0,20,1
15951120,60,2,1,2,20,7,4.0,1,4
15952020,45,11,1,1,9,2,4.0,22,1
15952021,60,11,1,1,20,2,4.0,20,1
15952698,60,11,1,1,20,2,4.0,20,1
15952765,60,11,1,1,20,2,4.0,20,1
15952778,60,11,1,1,20,2,4.0,20,1
15952891,45,11,4,1,20,2,4.0,21,1
15953835,65,11,1,1,1,8,4.0,1,1
15953876,60,11,1,1,1,2,4.0,20,1
15954037,45,11,1,1,5,2,2.0,22,1
15954146,45,11,4,1,20,2,4.0,20,1
15954148,45,11,1,1,20,2,4.0,22,1
15954151,40,11,1,1,1,2,4.0,22,1
15954208,60,11,4,1,20,2,4.0,20,1
15954793,60,11,1,1,20,2,4.0,20,1
15956226,50,11,1,1,1,7,3.0,2,2
15956711,35,11,1,1,20,2,4.0,21,1
15957365,40,11,1,1,5,2,2.0,22,1
15958758,50,11,1,1,5,2,1.0,10,1
15958842,60,2,1,2,20,7,4.0,1,4
15959209,60,11,1,1,20,2,4.0,20,1
15959266,60,11,4,1,1,2,4.0,20,1
15961476,65,11,1,1,20,2,4.0,21,1
15961612,45,11,1,1,20,2,4.0,20,1
15961690,60,11,1,1,11,2,4.0,20,1
15962090,60,11,1,1,20,2,4.0,20,1
15963302,60,11,1,1,11,2,4.0,20,1
15963518,60,11,1,1,20,2,4.0,20,1
15964401,65,11,4,1,1,2,4.0,21,1
15966744,60,11,1,1,20,2,4.0,20,1
15967038,60,11,1,1,20,2,4.0,21,1
15967292,60,11,4,1,20,10,4.0,1,2
15967590,65,11,1,1,20,2,4.0,20,1
15967644,60,11,1,1,1,2,4.0,20,1
15967702,40,11,1,1,9,2,4.0,28,1
15967985,35,11,4,1,20,2,4.0,14,1
15968686,60,11,1,1,11,2,4.0,21,1
15968696,65,11,1,1,1,2,4.0,22,1
15969175,60,11,1,1,20,2,4.0,20,1
15969177,45,11,1,1,5,2,2.0,22,1
15970426,60,11,1,1,20,2,4.0,22,1
15971385,45,11,1,1,5,2,3.0,13,1
15971387,60,12,1,1,20,2,2.0,20,1
15974087,65,11,4,1,20,2,4.0,21,1
15974645,60,12,1,1,20,2,4.0,20,1
15975258,60,11,1,1,20,2,4.0,21,1
15975505,45,2,1,2,20,2,4.0,20,1
15977090,60,12,1,1,11,2,4.0,20,1
15977141,35,11,1,1,20,2,4.0,21,1
15977345,60,11,4,1,20,7,4.0,1,4
15978558,45,12,4,1,9,2,2.0,22,1
15979380,45,11,1,1,9,2,4.0,14,1
15979619,60,11,1,1,1,2,4.0,20,1
15979639,60,11,4,1,20,2,4.0,21,1
15979645,60,11,1,1,20,2,4.0,21,1
15979698,45,11,3,1,20,7,4.0,1,2
15980934,60,11,1,1,20,2,4.0,20,1
15981506,50,11,4,1,5,7,2.0,1,2
15983861,45,11,1,1,20,2,4.0,24,1
15983966,60,11,1,1,20,2,4.0,20,1
15985637,60,2,1,2,20,7,4.0,1,4
15986522,50,11,4,1,1,2,4.0,22,1
15986627,45,12,1,1,9,2,4.0,22,1
15988309,60,11,1,1,20,2,4.0,20,1
15988734,50,12,1,1,8,2,2.0,13,1
15990127,40,11,1,1,20,2,2.0,22,1
15991638,65,11,1,1,1,2,4.0,21,1
15991701,60,11,1,1,20,2,4.0,20,1
15993292,65,11,1,1,10,2,4.0,20,1
15993293,35,11,1,1,5,2,1.0,10,1
15993343,60,11,1,1,20,2,4.0,20,1
15993345,60,11,1,1,20,2,4.0,22,1
15993347,60,12,1,1,20,2,4.0,20,1
15995747,45,11,1,1,1,2,3.0,10,1
15998741,60,12,1,1,20,2,4.0,20,1
15999080,60,12,1,1,20,2,4.0,22,1
16001315,60,11,1,1,20,2,4.0,20,1
16003359,65,11,1,1,20,2,4.0,20,1
16003680,60,11,4,1,20,2,4.0,20,1
16005131,40,11,1,1,1,2,4.0,20,1
16005842,60,11,1,1,20,2,4.0,22,1
16006050,60,11,1,1,20,2,4.0,20,1
16006277,60,12,1,1,20,2,4.0,20,1
16006279,60,12,1,1,20,2,4.0,20,1
16006495,60,11,4,1,20,2,4.0,21,1
16006823,65,11,4,1,1,2,4.0,21,1
16007407,45,12,4,1,9,2,4.0,14,1
16007776,65,11,4,1,20,2,4.0,21,1
16008894,45,11,4,1,5,2,2.0,21,1
16008909,65,12,1,1,20,2,4.0,20,1
16008913,35,11,1,1,20,2,4.0,22,1
16008956,60,11,1,1,20,2,4.0,21,1
16009711,45,11,1,1,20,2,4.0,21,1
16009713,5,11,4,1,20,2,4.0,20,1
16010126,45,11,5,1,9,2,2.0,13,1
16010450,65,11,1,1,20,2,4.0,20,1
16011041,60,12,1,1,20,2,4.0,20,1
16011045,60,11,1,1,20,2,4.0,21,1
16011071,60,11,1,1,20,2,4.0,20,1
16011505,60,11,1,1,20,2,4.0,20,1
16011572,60,11,1,1,1,2,4.0,20,1
16011723,70,12,1,1,11,2,4.0,20,1
16013721,60,11,1,1,20,2,4.0,21,1
16014458,45,11,1,1,5,2,1.0,21,1
16015473,60,11,2,1,20,2,4.0,20,1
16016068,45,11,1,1,5,2,2.0,22,1
16017730,65,11,1,1,1,2,4.0,21,1
16019492,45,11,4,1,20,2,2.0,22,1
16019675,45,11,1,1,5,2,3.0,13,1
16020304,40,11,1,1,20,2,4.0,20,1
16020356,45,11,1,1,20,2,2.0,22,1
16020382,35,11,1,1,20,2,4.0,21,1
16021586,65,11,1,1,1,2,4.0,20,1
16022374,60,12,4,1,20,2,4.0,21,1
16022475,50,12,1,1,20,2,4.0,22,1
16022634,65,11,6,1,20,2,4.0,21,1
16024433,50,11,1,1,20,2,4.0,20,1
16024466,60,11,1,1,20,7,4.0,1,2
16024563,60,11,1,1,20,2,4.0,21,1
16024766,60,11,1,1,20,2,4.0,20,1
16025040,65,11,4,1,20,2,4.0,20,1
16025042,60,11,1,1,20,2,4.0,21,1
16025452,65,12,1,1,20,2,4.0,20,1
16026010,60,11,1,1,20,2,4.0,20,1
16027082,65,11,4,1,20,2,4.0,20,1
16030877,35,12,1,1,20,2,4.0,21,1
16031420,60,12,4,1,20,7,4.0,1,4
16031432,45,11,4,1,5,2,4.0,20,1
16031737,60,11,1,1,20,7,4.0,1,2
16032041,65,11,1,1,20,2,4.0,21,1
16032576,60,11,1,1,20,2,4.0,20,1
16032707,60,2,4,2,20,2,4.0,21,1
16032737,45,11,4,1,1,2,2.0,20,1
16032738,35,11,4,1,5,2,2.0,14,1
16032838,45,2,4,2,20,2,4.0,20,1
16032996,60,11,1,1,20,2,4.0,21,1
16033103,60,2,1,2,20,2,4.0,21,1
16033489,45,11,4,1,20,7,3.0,2,2
16035467,65,2,1,2,20,2,4.0,20,1
16036140,60,11,4,1,20,2,4.0,31,1
16038968,45,11,1,1,9,2,4.0,14,1
16039353,60,11,1,1,20,2,4.0,20,1
16039801,60,11,4,1,20,2,4.0,20,1
16040168,50,11,1,1,20,2,2.0,14,1
16040413,65,11,1,1,1,2,4.0,22,1
16042866,60,11,1,1,20,2,4.0,21,1
16045043,55,11,4,1,20,2,4.0,14,1
16045436,65,11,1,1,20,2,4.0,20,1
16045440,60,11,1,1,20,2,4.0,21,1
16046127,65,2,4,3,20,7,4.0,1,4
16046319,60,2,1,2,20,7,4.0,1,2
16046337,60,2,1,2,20,2,4.0,21,1
16046338,60,2,1,2,20,7,4.0,1,4
16046573,45,11,5,1,20,2,4.0,22,1
16046691,45,11,1,1,20,2,4.0,20,1
16047488,65,2,4,2,20,7,4.0,1,2
16048034,35,12,1,1,20,2,1.0,20,1
16048839,60,11,1,1,5,2,4.0,21,1
16049238,45,12,1,1,20,2,4.0,14,1
16049576,30,11,1,1,20,2,1.0,24,1
16051492,60,11,4,1,20,2,4.0,20,1
16052158,60,11,4,1,20,2,4.0,21,1
16052203,60,2,4,2,20,2,4.0,20,1
16052205,60,2,4,2,20,7,4.0,1,2
16053662,45,11,1,1,11,2,3.0,20,1
16054633,60,11,1,1,20,2,4.0,20,1
16059722,60,11,1,1,20,2,4.0,22,1
16059723,35,11,1,1,20,2,4.0,20,1
16060902,35,11,1,1,9,2,2.0,22,1
16061297,30,11,1,1,5,2,2.0,22,1
16062707,45,11,1,1,9,2,4.0,14,1
16063393,60,2,4,3,20,7,4.0,1,4
16063809,60,2,1,2,11,2,4.0,21,1
16064506,60,11,1,1,20,2,4.0,21,1
16064552,45,12,1,2,1,2,3.0,17,1
16069683,45,12,1,2,11,2,4.0,21,1
16069695,60,12,1,1,11,2,4.0,21,1
16070520,45,12,1,1,20,2,4.0,20,1
16071832,60,11,1,1,11,2,4.0,20,1
16072046,65,2,6,2,20,7,4.0,1,2
16074204,45,11,1,1,5,2,2.0,20,1
16074624,60,12,1,1,20,2,4.0,20,1
16074711,45,11,4,1,5,2,1.0,34,1
16074987,35,11,4,1,5,2,1.0,10,1
16077088,45,11,1,1,20,2,4.0,20,1
16078623,35,11,4,1,5,2,1.0,34,1
16079472,40,11,4,1,20,2,4.0,20,1
16079741,45,11,1,1,20,2,4.0,21,1
16080306,45,11,1,1,5,2,1.0,10,1
16081767,60,11,1,1,20,2,4.0,22,1
16081899,60,11,1,1,20,2,4.0,20,1
16082491,60,11,4,1,20,2,4.0,21,1
16082494,60,11,4,1,20,2,4.0,20,1
16082724,50,11,1,1,20,2,4.0,20,1
16083293,60,12,4,1,20,2,4.0,20,1
16084528,60,11,2,1,20,2,4.0,20,1
16084988,45,11,4,1,5,2,1.0,10,1
16085800,60,11,4,1,20,2,4.0,20,1