Crash_ID,Crash_Speed_Limit,Wthr_Cond_ID,Light_Cond_ID,Surf_Cond_ID,Traffic_Cntl_ID,Harm_Evnt_ID,Intrsct_Relat_ID,FHE_Collsn_ID,Road_Relat_ID
16085843,45,12,1,1,1,2,1.0,10,1
16087088,60,11,1,1,20,2,2.0,10,1
16087435,45,12,5,1,5,2,4.0,20,1
16087436,60,11,1,1,20,2,4.0,21,1
16088265,60,11,1,1,20,2,4.0,22,1
16088266,60,11,1,1,20,2,4.0,22,1
16088268,45,12,1,1,20,2,4.0,20,1
16088821,60,11,5,1,20,2,4.0,20,1
16089040,45,11,1,1,20,2,4.0,20,1
16089507,45,11,1,1,20,2,4.0,22,1
16089896,60,11,1,1,1,2,4.0,20,1
16090483,60,11,1,1,20,2,4.0,20,1
16090545,65,11,1,1,20,2,4.0,20,1
16090860,65,12,1,1,20,7,4.0,1,4
16091730,30,11,4,1,5,2,1.0,34,1
16091732,45,12,1,1,20,2,3.0,10,1
16091733,45,12,1,1,5,2,2.0,20,1
16091734,60,11,1,1,20,2,4.0,20,1
16091736,35,11,4,1,9,2,4.0,14,1
16093697,60,11,1,1,20,2,4.0,20,1
16093714,60,11,1,1,20,2,4.0,22,1
16093774,60,12,1,1,11,2,4.0,21,1
16094924,45,11,4,1,5,1,2.0,3,1
16094950,60,12,1,1,20,2,4.0,22,1
16094978,35,11,4,1,20,2,4.0,20,1
16094986,60,11,4,1,20,2,4.0,21,1
16097072,45,11,1,1,5,2,1.0,10,1
16097256,60,11,1,1,20,2,4.0,20,1
16097257,60,11,4,1,20,2,4.0,20,1
16099514,60,12,4,1,20,2,4.0,20,1
16100066,65,11,4,1,20,2,4.0,21,1
16102016,45,11,4,1,20,7,3.0,1,2
16102249,60,11,1,1,1,2,4.0,20,1
16102762,45,11,1,1,20,2,4.0,21,1
16103877,35,11,4,1,20,2,4.0,21,1
16104215,60,11,1,1,20,7,4.0,1,4
16104639,60,11,1,1,20,2,4.0,20,1
16107442,45,11,1,1,20,2,3.0,10,1
16107797,40,11,1,1,6,2,1.0,10,1
16108978,45,11,1,1,5,2,2.0,22,1
16109833,60,11,5,1,20,2,4.0,20,1
16110797,45,11,1,1,1,2,4.0,20,1
16110802,45,11,1,1,20,7,4.0,1,2
16111463,60,11,1,1,20,2,4.0,21,1
16113316,65,12,4,1,20,2,4.0,20,1
16113320,45,11,1,1,5,2,1.0,10,1
16114457,45,11,1,1,5,2,1.0,24,1
16115541,35,11,1,1,21,2,1.0,10,1
16117772,55,11,4,1,20,2,4.0,20,1
16118345,60,2,1,2,20,7,4.0,1,2
16118353,60,2,1,2,20,7,4.0,1,4
16118508,45,12,4,2,20,2,1.0,14,1
16118973,60,11,1,1,20,2,4.0,21,1
16119636,65,11,4,1,20,2,4.0,20,1
16120003,60,2,1,2,20,2,4.0,20,1
16120456,45,11,1,1,20,2,4.0,21,1
16120594,60,2,1,2,20,2,4.0,22,1
16121449,60,2,1,2,20,2,4.0,21,1
16122269,60,12,1,2,20,2,4.0,20,1
16122839,65,12,1,1,20,2,4.0,22,1
16122906,60,11,1,1,20,2,4.0,21,1
16123225,65,2,1,2,20,2,4.0,20,1
16123228,60,11,4,1,20,2,4.0,21,1
16123233,60,11,4,1,1,2,4.0,20,1
16123298,60,2,4,2,20,2,4.0,21,1
16123304,60,2,4,2,20,7,4.0,1,2
16123336,65,0,4,1,20,2,4.0,21,1
16123341,60,11,4,1,20,2,4.0,21,1
16125110,60,11,1,1,20,2,4.0,21,1
16125958,60,2,1,2,20,2,4.0,21,1
16127252,60,2,1,2,20,7,4.0,1,4
16127259,60,2,1,2,20,7,4.0,1,2
16127425,60,2,1,2,20,2,4.0,20,1
16127434,60,2,4,2,20,7,4.0,1,1
16127448,60,11,1,1,20,2,4.0,22,1
16128537,65,2,1,2,11,2,4.0,20,1
16128615,55,11,1,1,20,2,4.0,20,1
16129595,60,12,4,1,20,2,4.0,20,1
16129928,60,2,1,2,20,7,4.0,1,4
16129930,60,12,5,2,20,2,4.0,20,1
16130352,65,2,4,2,1,2,4.0,21,1
16131112,60,2,4,2,20,2,4.0,22,1
16131177,40,0,0,0,5,1,2.0,1,1
16131425,60,2,1,2,20,2,4.0,21,1
16131426,50,12,1,1,20,2,4.0,20,1
16131752,60,12,4,1,20,2,4.0,20,1
16133422,60,2,4,2,20,2,4.0,20,1
16133442,60,2,1,2,20,2,4.0,35,1
16133444,65,2,1,2,20,2,4.0,20,1
16134031,60,11,1,1,20,2,4.0,21,1
16134034,45,12,1,1,9,2,4.0,22,1
16134035,60,11,1,1,20,2,4.0,20,1
16134383,60,11,1,1,20,2,4.0,20,1
16134532,60,11,4,1,20,2,4.0,22,1
16135064,65,2,4,2,20,7,4.0,1,4
16137059,45,11,1,1,20,2,4.0,20,1
16137148,60,11,1,1,20,2,4.0,20,1
16137606,60,11,4,1,20,2,4.0,20,1
16137793,45,11,1,1,1,2,2.0,22,1
16138504,65,11,4,1,11,2,4.0,20,1
16139362,60,11,1,1,20,7,2.0,1,2
16139392,60,2,1,3,20,7,4.0,1,4
16139422,65,11,4,1,20,2,4.0,22,1
16139483,65,11,4,1,20,2,4.0,20,1
16140012,60,2,4,2,20,7,4.0,1,2
16140856,35,11,4,1,20,2,4.0,21,1
16141000,60,12,2,0,20,2,4.0,21,1
16141358,60,11,1,1,20,2,4.0,20,1
16141461,60,11,4,1,11,2,4.0,21,1
16143423,60,12,1,1,20,2,4.0,20,1
16143433,45,11,1,1,20,2,4.0,22,1
16143442,60,11,1,1,20,2,4.0,21,1
16143931,60,12,4,2,20,2,4.0,20,1
16143950,60,2,1,2,20,2,4.0,20,1
16144191,55,11,4,1,20,2,4.0,20,1
16144262,45,11,1,1,20,2,3.0,13,1
16145081,60,2,1,2,20,7,4.0,1,4
16145413,60,12,1,1,20,2,4.0,21,1
16145803,65,11,4,1,20,7,,1,2
16145889,60,2,1,2,20,2,4.0,20,1
16146374,45,11,3,1,11,2,4.0,20,1
16146378,60,12,4,1,20,2,4.0,20,1
16146379,65,11,4,1,20,2,4.0,21,1
16147962,60,2,4,2,20,2,4.0,20,1
16148042,45,12,1,1,20,2,1.0,23,1
16149256,60,12,1,1,20,2,4.0,20,1
16149702,45,11,1,1,20,2,4.0,21,1
16151321,60,11,1,1,20,2,4.0,21,1
16151426,60,2,3,2,11,2,4.0,22,1
16151819,65,2,4,2,20,2,4.0,20,1
16151981,60,11,4,1,20,7,4.0,1,4
16152095,45,12,1,2,17,2,4.0,21,1
16153968,60,11,1,1,20,2,4.0,21,1
16154105,60,2,1,2,20,2,4.0,20,1
16156507,60,11,1,1,1,2,4.0,20,1
16158410,45,11,4,1,20,2,4.0,20,1
16159012,60,11,4,1,20,2,4.0,20,1
16159015,60,11,4,1,20,4,4.0,1,3
16159171,60,12,1,1,20,2,4.0,20,1
16159823,60,12,1,1,1,2,4.0,22,1
16160055,45,11,4,1,21,2,1.0,13,1
16160787,60,12,4,1,20,2,4.0,20,1
16163719,40,11,4,1,20,2,4.0,20,1
16164125,60,11,1,1,20,2,4.0,20,1
16164151,60,11,1,2,20,2,4.0,20,1
16164545,60,11,4,1,20,7,4.0,1,2
16164548,60,11,4,1,20,7,4.0,1,2
16166885,60,2,4,2,20,7,4.0,1,4
16167137,45,12,4,2,20,7,4.0,1,2
16167272,60,11,1,1,20,2,4.0,20,1
16170285,35,11,1,1,1,2,1.0,24,1
16170421,45,2,1,2,9,2,4.0,22,1
16172223,45,11,4,1,20,2,2.0,22,1
16172460,60,11,5,1,20,2,4.0,22,3
16174663,45,11,4,1,20,2,4.0,21,1
16174668,45,2,1,2,20,2,4.0,10,1
16175140,60,11,4,1,20,2,4.0,20,1
16176125,60,12,1,1,1,2,4.0,20,1
16176438,60,12,1,1,20,2,4.0,21,1
16176705,60,11,4,1,20,7,4.0,1,4
16177957,40,12,1,1,1,7,4.0,1,2
16178596,60,5,4,2,20,2,4.0,20,1
16178759,45,11,4,1,20,2,3.0,10,1
16179238,45,2,1,2,1,2,3.0,13,1
16183173,45,11,1,1,20,2,2.0,22,1
16184488,65,2,4,3,20,7,4.0,1,2
16184633,60,2,4,2,20,2,4.0,21,1
16188068,35,11,4,1,5,2,1.0,10,1
16194215,65,11,3,2,1,2,4.0,21,1
16195268,45,11,4,1,20,2,4.0,21,1
16196078,60,11,4,1,20,2,4.0,20,1
16178965,60,12,4,1,20,7,4.0,1,2
16178967,60,11,4,1,20,2,4.0,22,1
16180564,60,11,4,1,20,2,4.0,20,1
16181044,40,12,1,1,1,2,1.0,22,1
16181244,60,12,4,1,1,2,4.0,21,1
16182080,65,11,1,1,20,2,4.0,20,1
16182569,65,11,1,1,1,2,4.0,20,1
16182583,65,11,1,1,11,2,4.0,20,1
16183063,60,11,1,1,20,2,4.0,20,1
16184046,65,11,4,1,20,2,4.0,21,1
16187168,60,2,4,3,20,7,4.0,1,4
16189269,65,11,1,1,5,2,4.0,20,1
16190774,60,11,1,1,20,2,4.0,20,1
16191220,45,12,4,1,20,2,4.0,21,1
16191274,60,11,4,1,20,2,4.0,20,1
16191320,60,12,6,2,20,2,4.0,21,1
16191321,45,2,1,2,20,2,4.0,21,1
16194610,65,2,1,2,20,2,4.0,20,1
16195407,60,12,1,1,20,2,4.0,22,1
16195553,60,12,5,2,20,2,4.0,20,1
16195696,60,2,4,2,20,7,4.0,1,4
16196036,60,11,1,1,20,2,4.0,20,1
16196309,60,12,4,1,20,2,4.0,20,1
16196741,45,11,1,1,1,2,4.0,21,1
16198809,65,2,1,2,20,2,4.0,20,1
16198821,65,12,1,2,11,2,4.0,20,1
16199061,65,11,4,1,20,2,4.0,20,1
16199062,45,11,1,1,5,2,1.0,10,1
16199524,45,3,1,6,20,2,4.0,20,1
16199796,45,12,4,6,20,7,4.0,1,2
16199810,60,12,4,6,20,2,4.0,21,1
16200016,60,12,1,1,20,2,4.0,22,1
16201585,60,11,1,1,1,2,4.0,20,1
16201741,60,4,1,6,11,7,4.0,1,2
16201743,65,11,3,1,20,2,4.0,20,1
16201747,45,11,4,1,5,2,1.0,10,1
16202171,65,12,1,1,20,2,4.0,21,1
16202182,60,11,1,1,20,2,4.0,20,1
16203108,45,3,1,6,5,7,4.0,1,2
16203989,65,11,4,1,20,2,4.0,20,1
16205720,65,11,1,6,20,7,4.0,1,4
16205724,65,11,1,6,20,7,4.0,1,4
16205725,65,11,1,6,20,7,4.0,1,4
16206106,60,12,1,1,1,2,4.0,20,1
16206383,60,3,5,6,1,2,4.0,20,1
16206732,65,12,1,0,20,2,4.0,20,1
16207232,45,11,1,1,20,2,2.0,13,1
16207233,60,11,4,1,20,7,4.0,1,2
16209089,60,11,1,1,20,2,4.0,22,1
16209547,50,12,1,2,2,2,1.0,10,1
16209696,35,2,4,2,20,2,4.0,20,1
16209845,60,3,1,6,20,7,4.0,1,4
16209908,45,12,5,2,20,2,3.0,21,1
16209926,60,11,4,1,20,9,4.0,1,1
16210937,65,12,4,1,20,2,4.0,20,1
16211188,60,2,4,2,20,7,4.0,1,4
16211859,60,11,1,1,20,2,4.0,21,1
16214079,60,2,4,2,20,2,4.0,21,1
16214276,60,11,1,1,20,2,4.0,20,1
16215325,60,11,5,1,20,2,4.0,20,1
16215835,65,2,4,2,20,7,4.0,1,4
16216052,60,3,1,6,20,7,4.0,1,4
16217120,45,11,1,1,20,2,1.0,34,1
16217122,65,12,1,1,20,2,4.0,20,1
16217648,60,2,4,2,20,7,4.0,1,2
16218419,35,12,3,2,9,2,4.0,22,1
16218592,60,2,4,2,20,7,4.0,1,4
16218605,60,2,4,2,20,7,4.0,1,4
16218611,60,2,4,3,20,2,4.0,21,1
16219475,60,12,4,1,20,2,4.0,21,1
16219591,45,12,1,1,5,2,1.0,10,1
16220434,-1,11,1,1,20,2,3.0,10,1
16220435,45,12,4,1,5,2,2.0,22,1
16220436,45,11,1,1,20,2,3.0,23,1
16220444,60,2,3,3,11,7,4.0,1,2
16225702,60,2,1,2,20,2,4.0,21,1
16225794,60,11,1,1,1,2,4.0,20,1
16225979,60,2,4,3,20,7,4.0,1,4
16226119,45,11,1,1,5,2,1.0,10,1
16226216,60,11,1,1,20,2,4.0,20,1
16227652,65,12,4,1,20,2,4.0,20,1
16227735,60,2,4,3,20,7,4.0,1,4
16227760,60,11,1,1,20,2,4.0,20,1
16227944,60,11,2,2,1,2,4.0,20,1
16228939,60,11,1,1,20,2,4.0,20,1
16229337,60,2,1,2,20,7,4.0,1,1
16229430,45,11,1,1,20,2,4.0,20,1
16229509,50,11,4,1,20,7,2.0,1,2
16231657,-1,11,1,1,5,2,4.0,20,1
16232457,60,11,1,1,20,2,4.0,20,1
16232601,60,2,1,2,20,2,4.0,20,1
16232746,35,2,4,2,20,2,4.0,22,1
16234517,65,11,1,1,20,2,4.0,21,1
16234972,60,11,1,1,20,2,4.0,20,1
16235419,65,11,1,1,20,2,4.0,20,1
16235460,60,11,4,1,1,2,4.0,20,1
16236143,35,11,1,1,21,2,1.0,10,1
16236168,65,2,1,2,11,2,4.0,20,1
16236181,65,12,1,2,1,7,4.0,1,2
16236612,60,11,1,1,11,2,4.0,21,1
16237652,60,2,4,3,20,7,4.0,1,4
16238253,60,2,4,2,20,2,4.0,21,1
16238686,45,12,1,1,20,2,4.0,20,1
16240438,60,11,1,1,20,2,4.0,21,1
16241030,60,12,1,1,20,2,4.0,22,1
16241143,60,2,1,2,20,2,4.0,22,1
16241462,50,11,4,1,1,2,1.0,10,1
16241623,60,11,1,1,20,2,4.0,20,1
16241739,60,11,1,1,20,2,4.0,20,1
16241759,65,12,1,1,20,2,4.0,22,1
16241967,60,12,1,2,20,2,4.0,22,1
16242023,45,2,1,2,20,2,4.0,20,1
16242198,30,11,4,1,8,2,1.0,10,1
16242373,45,11,1,2,11,2,4.0,21,1
16242390,60,2,4,2,20,7,4.0,1,2
16243256,60,12,4,1,20,7,4.0,1,2
16244761,60,2,4,2,20,7,4.0,1,4
16244961,60,11,4,2,20,2,4.0,20,1
16244966,45,2,4,2,5,2,4.0,21,1
16246773,60,11,1,1,20,2,4.0,21,1
16247424,35,11,4,1,5,2,1.0,10,1
16248245,60,2,1,2,20,2,4.0,22,1
16249226,65,2,3,2,20,7,4.0,1,2
16249961,60,12,1,1,20,2,4.0,20,1
16250094,-1,11,1,1,20,2,4.0,20,1
16251020,60,11,1,1,20,2,4.0,20,1
16251021,60,11,1,1,20,2,4.0,22,1
16251928,35,5,4,2,5,2,1.0,10,1
16251946,60,12,1,1,20,2,4.0,20,1
16251981,65,2,1,2,11,7,4.0,1,2
16252031,65,12,1,1,1,2,4.0,20,1
16252034,55,2,1,2,20,2,4.0,22,1
16252274,60,2,4,2,1,2,4.0,20,1
16252763,60,11,1,1,20,2,4.0,21,1
16253086,50,11,1,1,20,2,4.0,22,1
16253395,35,12,4,1,20,2,4.0,20,1
16253417,45,11,1,1,20,2,4.0,20,1
16253869,60,2,1,2,11,2,4.0,20,1
16254155,5,12,1,1,20,2,2.0,22,1
16254357,60,12,4,1,20,2,4.0,20,1
16254814,60,12,1,2,20,2,4.0,20,1
16254910,65,11,1,1,20,2,4.0,21,1
16255202,35,11,1,1,5,2,1.0,10,1
16255215,45,12,1,2,5,2,1.0,10,1
16258085,45,11,4,1,5,2,1.0,10,1
16258088,60,12,4,1,20,2,4.0,20,1
16258089,65,11,4,1,20,7,4.0,1,4
16258306,60,11,1,1,20,2,4.0,22,1
16258308,60,12,4,1,20,2,4.0,22,1
16258471,60,12,1,1,20,2,4.0,22,1
16258682,60,2,4,3,20,7,4.0,1,4
16259138,60,2,4,2,1,2,4.0,21,1
16259837,60,11,1,1,20,2,4.0,21,1
16259859,45,2,1,2,20,2,1.0,10,1
16260299,60,2,1,2,20,2,4.0,20,1
16260706,65,11,1,1,1,2,4.0,20,1
16260763,60,11,4,1,20,2,4.0,20,1
16260813,60,2,4,2,20,7,4.0,1,2
16261122,45,12,1,1,5,2,1.0,24,1
16262289,45,12,1,1,5,2,1.0,10,1
16263109,60,2,4,3,20,7,4.0,1,4
16263440,60,2,4,2,20,7,4.0,1,4
16264544,40,12,4,1,20,2,4.0,21,1
16264697,60,2,4,2,20,2,4.0,21,1
16264740,55,2,1,2,20,2,4.0,20,1
16264743,55,2,4,2,20,2,4.0,20,1
16265131,60,12,1,2,20,2,4.0,20,1
16265384,60,2,1,2,1,2,4.0,22,1
16266646,60,2,1,2,20,2,4.0,21,1
16266763,45,12,4,1,5,2,1.0,10,1
16266766,65,2,4,2,20,7,2.0,2,2
16266767,65,2,4,2,20,7,4.0,1,4
16266922,60,2,6,2,20,2,4.0,21,1
16267128,60,11,1,2,20,2,4.0,21,1
16267206,60,12,1,1,1,2,4.0,20,1
16268595,45,12,1,1,20,2,4.0,20,1
16268745,65,2,4,2,20,7,2.0,1,2
16271543,45,11,1,1,20,2,3.0,13,1
16273864,60,11,1,1,20,2,4.0,22,1
16273875,60,11,1,1,20,2,4.0,20,1
16273877,45,2,1,2,20,2,3.0,10,1
16273881,60,12,1,1,1,2,4.0,22,1
16275672,60,12,4,1,20,7,4.0,1,4
16275815,60,2,1,2,20,7,4.0,1,2
16275832,65,11,4,1,20,7,2.0,2,2
16277394,40,11,1,1,1,2,4.0,20,1
16277996,60,2,1,2,20,2,4.0,22,1
16278005,45,11,1,1,20,2,4.0,20,1
16278146,60,11,1,1,20,2,4.0,22,1
16278160,65,11,1,1,1,2,4.0,21,1
16278974,60,2,4,2,20,7,4.0,1,4
16278979,60,2,1,3,20,7,4.0,1,4
16279069,5,11,1,1,20,2,4.0,22,1
16279379,60,2,1,2,20,7,4.0,1,4
16279517,50,11,1,1,5,2,1.0,10,1
16279607,60,12,4,1,1,7,4.0,1,2
16281744,60,2,4,2,20,2,4.0,20,1
16282765,60,2,4,2,20,7,4.0,1,2
16283077,60,11,1,1,20,2,4.0,22,1
16284853,45,11,1,1,20,2,4.0,20,1
16287990,45,12,1,1,5,2,1.0,10,1
16289333,50,11,1,1,20,2,2.0,23,1
16289402,60,11,1,1,20,2,4.0,20,1
16289403,60,11,1,1,20,2,4.0,20,1
16291229,60,11,1,1,20,2,4.0,21,1
16292035,60,2,1,2,20,2,4.0,20,1
16292062,60,12,1,1,20,2,4.0,20,1
16293396,30,12,1,1,8,1,2.0,2,1
16294990,35,11,1,1,20,2,4.0,21,1
16295067,65,11,4,1,20,2,4.0,20,1
16297445,45,11,1,1,20,2,4.0,21,1
16297709,45,11,1,1,8,2,1.0,10,1
16297853,65,11,4,1,11,2,4.0,22,1
16298891,45,11,1,1,5,2,4.0,22,1
16299310,60,2,4,2,20,2,4.0,20,1
16299876,45,11,1,1,5,2,2.0,22,1
16300243,65,11,1,1,20,2,4.0,20,1
16302345,60,11,1,1,20,2,4.0,20,1
16303045,65,11,1,1,20,2,4.0,20,1
16303545,50,11,1,1,5,2,1.0,24,1
16303742,60,11,1,1,11,2,4.0,20,1
16303989,35,11,1,1,20,2,4.0,21,1
16304429,35,11,4,1,5,2,1.0,10,1
16304484,60,2,4,2,20,7,4.0,1,4
16306309,35,11,1,1,20,2,4.0,21,1
16306858,60,12,1,1,20,2,4.0,22,1
16307070,60,11,1,1,20,2,4.0,22,1
16307071,45,11,1,1,20,2,4.0,21,1
16307317,60,11,1,1,11,2,4.0,20,1
16309176,65,11,1,1,20,2,4.0,20,1
16309481,40,11,4,1,1,2,4.0,21,1
16309528,45,11,4,1,5,2,4.0,20,1
16309923,60,11,1,1,20,2,4.0,20,1
16310518,60,11,2,1,20,2,4.0,21,1
16310704,65,12,1,1,20,8,4.0,1,1
16312820,60,11,3,1,20,2,4.0,20,1
16312832,60,11,4,1,20,2,4.0,20,1
16313689,60,11,4,1,20,7,4.0,1,4
16313775,45,11,3,1,5,2,2.0,23,1
16314549,60,11,1,1,20,2,4.0,20,1
16315227,60,11,1,1,20,2,4.0,20,1
16315711,65,11,1,1,20,2,4.0,20,1
16316284,60,12,1,1,20,7,2.0,1,2
16317280,35,11,1,1,5,2,1.0,10,1
16317315,65,11,1,1,20,2,4.0,20,1
16319544,45,11,4,1,20,2,4.0,20,1
16319554,45,11,4,1,5,2,1.0,10,1
16321551,65,11,1,1,1,2,4.0,20,1
16321697,45,11,1,1,1,2,1.0,10,1
16321878,60,2,1,2,20,2,4.0,20,1
16322078,60,12,4,2,20,2,4.0,20,1
16322434,60,11,1,1,20,2,4.0,20,1
16322701,60,2,4,2,20,7,4.0,1,1
16324128,60,2,4,2,20,7,4.0,1,2
16324324,30,2,1,2,8,2,2.0,22,1
16326034,60,2,4,2,20,7,4.0,1,2
16326845,35,12,1,1,5,2,1.0,10,1
16328060,60,11,1,1,20,2,4.0,20,1
16328604,60,2,4,2,20,7,4.0,1,2
16328605,60,2,4,2,20,7,4.0,1,4
16328607,60,2,4,2,20,7,4.0,1,4
16331524,60,11,1,1,1,2,4.0,20,1
16331734,60,11,1,1,20,7,2.0,1,2
16333457,35,11,1,1,1,2,1.0,10,1
16333548,40,2,1,2,20,2,1.0,24,1
16333739,60,11,1,1,20,2,4.0,20,1
16334781,60,11,4,1,20,7,4.0,1,2
16334787,60,2,4,2,20,7,4.0,1,4
16335471,60,11,1,1,20,2,4.0,20,1
16336253,60,11,1,1,20,2,4.0,20,1
16337010,45,11,1,1,20,2,4.0,21,1
16337016,65,2,3,2,20,2,4.0,20,1
16337114,60,11,4,1,1,7,4.0,1,4
16337128,60,11,1,1,20,2,4.0,20,1
16338678,60,11,1,1,20,2,4.0,20,1
16339953,65,11,1,1,20,2,4.0,22,1
16340514,60,11,1,1,20,2,4.0,20,1
16340531,60,11,1,1,20,2,4.0,20,1
16340623,45,11,1,1,20,2,3.0,13,1
16340635,60,11,1,1,20,2,4.0,20,1
16340870,45,11,1,1,11,2,2.0,22,1
16340949,35,11,1,1,5,2,1.0,18,1
16341312,35,12,1,1,5,2,1.0,10,1
16341555,60,12,3,2,20,2,4.0,20,1
16341580,45,12,1,1,20,2,2.0,25,1
16341921,65,12,6,1,20,2,4.0,22,1
16342102,45,12,4,1,20,7,4.0,1,2
16343835,60,12,1,1,1,2,4.0,21,1
16345045,60,11,4,1,20,7,4.0,1,2
16345149,60,11,1,1,20,2,4.0,20,1
16345336,45,12,1,2,20,2,3.0,10,1
16347317,45,11,1,1,5,2,2.0,20,1
16347917,60,11,2,1,20,2,4.0,20,1
16349562,60,11,1,1,20,2,4.0,22,1
16350814,60,11,1,1,20,2,4.0,22,1
16351144,45,11,1,1,20,2,2.0,13,1
16351479,60,11,4,1,20,2,4.0,21,1
16351652,60,11,1,1,20,2,4.0,22,1
16351765,65,11,1,1,20,2,4.0,21,1
16351914,35,11,1,1,5,2,1.0,10,1
16353222,45,11,1,1,20,2,3.0,13,1
16353224,55,11,1,1,20,2,2.0,22,1
16353229,65,11,1,1,20,2,4.0,20,1
16353448,60,2,4,2,20,7,4.0,1,2
16353772,60,2,1,2,20,7,4.0,1,4
16353780,60,2,1,2,20,7,4.0,1,4
16354197,70,11,4,1,20,2,4.0,30,1
16354198,60,12,4,1,20,2,4.0,20,1
16354762,60,12,1,1,20,2,4.0,22,1
16355077,35,11,1,1,20,2,2.0,24,1
16356433,60,2,1,2,20,2,4.0,21,1
16356684,60,2,4,2,20,7,4.0,1,2
16357264,45,12,1,1,5,2,1.0,10,1
16357267,65,11,1,1,20,2,4.0,22,1
16357268,65,11,1,1,20,2,4.0,20,1
16358793,60,11,1,1,20,2,4.0,21,1
16359877,60,11,1,1,20,2,4.0,22,1
16359879,60,11,1,1,20,2,4.0,20,1
16360205,65,2,4,2,20,7,4.0,1,4
16360848,60,2,4,2,20,7,4.0,1,4
16361752,45,12,1,1,5,2,2.0,22,1
16362110,45,11,1,1,20,2,1.0,10,1
16362111,65,11,1,1,20,2,4.0,20,1
16362269,45,11,1,1,20,2,4.0,20,1
16363993,60,11,1,1,20,7,4.0,1,2
16364008,65,11,1,1,20,2,4.0,20,1
16364355,65,11,1,1,20,2,4.0,20,1
16365085,60,12,1,1,20,2,4.0,22,1
16365552,60,11,1,1,20,2,4.0,20,1
16365664,60,2,4,2,20,7,4.0,1,4
16365975,45,11,1,1,20,2,4.0,21,1
16366277,60,11,1,1,20,2,4.0,20,1
16366282,60,11,1,1,20,2,4.0,21,1
16366296,60,11,1,1,20,2,4.0,20,1
16366684,45,11,1,1,5,2,1.0,10,1
16366757,60,11,1,1,20,7,4.0,1,2
16366910,60,11,4,0,20,2,4.0,20,1
16366919,60,11,1,1,20,2,4.0,21,1
16367662,60,11,1,1,11,2,4.0,21,1
16368374,60,12,1,1,11,2,4.0,20,1
16369665,60,11,1,1,20,2,4.0,20,1
16369799,35,11,4,1,5,2,2.0,22,1
16369863,45,12,1,1,20,2,1.0,10,1
16370490,60,11,1,1,1,2,4.0,20,1
16372312,60,11,1,1,1,2,4.0,21,1
16372435,60,11,4,1,20,2,4.0,21,1
16373547,60,11,1,1,1,2,4.0,21,1
16373627,50,11,1,1,20,2,4.0,20,1
16373761,60,11,1,1,20,2,4.0,20,1
16374076,35,11,1,1,20,2,4.0,22,1
16376064,45,11,4,1,20,7,4.0,1,2
16377139,60,11,1,1,20,2,4.0,20,1
16377142,50,11,1,1,20,2,3.0,20,1
16377276,30,11,1,1,8,2,2.0,23,1
16377427,65,11,1,1,20,2,4.0,20,1
16377459,60,11,1,1,20,2,4.0,20,1
16377906,65,11,4,1,20,2,4.0,20,1
16378385,30,11,1,1,8,2,2.0,23,1
16378451,50,11,5,1,20,2,4.0,20,1
16378455,45,11,1,1,20,2,4.0,21,1
16378657,60,2,4,2,1,2,4.0,20,1
16381720,45,11,1,1,20,2,4.0,21,1
16381723,45,11,1,1,20,2,4.0,21,1
16382151,35,11,1,1,20,7,4.0,1,2
16382411,65,11,1,1,11,2,4.0,22,1
16382471,60,11,4,1,20,7,4.0,1,2
16382678,60,11,1,1,11,2,4.0,22,1
16384319,45,11,1,1,20,2,4.0,21,1
16384367,60,12,1,1,20,2,4.0,20,1
16384429,60,2,4,2,20,7,4.0,1,4
16384936,60,11,4,1,20,2,4.0,21,1
16386388,60,12,1,1,20,2,4.0,20,1
16388558,35,11,4,1,5,2,1.0,10,1
16388560,45,12,1,1,20,2,2.0,25,1
16388562,35,12,1,1,1,2,1.0,21,1
16388563,45,12,1,1,11,2,4.0,20,1
16389216,45,11,4,1,20,2,4.0,20,1
16391177,60,11,1,1,20,2,4.0,20,1
16391222,60,11,1,1,20,2,4.0,22,3
16391500,60,2,1,2,11,2,4.0,21,1
16392580,45,11,1,1,1,2,3.0,23,1
16393531,65,11,1,1,20,2,4.0,20,1
16393936,40,0,0,0,20,2,4.0,20,1
16394950,45,12,1,1,1,2,4.0,22,1
16395558,50,12,1,1,5,2,4.0,20,1
16396509,60,11,1,1,11,2,4.0,20,1
16396697,35,11,1,1,20,2,4.0,20,1
16396957,60,11,1,1,20,2,4.0,22,1
16396981,65,12,1,2,20,2,4.0,20,1
16397456,45,11,1,1,5,2,2.0,13,1
16397670,60,11,4,1,20,7,4.0,1,2
16401340,45,11,1,1,5,2,2.0,22,1
16401343,60,11,1,1,20,2,4.0,20,1
16401447,35,11,2,1,7,2,1.0,10,1
16401906,65,11,1,1,20,2,4.0,21,1
16402542,65,11,1,1,20,7,4.0,1,2
16403300,40,11,4,1,20,2,4.0,21,1
16403302,45,11,1,1,11,2,4.0,20,1
16403303,60,11,1,1,20,2,4.0,20,1
16403492,60,11,1,1,20,2,4.0,20,1
16404043,60,11,1,1,20,2,4.0,20,1
16404071,60,11,1,1,20,2,4.0,22,1
16404400,45,11,3,1,20,2,2.0,20,1
16404727,45,11,1,1,11,2,2.0,22,1
16406893,45,11,1,1,20,2,4.0,22,1
16407314,35,11,1,1,9,2,2.0,22,1
16407514,65,11,1,1,20,2,4.0,21,1
16410462,60,11,1,1,20,2,4.0,21,1
16410688,45,11,1,1,20,2,3.0,13,1