Crash_ID,Crash_Speed_Limit,Wthr_Cond_ID,Light_Cond_ID,Surf_Cond_ID,Traffic_Cntl_ID,Harm_Evnt_ID,Intrsct_Relat_ID,FHE_Collsn_ID,Road_Relat_ID
16410798,65,11,4,1,20,2,4.0,21,1
16410827,60,11,1,1,20,2,4.0,20,1
16410970,60,11,1,1,20,2,4.0,21,1
16411921,65,12,1,1,1,2,4.0,20,1
16411929,60,11,1,1,20,2,4.0,21,1
16412574,35,11,1,1,5,2,1.0,10,1
16412673,65,11,4,1,20,7,4.0,1,2
16414505,60,11,1,1,20,2,4.0,31,1
16414762,65,11,1,1,20,2,4.0,22,1
16415093,50,11,1,1,5,2,2.0,36,1
16415103,45,0,0,1,5,2,2.0,22,1
16416670,45,11,1,1,20,4,4.0,1,2
16416671,60,12,1,1,20,2,4.0,20,1
16416672,60,11,1,1,20,2,4.0,20,1
16416673,30,11,1,1,5,2,2.0,22,1
16416674,60,12,1,1,20,2,4.0,21,1
16416676,60,11,1,1,20,7,4.0,1,4
16416678,45,11,1,1,9,2,4.0,22,1
16417254,60,11,1,1,20,2,4.0,20,1
16417480,40,11,4,1,20,7,4.0,1,2
16417613,35,11,1,1,5,2,2.0,22,1
16418704,60,12,1,1,20,2,4.0,20,1
16418777,60,11,1,1,11,2,4.0,21,1
16418779,60,11,1,1,20,2,4.0,21,1
16420174,40,11,1,1,5,2,1.0,10,1
16423254,60,11,1,1,20,2,4.0,20,1
16424492,60,12,1,1,20,2,4.0,20,1
16424770,60,2,1,2,5,2,2.0,26,1
16425052,30,0,1,1,8,2,2.0,22,1
16425429,60,11,1,1,11,2,4.0,21,1
16428531,25,11,1,1,8,2,3.0,10,1
16428629,60,11,4,1,20,2,4.0,21,1
16429339,60,11,4,1,20,8,4.0,1,1
16429340,60,11,1,1,11,2,4.0,22,1
16429341,65,11,1,1,20,2,4.0,20,1
16429658,60,2,4,2,20,7,4.0,1,4
16429808,45,11,1,1,20,2,3.0,10,1
16430169,60,11,1,1,20,2,4.0,20,1
16430520,60,11,1,1,20,2,4.0,20,1
16431008,60,11,1,1,20,2,1.0,13,1
16431142,60,2,1,2,20,7,4.0,1,2
16431163,60,2,1,2,20,7,4.0,1,4
16432297,60,2,4,2,20,7,4.0,1,4
16432473,65,11,4,1,20,8,4.0,1,1
16432854,60,12,1,1,20,2,4.0,22,1
16437683,65,11,1,1,20,2,4.0,21,1
16437716,60,12,1,1,20,2,4.0,20,1
16439454,60,11,1,1,20,2,4.0,21,1
16439463,45,12,1,1,20,2,4.0,21,1
16439699,60,2,1,2,1,2,4.0,20,1
16439759,65,11,1,1,20,2,4.0,20,1
16439942,35,11,1,1,20,2,4.0,20,1
16440155,45,11,1,1,9,2,4.0,22,1
16441402,45,11,1,1,20,2,4.0,13,1
16442188,60,11,4,1,20,7,4.0,1,2
16442372,60,11,1,1,1,2,4.0,20,1
16442593,5,12,1,1,20,2,4.0,20,1
16442626,60,11,1,1,20,2,4.0,20,1
16444224,65,2,4,2,20,2,4.0,21,1
16448611,60,11,4,1,20,2,4.0,21,1
16449408,60,11,1,1,20,7,4.0,1,2
16449549,35,11,1,1,5,2,2.0,22,1
16451460,60,11,1,1,20,2,4.0,22,1
16451916,45,11,1,1,5,2,4.0,21,1
16451958,65,11,4,1,20,7,4.0,1,4
16452862,35,11,1,1,5,5,2.0,2,2
16453569,65,11,1,1,20,2,4.0,20,1
16453619,60,11,1,1,20,2,4.0,20,1
16456829,60,11,1,1,20,2,4.0,20,1
16457634,40,11,1,1,20,7,4.0,1,2
16457932,60,11,1,1,20,2,2.0,10,1
16459482,60,12,4,1,20,7,4.0,1,2
16460140,35,11,1,1,5,2,1.0,10,1
16460924,65,11,1,1,1,2,4.0,20,1
16462603,60,11,1,1,11,2,4.0,22,1
16463271,65,11,1,1,20,2,4.0,20,1
16466025,65,11,1,1,20,2,4.0,20,1
16468329,65,11,1,1,20,2,4.0,20,1
16468333,45,11,1,1,5,2,1.0,10,1
16468335,55,11,1,1,20,2,4.0,22,1
16469084,60,2,1,1,20,2,4.0,20,1
16469086,60,11,1,1,20,2,4.0,21,1
16469585,65,11,1,0,20,2,4.0,21,1
16469842,65,11,4,1,20,7,4.0,1,2
16469995,35,11,1,1,5,2,1.0,10,1
16470095,45,11,1,1,1,2,4.0,24,1
16470333,65,11,1,1,20,2,4.0,20,1
16471391,50,11,1,1,20,2,3.0,23,1
16471444,45,11,1,1,20,2,4.0,22,1
16471481,35,11,1,1,1,2,4.0,21,1
16471934,60,11,1,1,11,2,4.0,20,1
16473883,60,11,1,1,20,2,4.0,21,1
16474161,35,12,1,2,1,7,4.0,1,2
16474425,60,2,1,2,20,2,4.0,21,1
16476537,60,11,1,1,1,2,4.0,20,1
16476986,30,12,1,1,15,1,2.0,1,1
16476988,45,11,1,1,5,2,1.0,13,1
16477976,45,11,1,1,20,2,4.0,14,1
16478123,45,11,1,1,20,2,3.0,13,1
16478818,45,11,4,1,20,2,4.0,20,1
16478841,60,2,4,3,20,7,4.0,1,4
16479721,60,2,1,2,20,7,4.0,1,4
16479989,45,12,1,1,20,7,4.0,1,2
16480838,50,12,4,2,5,2,1.0,24,1
16482166,65,11,1,1,20,2,4.0,21,1
16482708,65,2,4,3,20,7,4.0,1,2
16482844,60,11,1,2,1,2,4.0,20,1
16483204,60,12,1,2,20,2,4.0,20,1
16483320,60,11,4,1,20,2,4.0,20,1
16483855,45,12,1,1,9,2,2.0,22,1
16485706,35,12,1,1,5,2,1.0,10,1
16486239,35,11,4,1,9,2,2.0,20,1
16486442,60,2,1,2,20,7,4.0,1,4
16486443,60,2,1,2,20,7,4.0,1,4
16492089,65,11,1,1,1,2,4.0,20,1
16494982,45,11,1,1,20,2,4.0,21,1
16495236,65,11,1,1,20,2,4.0,20,1
16495280,60,11,1,1,20,2,4.0,20,1
16496117,60,11,1,1,20,2,4.0,22,1
16496343,60,11,1,1,20,2,4.0,20,1
16496485,35,11,1,1,8,7,4.0,1,2
16496542,45,11,1,1,5,2,2.0,22,1
16497884,45,11,4,1,20,7,2.0,1,2
16500272,30,11,1,1,5,2,1.0,24,1
16500449,60,11,1,1,20,2,4.0,20,1
16501786,60,11,4,1,20,2,4.0,20,1
16502622,60,11,1,1,20,2,4.0,20,1
16502641,45,11,1,1,5,2,2.0,22,1
16503772,60,11,1,1,20,2,4.0,20,1
16504021,60,11,4,1,20,7,4.0,1,2
16504729,60,2,1,2,20,7,4.0,1,2
16506514,45,11,1,1,1,2,4.0,21,1
16507456,45,11,1,1,20,2,4.0,20,1
16507702,70,11,1,1,11,2,4.0,20,1
16507859,60,11,4,1,20,2,4.0,20,1
16507895,60,11,1,1,1,2,4.0,20,1
16507938,45,12,1,2,20,7,2.0,2,2
16510226,60,2,4,2,20,7,4.0,1,4
16510237,30,11,4,1,1,2,4.0,21,1
16510376,60,11,2,1,20,2,4.0,20,1
16511398,60,2,1,2,20,7,4.0,1,2
16511831,45,11,1,1,20,2,3.0,21,1
16511854,60,2,6,2,20,2,4.0,20,1
16512288,60,2,1,2,20,7,4.0,1,4
16513873,65,11,1,1,20,2,4.0,20,1
16513878,60,11,1,1,20,2,4.0,20,1
16513997,45,11,4,1,20,2,4.0,21,1
16515169,60,2,1,2,20,2,4.0,20,1
16515358,60,2,1,2,20,7,4.0,1,4
16516033,60,2,1,2,20,7,4.0,1,4
16516390,45,11,1,1,9,2,4.0,14,1
16517111,45,11,1,1,20,5,2.0,2,1
16517436,60,11,1,1,20,2,4.0,20,1
16517657,60,11,1,1,20,2,4.0,20,1
16518257,45,11,1,1,20,2,2.0,22,1
16518965,60,11,4,1,20,2,4.0,21,1
16519376,60,11,1,1,20,2,4.0,20,1
16519693,45,11,1,1,11,2,3.0,23,1
16521746,55,11,1,1,1,2,4.0,20,1
16521872,50,11,4,1,1,7,4.0,1,4
16522364,45,11,1,1,5,2,3.0,13,1
16523436,65,11,1,1,20,8,4.0,1,1
16523785,30,11,4,1,20,2,4.0,21,1
16524726,35,11,1,1,5,2,2.0,22,1
16524927,60,11,1,1,20,2,4.0,31,1
16525209,40,11,1,1,20,1,2.0,3,1
16525594,60,11,3,1,20,8,4.0,1,1
16527338,30,11,1,1,20,2,2.0,22,1
16529110,45,11,1,1,9,2,4.0,20,1
16529402,60,11,1,1,20,2,4.0,20,1
16530463,60,11,1,1,20,2,4.0,21,1
16530951,45,11,1,1,5,2,4.0,20,1
16532113,60,11,4,1,20,2,4.0,21,1
16532434,60,11,1,1,20,2,4.0,20,1
16532437,60,11,1,1,20,2,4.0,20,1
16532439,60,11,1,1,20,2,4.0,21,1
16532442,60,11,4,1,1,2,4.0,20,1
16533130,45,11,4,1,20,2,4.0,21,1
16533158,45,11,4,1,20,2,1.0,10,1
16533238,35,11,1,1,5,2,2.0,22,1
16534581,45,11,4,1,5,2,1.0,10,1
16537001,45,12,4,1,5,2,1.0,10,1
16537006,60,11,4,1,20,2,4.0,20,1
16538736,40,11,1,1,1,2,3.0,13,1
16540085,60,11,1,1,20,2,4.0,20,1
16541500,60,11,4,1,20,2,4.0,21,1
16541664,35,11,1,1,20,2,2.0,22,1
16541668,60,11,1,1,20,7,4.0,1,4
16544325,60,11,4,1,20,2,4.0,22,1
16545255,45,12,1,1,1,2,4.0,22,1
16545867,45,11,4,1,20,8,4.0,1,1
16546068,45,12,1,1,20,2,1.0,10,1
16546291,70,12,1,2,11,2,4.0,20,1
16547180,65,12,1,2,20,2,4.0,21,1
16547415,60,11,1,1,20,2,4.0,21,1
16547851,45,11,1,1,20,2,4.0,21,1
16547904,45,11,4,1,5,2,1.0,10,1
16548728,40,11,4,1,5,2,2.0,22,1
16548730,60,11,1,1,11,2,4.0,20,1
16548775,65,11,1,1,20,2,4.0,20,1
16549409,40,11,4,1,20,2,1.0,10,1
16551090,65,11,1,1,20,2,4.0,21,1
16551110,45,11,1,1,20,7,4.0,1,4
16551501,60,11,1,1,20,2,4.0,20,1
16552247,60,11,1,1,20,2,4.0,21,1
16552560,45,11,4,1,20,2,4.0,20,1
16552724,45,11,4,1,5,7,4.0,1,2
16552927,55,12,1,1,5,2,1.0,10,1
16554331,30,12,1,1,5,2,2.0,22,1
16555392,45,11,1,1,20,2,4.0,20,1
16558522,35,11,5,1,20,2,2.0,22,1
16560343,60,11,1,1,20,2,4.0,20,1
16560345,65,11,1,1,20,2,4.0,20,1
16560505,45,11,4,1,5,2,1.0,10,1
16561917,65,11,1,1,20,2,4.0,20,1
16564344,40,11,4,1,5,2,2.0,22,1
16564388,65,11,1,1,20,2,4.0,20,1
16570800,60,11,1,1,20,2,4.0,21,1
16618545,35,11,1,1,1,2,4.0,21,1
16629656,60,11,1,1,20,2,4.0,22,1
16861445,45,11,4,1,5,2,1.0,10,1
16561028,60,11,1,1,20,2,4.0,20,1
16561613,60,12,1,1,20,2,4.0,20,1
16562016,45,11,1,1,20,2,2.0,20,1
16562314,65,12,4,1,20,2,4.0,20,1
16564345,65,11,4,1,20,2,4.0,20,1
16564958,60,11,4,1,20,7,4.0,1,2
16564962,60,12,1,1,20,2,4.0,21,1
16566604,45,11,1,1,17,2,2.0,27,1
16566695,65,11,1,1,20,2,4.0,20,1
16568191,45,11,1,1,8,2,1.0,13,1
16569129,60,11,1,1,20,2,4.0,20,1
16571155,45,11,1,1,5,2,1.0,13,1
16571166,45,11,1,1,1,2,1.0,10,1
16571171,60,12,1,1,20,2,4.0,22,1
16571908,65,11,1,1,11,2,4.0,20,1
16572034,45,11,1,1,1,2,4.0,21,1
16573102,-1,11,1,1,20,2,4.0,22,1
16574451,65,12,1,1,1,2,4.0,21,1
16575016,65,12,1,1,1,2,4.0,22,1
16577011,60,12,4,1,20,2,4.0,21,1
16577021,45,11,1,1,20,10,2.0,3,1
16577132,60,11,1,1,20,2,4.0,20,1
16577255,60,11,1,1,20,2,4.0,22,1
16578752,45,11,1,1,5,2,1.0,10,1
16578837,60,11,4,1,20,2,4.0,21,1
16579879,40,11,1,1,5,2,1.0,10,1
16580578,60,11,1,1,11,2,4.0,22,1
16580842,30,11,4,1,5,2,1.0,28,1
16581307,60,11,1,1,20,2,4.0,20,1
16581691,60,11,1,1,20,2,4.0,20,1
16582666,60,11,1,1,20,2,4.0,22,1
16583008,40,11,1,1,20,2,4.0,20,1
16583748,40,11,1,1,20,2,4.0,20,1
16584004,60,12,1,1,20,2,4.0,22,1
16584005,30,11,1,1,15,2,2.0,20,1
16584007,60,11,1,1,20,2,4.0,20,1
16584173,45,12,1,1,20,2,4.0,22,1
16585399,60,11,1,1,20,2,4.0,21,1
16585407,60,11,1,1,20,2,4.0,21,1
16586970,60,11,1,1,11,2,4.0,20,1
16587281,60,11,1,1,20,2,4.0,21,1
16587945,60,12,1,1,20,2,4.0,20,1
16589069,45,11,1,1,20,2,3.0,10,1
16589463,60,11,1,1,20,2,4.0,21,1
16590409,40,11,1,1,20,7,3.0,2,2
16590925,60,11,1,1,20,2,4.0,20,1
16592690,60,11,1,1,20,2,4.0,20,1
16595185,-1,11,4,1,1,2,3.0,25,2
16595749,65,11,1,1,20,2,4.0,20,1
16596608,60,11,1,1,20,2,4.0,22,1
16597397,35,11,1,1,9,2,2.0,22,1
16598108,45,2,1,2,20,2,4.0,20,1
16598258,45,12,1,1,11,2,4.0,20,1
16598653,60,11,4,1,1,2,4.0,20,1
16598838,50,12,1,1,20,2,4.0,20,1
16600239,60,11,1,1,20,2,4.0,22,1
16600821,60,2,1,2,11,2,4.0,21,1
16601875,60,11,1,1,20,2,4.0,20,1
16602171,60,2,1,2,20,2,4.0,21,1
16602356,60,2,1,2,20,7,4.0,1,2
16602456,50,12,1,2,6,2,1.0,10,1
16602458,45,12,1,1,20,2,4.0,20,1
16602459,60,12,1,1,20,2,4.0,20,1
16602957,60,11,1,1,1,2,4.0,20,1
16602959,60,2,1,2,20,2,4.0,21,1
16604448,60,2,1,2,20,2,4.0,21,1
16604802,60,2,1,2,20,2,4.0,20,1
16604878,65,2,1,2,20,2,4.0,20,1
16605092,65,12,1,1,1,2,4.0,21,1
16607162,60,2,1,2,20,2,4.0,21,1
16607170,45,11,1,1,20,2,3.0,23,1
16607275,60,11,1,1,20,2,4.0,21,1
16607407,65,11,1,1,20,2,4.0,20,1
16607424,60,11,1,1,1,2,4.0,20,1
16607552,45,11,1,1,5,2,2.0,22,1
16607843,60,12,1,1,20,2,4.0,21,1
16610693,60,11,1,1,11,2,4.0,20,1
16610824,60,2,1,2,20,2,4.0,21,1
16612502,60,11,1,1,20,2,4.0,20,1
16612896,45,2,1,2,20,2,4.0,21,1
16612897,60,2,1,2,20,2,4.0,20,1
16613308,60,11,1,1,20,2,4.0,20,1
16613853,60,11,1,2,20,7,4.0,1,2
16615016,60,12,4,2,20,2,4.0,20,1
16615194,60,2,1,2,20,2,4.0,21,1
16615823,65,12,4,1,20,2,4.0,22,1
16615824,65,12,4,1,20,2,4.0,22,1
16615929,40,12,1,1,20,2,1.0,28,1
16619948,55,12,1,1,20,2,4.0,22,1
16620622,45,2,1,2,5,2,1.0,10,1
16621107,40,2,1,2,20,7,4.0,1,2
16621905,55,11,4,1,20,2,4.0,21,1
16623307,60,2,1,2,20,2,4.0,20,1
16623981,60,2,1,3,12,7,4.0,1,4
16624321,60,2,1,2,11,2,4.0,20,1
16625247,35,11,1,1,8,2,3.0,13,1
16626462,45,11,1,1,1,2,4.0,21,1
16627590,60,12,1,1,20,2,4.0,21,1
16627953,65,12,4,1,20,2,4.0,21,1
16628324,60,11,1,1,20,2,4.0,21,1
16630461,60,2,1,2,20,7,4.0,1,4
16630532,60,11,1,1,20,2,4.0,20,1
16630591,65,11,4,1,20,7,4.0,1,2
16630924,60,11,1,1,20,2,4.0,21,1
16632634,60,12,4,1,20,2,4.0,21,1
16632668,45,11,1,1,20,2,4.0,20,1
16633592,65,11,1,1,1,2,4.0,20,1
16633725,60,12,1,1,1,2,4.0,20,1
16633919,60,2,1,2,20,7,4.0,1,4
16635175,45,2,4,2,20,2,4.0,20,1
16635452,60,11,1,1,20,2,4.0,20,1
16635453,45,11,1,1,20,2,3.0,10,1
16635503,50,2,1,2,20,2,4.0,21,1
16636049,60,12,1,1,20,2,4.0,20,1
16636566,35,11,1,1,5,2,2.0,22,1
16637829,35,12,4,2,5,2,1.0,10,1
16638051,45,12,1,1,20,2,3.0,10,1
16638052,65,2,1,2,20,2,4.0,22,1
16639300,60,11,1,1,1,2,4.0,22,1
16640582,60,11,4,1,1,2,4.0,22,1
16640854,55,12,4,1,20,10,4.0,1,1
16641053,70,11,1,1,11,2,4.0,20,1
16641123,60,11,1,1,20,2,4.0,21,1
16642754,35,2,1,2,5,2,1.0,34,1
16643138,60,2,1,2,20,7,4.0,1,4
16643541,45,12,1,1,11,2,4.0,12,1
16643542,60,11,4,1,1,7,4.0,1,2
16644271,60,11,1,2,20,2,4.0,20,1
16644304,60,2,4,2,20,2,4.0,20,1
16644760,60,11,1,1,11,2,4.0,20,1
16645712,60,2,1,2,20,2,4.0,21,1
16647493,60,11,1,1,1,2,4.0,22,1
16647644,60,2,1,2,20,7,4.0,1,4
16648140,45,12,4,1,20,2,4.0,21,1
16649515,60,2,1,3,20,7,4.0,1,4
16649611,45,2,1,2,3,2,2.0,28,1
16649943,60,2,1,2,1,2,4.0,20,1
16650706,60,2,1,2,20,2,4.0,21,1
16650732,65,2,1,2,1,2,4.0,21,1
16650744,65,2,1,2,1,2,4.0,21,1
16651719,60,12,1,2,20,2,4.0,20,1
16651762,35,11,1,1,9,2,2.0,22,1
16653720,45,11,1,1,20,2,3.0,10,1
16653753,60,11,1,1,20,2,4.0,22,1
16653959,60,2,1,2,20,7,4.0,1,4
16653960,60,2,4,3,20,7,4.0,1,4
16653967,60,12,1,1,20,2,4.0,20,1
16654154,60,2,4,3,20,7,4.0,1,4
16656133,60,2,3,2,20,2,4.0,21,1
16656556,60,12,1,1,20,2,4.0,21,1
16656574,45,11,1,1,20,2,4.0,23,1
16656603,45,11,4,1,20,7,4.0,1,2
16656634,60,11,1,1,20,2,4.0,22,1
16656655,65,11,4,1,20,2,4.0,21,1
16656910,60,11,1,1,20,2,4.0,21,1
16656911,30,12,1,1,5,2,2.0,22,1
16658712,60,11,1,1,20,2,4.0,20,1
16659100,60,2,1,2,20,2,4.0,20,1
16659181,30,11,4,1,17,7,4.0,1,2
16660568,65,12,1,1,20,2,4.0,21,1
16660570,60,11,1,1,20,2,4.0,20,1
16661255,45,11,4,1,5,7,2.0,1,2
16661523,45,12,1,1,20,2,1.0,20,1
16663052,65,11,4,1,20,2,4.0,20,1
16664232,60,2,4,3,20,2,4.0,21,1
16664346,60,2,1,2,11,2,4.0,21,1
16664554,65,12,1,1,1,2,2.0,20,1
16664563,60,11,1,1,20,2,4.0,20,1
16664618,65,11,1,1,20,2,4.0,21,1
16665206,55,12,1,1,5,2,1.0,14,1
16665467,45,12,4,1,5,2,1.0,34,1
16668610,60,11,4,1,1,2,4.0,21,1
16669067,60,2,1,2,20,2,4.0,21,1
16669128,60,11,1,1,20,2,4.0,20,1
16669447,60,11,1,1,1,2,4.0,20,1
16670784,40,12,4,2,5,2,1.0,10,1
16672479,60,11,1,1,20,2,4.0,20,1
16673402,60,12,1,2,20,2,4.0,20,1
16673593,60,2,4,2,20,2,4.0,21,1
16674860,60,2,1,2,20,2,4.0,22,1
16674883,65,12,1,2,20,7,4.0,1,2
16675351,45,12,1,1,20,2,4.0,22,1
16675776,60,2,1,2,20,7,4.0,1,2
16676815,60,11,6,1,20,2,4.0,21,1
16676882,60,11,1,1,20,2,4.0,22,1
16677204,60,11,4,1,20,2,4.0,20,1
16677209,45,11,1,1,17,2,4.0,28,1
16677833,60,12,1,1,20,2,4.0,21,1
16679088,45,11,1,1,20,2,2.0,20,1
16679354,60,12,1,2,11,2,4.0,20,1
16679718,60,2,1,2,20,2,4.0,20,1
16679868,60,11,1,1,20,2,4.0,20,1
16679904,65,11,4,1,20,2,4.0,21,1
16680111,65,11,4,1,20,2,4.0,21,1
16680671,45,11,1,1,20,2,3.0,13,1
16682014,60,11,1,1,20,2,4.0,21,1
16682019,35,2,1,2,20,2,1.0,10,1
16682640,60,12,1,2,20,2,4.0,21,1
16685223,65,11,1,1,20,2,4.0,20,1
16687657,60,12,4,1,1,2,4.0,21,1
16688763,50,12,4,2,5,2,1.0,25,1
16689690,60,2,4,2,20,2,4.0,20,1
16689777,60,2,4,2,20,2,4.0,20,1
16689782,60,2,4,2,20,7,4.0,1,2
16690260,45,11,4,1,20,2,2.0,22,1
16690428,65,12,1,2,20,2,4.0,21,1
16690459,65,2,6,3,20,2,4.0,21,1
16690482,45,12,4,1,5,2,4.0,21,1
16690585,60,2,4,3,20,2,4.0,20,1
16691115,60,12,1,1,20,2,4.0,22,1
16691634,60,12,1,1,20,2,4.0,20,1
16692959,60,12,1,2,20,2,4.0,20,1
16693178,65,2,1,3,20,2,4.0,21,1
16695586,65,11,1,1,20,7,4.0,1,4
16696338,-1,12,1,1,5,2,1.0,10,1
16696361,60,2,1,2,20,7,4.0,1,4
16696367,45,2,1,2,20,2,3.0,13,1
16696399,60,2,2,2,20,7,4.0,1,2
16696428,60,2,1,2,20,2,4.0,21,1
16696446,60,2,1,3,20,7,4.0,1,4
16696451,60,11,1,1,20,2,4.0,22,1
16696452,60,11,1,1,20,2,4.0,21,1
16696475,60,2,4,3,20,7,4.0,1,4
16696477,65,11,1,1,20,2,4.0,20,1
16696510,-1,11,4,1,21,2,1.0,14,1
16697350,65,11,1,1,20,2,4.0,20,1
16699144,60,11,1,1,20,2,4.0,20,1
16699212,55,11,1,1,11,2,4.0,20,1
16699380,60,12,1,1,20,2,4.0,20,1
16699426,55,12,1,2,20,2,4.0,21,1
16699771,60,2,4,2,1,7,4.0,1,2
16699937,60,2,4,2,20,7,4.0,1,2
16700233,45,2,1,2,20,2,3.0,23,1
16701792,65,2,6,2,20,7,4.0,1,2
16701853,60,2,4,2,1,7,4.0,1,4
16702780,50,11,4,1,9,2,4.0,14,1
16702803,45,12,4,1,5,2,1.0,10,1
16702808,60,12,4,1,20,2,4.0,21,1
16703798,60,2,4,2,20,7,4.0,1,2
16703799,65,2,4,2,20,7,4.0,1,4
16703801,65,2,4,2,20,7,4.0,1,4
16703804,60,2,4,2,3,2,4.0,22,1
16703898,65,2,4,2,20,2,4.0,21,1
16703949,60,11,1,1,20,2,4.0,20,1
16704357,45,11,1,1,5,2,1.0,24,1
16707765,60,11,1,1,20,2,4.0,20,1
16707875,60,2,1,2,20,2,4.0,20,1
16707876,55,2,4,2,20,2,4.0,21,1
16708080,45,12,1,1,5,2,2.0,21,1
16708618,60,11,1,1,20,2,4.0,20,1
16713931,60,2,1,2,20,7,4.0,1,4
16713941,60,2,4,2,20,7,4.0,1,4
16713951,60,11,1,1,20,2,4.0,22,1
16714086,60,12,1,2,20,2,4.0,20,1
16714088,45,11,2,1,20,2,3.0,20,1
16714431,60,2,4,2,20,7,4.0,1,2
16715169,50,11,1,1,5,2,1.0,25,1
16715285,60,2,5,2,20,2,4.0,20,1
16716478,50,11,4,1,5,2,1.0,10,1
16717352,30,11,1,1,20,2,1.0,23,1
16717356,65,11,1,1,20,2,4.0,21,1
16718235,70,2,1,2,11,2,4.0,21,1
16718386,60,12,1,2,20,2,4.0,21,1
16719043,60,11,1,1,20,2,4.0,21,1
16719045,65,11,1,1,1,2,4.0,20,1
16719143,60,2,4,2,20,2,4.0,21,1
16720861,65,2,1,2,20,2,4.0,20,1
16721134,65,11,1,1,1,2,4.0,20,1
16721651,45,11,1,1,20,2,4.0,35,1
16723256,60,2,4,2,20,2,4.0,21,1
16723257,60,2,4,2,20,7,4.0,1,2
16723259,60,2,4,2,20,7,4.0,1,4
16724353,60,11,1,1,11,2,4.0,20,1
16724360,60,2,4,2,11,2,4.0,22,1
16725056,40,12,1,2,20,2,4.0,21,1
16726758,35,2,1,2,5,2,1.0,10,1
16726784,45,12,4,1,20,2,4.0,20,1
16729867,65,11,4,1,20,2,4.0,21,1
16730155,45,11,1,1,5,2,1.0,10,1
16730242,60,11,1,1,20,2,4.0,21,1
16730313,60,12,4,1,20,7,4.0,1,2
16730541,60,11,4,1,20,2,4.0,22,1
16731920,60,2,1,2,20,2,4.0,20,1
16732150,60,2,1,2,1,2,4.0,20,1
16732731,40,11,3,1,1,2,4.0,22,1
16734710,60,2,1,2,20,2,4.0,21,1
16734878,45,2,1,2,20,2,3.0,13,1
16736101,60,2,4,2,20,2,4.0,20,1
16736769,35,11,1,1,5,2,4.0,20,1
16736942,60,2,3,2,20,2,4.0,20,1
16737005,60,11,4,1,20,2,4.0,20,1
16737347,35,11,1,1,5,2,4.0,20,1
16737815,45,12,1,1,20,2,1.0,13,1
16739210,40,2,1,2,20,2,4.0,21,1
16739343,65,11,1,1,20,2,4.0,20,1
16741274,60,12,1,1,20,2,4.0,20,1
16741284,60,12,1,1,20,2,4.0,20,1
16741334,65,2,4,2,20,7,4.0,1,2
16742101,45,11,1,1,5,2,4.0,20,1
16742266,35,12,1,1,5,2,1.0,10,1
16742268,60,12,4,1,20,2,4.0,20,1
16742270,60,11,1,1,20,2,4.0,21,1
16743351,60,11,4,1,20,2,4.0,20,1
16743593,60,11,1,1,20,2,4.0,20,1
16743607,60,12,1,2,20,2,4.0,20,1
16749392,60,12,4,1,20,2,4.0,20,1
16751979,65,11,4,2,20,2,4.0,21,1
16753441,45,11,3,1,8,7,2.0,1,2
16757131,60,11,4,1,20,2,4.0,21,1
16757137,60,2,4,2,20,7,4.0,1,4
16757140,60,2,4,2,20,7,4.0,1,2
16757143,45,11,4,1,5,2,1.0,34,1
16757146,60,12,1,1,20,7,4.0,1,4
16757166,60,11,1,1,20,2,4.0,21,1
16757170,60,2,4,2,20,7,4.0,1,4
16757174,35,11,1,1,5,2,1.0,14,1
16757243,65,2,4,2,1,7,4.0,1,4
16757294,60,11,1,1,20,2,4.0,21,1
16757298,60,11,4,1,20,2,4.0,20,1
16757306,60,2,4,2,20,7,4.0,1,4
16758602,65,11,4,1,1,2,4.0,21,1
16758807,30,11,1,1,20,2,1.0,21,1
16760293,60,2,4,2,20,7,4.0,1,2
16760601,60,11,4,1,20,2,4.0,20,1
16760602,60,11,4,1,1,2,4.0,20,1
16761276,60,11,1,1,20,2,4.0,21,1
16762241,60,12,1,1,20,2,4.0,21,1
16762727,45,11,1,1,5,2,1.0,10,1
16765414,60,11,1,1,20,2,4.0,20,1
16765429,45,11,4,1,20,2,4.0,20,1
16765824,60,11,1,1,20,2,4.0,20,1
16765826,65,2,1,2,20,8,4.0,1,1
16765858,50,2,4,2,20,2,1.0,13,1
16765860,50,11,4,1,5,2,2.0,22,1
16765972,60,12,1,1,20,2,4.0,20,1
16766058,35,11,1,1,20,2,3.0,23,1
16766061,45,12,1,1,11,2,4.0,20,1
16766602,60,11,4,3,20,2,4.0,22,1
16766613,60,11,1,1,20,2,4.0,20,1
16766852,65,11,4,1,1,7,4.0,1,2
16766881,65,11,1,1,1,2,4.0,21,1
16766888,40,0,0,0,5,2,4.0,21,1
16766902,60,11,1,1,20,9,4.0,1,3
16766907,60,11,1,1,11,2,4.0,20,1
16766994,15,11,1,1,20,2,4.0,20,1
16767390,40,12,1,1,20,2,2.0,28,1
16767397,35,12,1,0,5,2,2.0,22,1
16767599,45,11,4,1,20,7,4.0,1,2
16767618,45,11,4,1,20,7,2.0,1,2
16768181,45,12,1,1,5,2,1.0,10,1
16768184,65,11,1,1,20,7,4.0,1,4
16768399,45,11,1,1,9,2,2.0,22,1
16768720,60,11,1,1,20,2,4.0,20,1
16768732,45,11,1,1,1,2,4.0,20,1
16769531,35,12,1,1,9,2,2.0,25,1
16769636,45,11,4,1,20,2,2.0,22,1
16770231,-1,11,5,1,9,2,2.0,20,1
16771024,60,2,4,2,20,2,4.0,21,1
16771065,65,11,1,1,20,2,4.0,21,1