Crash_ID,Crash_Speed_Limit,Wthr_Cond_ID,Light_Cond_ID,Surf_Cond_ID,Traffic_Cntl_ID,Harm_Evnt_ID,Intrsct_Relat_ID,FHE_Collsn_ID,Road_Relat_ID
17128834,60,11,1,1,20,2,4.0,20,1
17132516,60,11,1,1,20,2,4.0,20,1
17132703,65,2,1,3,1,2,4.0,20,1
17132864,45,11,1,1,17,2,3.0,13,2
17132866,60,2,1,2,20,7,4.0,1,2
17133072,60,11,4,1,1,7,4.0,1,2
17135301,65,12,1,1,20,2,4.0,21,1
17135848,60,11,1,1,20,7,4.0,1,4
17135851,45,12,1,1,20,2,4.0,21,1
17135858,60,11,4,1,1,2,4.0,20,1
17136128,60,11,1,1,20,2,4.0,20,1
17136399,45,11,1,1,20,2,4.0,21,1
17136560,65,2,4,2,20,7,4.0,1,2
17136574,60,11,1,1,1,2,4.0,22,1
17136588,60,11,1,1,1,2,4.0,20,1
17136603,60,12,2,1,20,7,4.0,1,2
17138131,60,2,4,3,20,7,4.0,1,4
17138939,45,12,1,1,20,2,3.0,13,1
17138943,45,11,1,1,8,2,1.0,13,1
17138944,65,11,1,1,20,2,4.0,21,1
17139298,60,12,4,1,20,2,4.0,21,1
17139299,60,11,1,1,20,2,4.0,20,1
17139977,35,11,1,1,1,2,4.0,21,1
17141469,60,12,1,1,20,2,4.0,20,1
17145464,60,2,1,2,11,2,4.0,20,1
17146246,60,11,1,1,20,7,4.0,1,4
17146247,60,11,1,1,20,2,4.0,20,1
17146875,45,11,1,1,20,2,2.0,22,1
17146879,45,11,3,1,20,7,4.0,1,2
17147865,60,11,1,1,20,2,4.0,21,1
17148211,60,11,1,1,20,2,4.0,21,1
17148595,65,11,1,1,20,2,4.0,20,1
17149535,50,11,4,1,20,2,2.0,22,1
17150433,60,2,1,2,20,2,4.0,20,1
17150436,60,11,1,1,20,2,4.0,21,1
17152828,60,11,1,1,20,2,4.0,20,1
17152840,60,11,1,1,20,2,4.0,21,1
17153176,65,11,1,1,1,2,4.0,21,1
17154471,60,2,1,2,11,2,4.0,20,1
17154473,55,12,1,1,20,2,4.0,20,1
17154690,60,2,2,2,20,2,4.0,21,1
17154771,45,11,1,1,20,2,4.0,20,1
17155365,65,11,4,1,20,2,4.0,20,1
17155366,35,11,4,1,20,2,1.0,10,1
17159418,45,2,1,2,1,2,4.0,20,1
17159627,40,11,1,1,1,2,4.0,20,1
17160372,65,12,1,1,1,2,4.0,21,1
17161288,65,11,1,1,20,8,4.0,1,1
17161375,45,11,1,1,20,2,4.0,20,1
17161426,60,11,1,1,20,2,4.0,22,1
17161781,60,12,1,1,20,2,4.0,20,1
17165142,60,11,1,1,20,2,4.0,21,1
17166133,45,12,1,1,9,2,4.0,28,1
17166337,45,11,1,1,5,2,4.0,20,1
17168862,60,11,1,1,20,2,4.0,20,1
17169276,65,11,4,1,1,9,4.0,1,1
17170633,45,11,1,1,20,2,4.0,20,1
17171020,60,12,1,1,20,7,4.0,1,2
17171991,45,11,1,1,1,2,2.0,23,1
17172968,65,2,4,2,20,7,4.0,1,2
17174285,60,11,1,1,20,2,4.0,20,1
17174288,60,0,0,0,20,2,4.0,21,1
17175994,30,12,1,1,3,1,3.0,3,1
17176229,65,11,1,1,20,2,4.0,20,1
17176681,65,11,4,1,20,7,4.0,1,2
17176892,60,11,4,1,20,2,4.0,21,1
17177036,65,11,1,1,1,2,4.0,21,1
17177755,60,11,4,1,1,2,4.0,20,1
17178890,60,11,1,1,11,7,4.0,1,2
17181006,65,11,4,1,1,2,4.0,21,1
17182398,60,12,1,0,20,2,4.0,22,1
17182718,70,11,4,2,20,2,4.0,20,1
17183220,60,11,1,1,20,2,4.0,20,1
17183504,60,12,1,1,20,2,4.0,22,1
17183510,60,11,1,1,20,2,4.0,22,1
17183812,60,11,1,1,1,2,4.0,20,1
17183819,60,11,1,1,1,7,4.0,1,2
17187106,45,12,1,1,5,2,1.0,10,1
17188183,40,12,1,1,20,2,2.0,22,1
17191603,45,11,1,1,11,2,4.0,20,1
17193054,60,11,1,1,20,7,4.0,1,2
17195181,35,11,1,1,20,2,4.0,21,1
17197518,35,12,1,1,20,5,2.0,2,1
17197828,60,2,1,2,20,2,4.0,20,1
17198306,60,11,1,1,20,2,4.0,20,1
17198536,45,12,1,1,20,2,4.0,21,1
17198537,60,11,1,1,20,4,4.0,4,3
17198538,60,11,1,1,1,2,4.0,22,1
17198539,-1,11,4,1,5,2,1.0,10,1
17199203,35,11,1,1,1,2,1.0,24,1
17200054,60,11,1,1,20,2,4.0,20,1
17203581,60,12,1,1,20,2,4.0,20,1
17204197,60,11,1,1,20,2,4.0,21,1
17204620,60,12,1,3,20,2,4.0,20,1
17206117,60,12,1,2,20,2,4.0,20,1
17206297,-1,12,1,1,20,2,3.0,10,1
17206553,65,11,1,1,20,2,4.0,21,1
17206901,45,11,1,1,1,7,2.0,1,2
17207086,60,11,4,1,11,8,4.0,1,1
17207548,65,11,1,1,20,2,4.0,22,1
17209099,50,11,1,1,1,2,4.0,21,1
17209100,50,11,1,1,20,2,4.0,22,1
17209550,45,12,1,1,1,2,4.0,21,1
17210601,65,11,1,1,20,8,4.0,1,1
17210602,65,11,1,1,20,8,4.0,1,1
17210611,65,11,1,1,20,8,4.0,1,1
17210682,65,11,1,1,20,2,4.0,21,1
17211117,60,11,4,1,20,2,4.0,22,1
17211347,60,12,1,1,20,2,4.0,21,1
17211913,60,11,4,1,20,7,4.0,1,2
17211967,60,11,4,1,20,2,4.0,21,1
17212052,65,11,4,1,20,2,4.0,20,1
17216105,50,11,1,1,5,2,1.0,10,1
17216109,35,11,1,1,20,2,1.0,34,1
17216114,60,11,1,1,1,2,4.0,20,1
17216201,65,11,1,1,1,2,4.0,20,1
17219184,65,11,1,1,20,2,4.0,20,1
17221842,45,11,4,1,5,7,2.0,1,2
17222088,60,11,1,1,20,2,4.0,20,1
17224913,45,11,1,1,9,2,2.0,25,1
17225130,50,11,1,1,5,2,2.0,22,1
17242254,65,12,1,1,20,2,4.0,21,1
17257068,50,0,1,0,20,2,4.0,21,1
17463239,60,2,4,2,20,7,4.0,1,1
17470926,60,2,4,2,20,7,4.0,1,4
17470936,60,2,4,2,20,7,4.0,1,4
17470940,60,2,4,2,20,7,4.0,1,4
17474869,60,11,2,1,20,2,4.0,20,1
17474913,60,11,1,1,20,2,4.0,21,1
17474985,60,2,4,2,20,2,4.0,21,1
17475018,60,2,4,2,20,7,4.0,1,4
17475038,65,2,4,2,20,7,4.0,1,4
17475096,60,11,1,1,20,2,4.0,20,1
17475158,60,11,1,1,20,2,4.0,20,1
17475825,60,11,4,1,20,7,4.0,1,4
17479975,60,2,4,2,20,7,4.0,1,4
17480162,60,11,1,1,20,2,4.0,20,1
17213334,60,11,1,1,1,2,4.0,20,1
17213897,45,11,4,1,5,7,2.0,1,4
17215910,45,11,1,1,5,2,4.0,21,1
17216107,60,11,1,1,20,2,4.0,22,1
17216149,65,12,1,1,20,2,4.0,20,1
17216191,60,12,1,1,20,2,4.0,20,1
17218121,65,12,1,1,20,2,4.0,20,1
17219854,65,12,1,1,20,2,4.0,20,1
17220241,45,11,4,1,20,2,1.0,10,1
17220328,60,11,1,1,20,2,4.0,22,1
17220330,60,11,1,1,20,2,4.0,22,1
17221054,60,11,1,1,20,8,4.0,1,1
17224349,60,11,1,1,20,2,4.0,31,1
17225127,50,11,1,1,9,2,4.0,14,1
17227680,65,11,1,1,20,2,4.0,20,1
17228470,55,11,4,1,20,2,4.0,20,1
17228472,30,11,1,1,8,2,1.0,23,1
17229728,60,0,1,0,20,2,4.0,21,1
17229959,60,11,1,1,20,2,4.0,20,1
17230074,45,11,1,1,20,2,2.0,20,1
17233946,35,12,1,1,1,2,2.0,20,1
17234609,60,11,1,1,1,2,4.0,20,1
17235099,60,11,1,1,20,2,4.0,21,1
17236010,65,11,1,1,20,2,4.0,20,1
17236207,-1,11,4,1,1,7,4.0,1,2
17236213,65,11,4,1,20,2,4.0,20,1
17236536,60,11,1,1,20,2,4.0,20,1
17236800,60,11,1,1,20,2,4.0,20,1
17238252,60,11,4,1,20,2,4.0,21,1
17239393,60,2,4,3,20,7,4.0,1,2
17239397,60,2,1,2,20,2,4.0,21,1
17241843,60,11,1,1,20,2,4.0,20,1
17242817,45,11,2,1,5,2,2.0,22,1
17243548,65,11,1,1,1,2,4.0,21,1
17243554,45,11,1,1,1,7,4.0,1,2
17243559,60,11,1,1,1,2,4.0,20,1
17243561,60,11,1,1,20,2,4.0,20,1
17243563,60,11,1,1,20,2,4.0,22,1
17244687,35,11,4,1,1,2,4.0,21,1
17245906,65,11,1,1,1,2,4.0,20,1
17246554,60,11,1,1,20,2,4.0,20,1
17247040,45,12,1,1,20,2,4.0,22,1
17247847,60,0,1,1,20,2,4.0,21,1
17248897,60,11,1,1,1,2,4.0,20,1
17248898,65,12,1,1,1,7,4.0,1,2
17248899,40,12,1,1,8,2,4.0,20,1
17249422,60,0,1,0,20,2,4.0,20,1
17250305,60,2,1,2,20,2,4.0,20,1
17253577,45,12,1,1,8,2,1.0,13,1
17254756,45,12,1,1,5,2,4.0,20,1
17255214,45,11,4,1,1,2,3.0,20,1
17255217,45,11,4,1,20,10,4.0,1,2
17255424,60,2,1,2,20,7,4.0,1,2
17255759,65,11,1,1,1,2,4.0,21,1
17256487,45,11,1,1,20,2,4.0,20,1
17258503,65,2,1,2,20,2,4.0,20,1
17259526,45,11,4,1,1,2,2.0,13,1
17260797,45,11,1,1,20,2,3.0,21,1
17260998,45,2,1,2,20,2,4.0,21,1
17262284,60,11,1,1,20,2,4.0,21,1
17266310,60,11,1,1,20,2,4.0,20,1
17266543,60,11,1,1,20,2,4.0,20,1
17266654,65,12,1,1,1,2,4.0,20,1
17266905,45,12,1,1,20,2,4.0,22,1
17268334,60,11,1,1,20,2,4.0,20,1
17268766,60,11,1,1,20,2,4.0,21,1
17269143,45,11,1,1,20,2,2.0,22,1
17270387,60,11,1,1,1,2,4.0,20,1
17270391,60,11,1,1,20,2,4.0,20,1
17270704,65,11,4,1,20,2,4.0,20,1
17271075,60,11,1,1,20,2,4.0,21,1
17271141,65,0,2,0,1,2,4.0,20,1
17271608,60,11,1,1,20,2,4.0,20,1
17271752,60,11,4,1,1,2,4.0,13,1
17272580,45,11,3,1,5,2,1.0,10,1
17273012,45,11,1,1,1,2,4.0,21,1
17273503,45,11,1,1,5,2,2.0,23,1
17273504,50,11,1,1,20,2,4.0,21,1
17273505,45,11,1,1,1,2,4.0,20,1
17273912,35,11,1,1,9,2,2.0,20,1
17274255,60,11,1,1,11,2,4.0,20,1
17275675,60,2,2,2,20,2,4.0,20,1
17276634,65,2,1,2,20,2,4.0,20,1
17276820,65,11,1,1,20,2,4.0,21,1
17277245,50,11,3,1,20,7,4.0,1,4
17277388,45,12,1,1,9,2,4.0,14,1
17277443,65,11,1,1,20,2,4.0,20,1
17277471,60,11,1,1,20,2,4.0,20,1
17279923,60,11,1,1,20,2,4.0,20,1
17279949,60,11,1,1,20,2,4.0,21,1
17280542,60,11,1,1,20,2,4.0,21,1
17281746,40,11,1,1,20,2,4.0,21,1
17283318,65,11,1,1,1,2,4.0,20,1
17283485,60,11,1,1,20,2,4.0,20,1
17284171,45,11,1,1,20,2,3.0,13,1
17284959,60,11,4,1,20,7,4.0,1,2
17286462,40,11,1,1,5,2,1.0,10,1
17286530,65,11,1,1,20,2,4.0,21,1
17287163,35,12,1,1,5,2,1.0,14,1
17287446,60,11,4,1,1,2,4.0,20,1
17288849,40,11,1,1,20,2,4.0,20,1
17289043,60,11,1,1,20,2,4.0,22,1
17289778,60,11,1,1,20,2,4.0,20,1
17289802,65,12,1,1,20,2,4.0,20,1
17292306,60,11,1,1,20,2,4.0,20,1
17292556,65,11,1,1,20,2,4.0,20,1
17293242,45,11,1,1,9,2,4.0,14,1
17293691,60,11,4,1,1,2,4.0,20,1
17293711,60,2,1,2,1,2,4.0,21,1
17295911,60,2,1,2,1,2,4.0,21,1
17296001,-1,11,1,1,9,2,2.0,22,1
17296587,45,11,1,1,20,2,4.0,10,1
17296930,60,2,4,3,20,7,4.0,1,4
17297829,60,2,1,2,1,2,4.0,21,1
17298837,65,2,4,2,20,7,4.0,1,4
17298848,60,2,4,2,20,7,4.0,1,4
17298849,60,2,4,2,20,7,4.0,1,4
17299030,60,11,1,2,20,2,4.0,22,1
17300318,45,11,3,1,20,2,2.0,20,1
17301475,65,2,4,2,1,2,4.0,21,1
17301480,65,2,1,2,1,2,4.0,20,1
17303787,60,11,1,1,20,2,4.0,20,1
17303924,65,2,1,2,20,2,4.0,22,1
17304344,60,2,1,2,20,2,4.0,22,1
17304803,35,2,1,2,5,2,1.0,10,1
17306485,60,2,4,2,20,7,4.0,1,2
17306495,60,2,4,2,20,7,4.0,1,4
17306497,60,2,4,3,20,7,4.0,1,4
17306502,60,2,1,2,20,2,4.0,21,1
17306505,60,2,1,3,20,7,4.0,1,4
17307796,60,2,4,2,1,2,4.0,21,1
17307979,60,11,1,1,20,2,4.0,22,1
17308662,45,11,4,1,20,2,4.0,21,1
17308782,65,11,1,1,20,2,4.0,21,1
17310466,60,2,1,3,20,7,4.0,1,4
17310473,60,12,1,1,20,2,4.0,21,1
17311539,50,11,1,1,9,2,4.0,14,1
17311662,65,11,1,1,1,2,4.0,20,1
17311681,40,12,1,1,20,2,4.0,21,1
17311701,65,11,4,1,20,2,4.0,21,1
17311718,60,2,1,2,20,2,4.0,20,1
17311726,65,2,4,2,20,2,4.0,21,1
17312034,60,11,1,1,20,2,4.0,21,1
17312632,60,12,4,2,1,2,4.0,20,1
17312714,60,2,3,2,20,2,4.0,22,1
17312721,60,2,1,2,20,2,4.0,21,1
17312961,45,2,3,2,20,2,4.0,21,1
17313024,60,2,1,2,20,2,4.0,22,1
17313051,65,11,1,1,1,2,4.0,22,1
17313082,65,11,4,1,1,2,4.0,20,1
17313236,45,12,1,1,8,2,1.0,10,1
17313237,35,2,0,2,20,2,2.0,22,1
17314454,30,11,1,1,5,2,1.0,21,1
17315227,60,11,1,1,20,2,4.0,21,1
17315819,60,11,1,1,20,2,4.0,22,1
17316919,45,11,1,1,5,2,4.0,21,1
17317045,65,11,1,1,20,2,4.0,20,1
17317310,45,11,5,1,20,2,2.0,22,1
17317766,60,11,1,1,20,2,4.0,21,1
17318830,45,11,1,1,9,2,4.0,22,1
17319151,65,11,1,1,20,2,4.0,20,1
17319886,60,11,1,1,11,2,2.0,20,1
17321198,60,2,1,2,20,2,4.0,21,1
17321229,60,11,1,1,20,2,4.0,21,1
17322471,60,12,1,1,20,7,4.0,1,4
17322948,60,11,1,1,20,2,4.0,20,1
17323344,60,11,1,1,20,2,4.0,20,1
17324870,35,11,1,1,5,2,1.0,20,1
17324945,60,11,1,1,20,2,4.0,21,1
17325136,45,11,1,1,20,2,4.0,20,1
17325901,60,11,1,1,1,2,4.0,20,1
17325908,60,11,1,1,20,2,4.0,20,1
17325982,60,11,1,1,20,2,4.0,20,1
17327372,45,11,1,1,20,2,4.0,22,1
17327633,65,11,1,1,20,2,4.0,20,1
17327960,40,11,1,1,20,2,2.0,20,1
17328517,60,11,1,1,11,2,4.0,20,1
17329496,60,11,1,1,20,2,4.0,21,1
17331752,45,12,1,2,20,7,4.0,1,2
17331756,45,11,4,1,20,2,2.0,22,1
17331758,65,11,4,1,20,2,4.0,21,1
17331761,40,12,1,1,20,2,4.0,20,1
17332161,40,11,1,1,8,7,2.0,1,2
17332435,60,12,1,1,20,2,4.0,21,1
17334604,65,11,4,1,20,2,4.0,22,1
17334608,60,11,1,1,20,2,4.0,20,1
17334741,45,11,4,1,20,2,1.0,24,1
17335193,65,11,1,1,1,2,4.0,20,1
17335215,65,11,1,1,1,2,4.0,20,1
17336556,60,12,1,1,20,2,4.0,22,1
17336751,60,11,1,1,20,2,4.0,20,1
17336788,60,11,4,1,11,7,4.0,1,2
17339002,65,11,4,1,20,2,4.0,21,1
17339198,60,11,1,1,20,8,4.0,1,1
17339858,60,11,1,1,20,2,4.0,20,1
17340631,60,0,0,0,20,2,4.0,21,1
17341013,65,11,4,1,20,2,4.0,20,1
17341708,60,11,1,1,20,2,4.0,20,1
17342282,65,11,1,1,20,2,4.0,20,1
17342862,60,11,1,1,20,2,4.0,20,1
17343139,45,11,4,2,20,2,4.0,20,1
17343544,45,12,1,1,9,2,4.0,22,1
17343602,60,11,1,1,20,2,4.0,22,1
17345256,60,11,1,1,20,2,4.0,22,1
17345616,60,11,1,1,20,2,4.0,21,1
17347858,60,11,1,1,20,2,4.0,20,1
17351011,50,2,1,2,20,2,4.0,21,1
17351601,60,11,1,1,20,2,4.0,20,1
17351750,60,11,1,1,20,2,4.0,21,1
17352327,50,11,1,1,20,2,4.0,14,1
17352551,60,11,1,1,20,2,4.0,21,1
17352676,65,11,1,1,20,2,4.0,20,1
17352680,45,12,3,1,20,2,2.0,22,1
17352737,60,11,4,1,20,2,4.0,20,1
17352999,35,11,4,1,20,2,4.0,21,1
17353500,65,11,4,1,20,7,4.0,1,4
17353544,50,11,4,1,5,7,2.0,1,2
17353545,65,11,4,1,20,7,4.0,1,2
17355151,45,11,5,1,9,2,4.0,21,1
17355588,65,11,1,1,20,2,4.0,21,1
17356909,60,11,1,1,20,2,4.0,20,1
17357644,65,11,5,1,1,2,4.0,20,1
17357645,45,11,4,1,20,2,4.0,28,1
17358081,45,11,1,1,5,2,1.0,28,1
17360261,30,11,4,1,1,1,4.0,1,1
17362375,45,11,4,1,20,2,4.0,20,1
17362700,60,2,4,2,20,2,4.0,21,1
17364880,65,2,4,2,20,2,4.0,20,1
17365439,60,11,1,1,20,2,4.0,20,1
17365646,65,11,1,1,20,2,4.0,21,1
17365797,45,11,4,1,20,2,2.0,22,1
17366247,65,12,4,2,20,7,4.0,1,2
17368182,35,11,1,1,9,2,2.0,22,1
17368183,45,11,1,1,9,2,2.0,22,1
17368238,65,2,4,2,20,2,4.0,20,1
17370194,45,11,4,1,9,7,4.0,1,2
17372111,60,11,1,1,20,2,4.0,20,1
17372617,45,11,1,1,5,2,4.0,20,1
17373868,60,11,4,1,20,2,4.0,21,1
17374120,60,11,1,1,20,2,4.0,22,1
17374138,60,2,4,3,20,2,4.0,21,1
17374242,60,2,5,2,20,2,4.0,20,1
17374550,60,11,1,1,20,2,4.0,22,1
17375618,60,11,1,1,11,2,4.0,20,1
17375690,60,11,1,1,20,2,4.0,20,1
17377152,30,11,1,1,5,2,2.0,22,1
17378391,45,11,4,1,5,2,2.0,22,1
17378395,60,2,4,2,20,7,4.0,1,4
17378396,60,2,4,3,20,7,4.0,1,4
17378454,60,2,4,2,20,7,4.0,1,2
17379159,45,11,1,1,6,2,1.0,10,1
17380486,60,11,1,1,11,2,2.0,20,1
17380543,40,11,1,1,5,2,2.0,20,1
17380597,35,12,1,1,5,2,1.0,10,1
17380599,-1,11,1,1,9,2,2.0,22,1
17380910,65,11,1,1,20,7,4.0,1,2
17381301,35,11,1,1,5,2,1.0,10,1
17381363,45,11,4,1,20,2,4.0,21,1
17383967,60,11,1,1,20,2,4.0,20,1
17384987,65,11,1,1,20,7,4.0,1,2
17385943,60,11,1,1,20,2,4.0,20,1
17386266,45,11,1,1,20,2,4.0,21,1
17386772,60,11,1,1,20,2,4.0,21,1
17386970,60,2,4,2,20,7,4.0,1,2
17387896,50,11,4,2,5,2,2.0,22,1
17388377,60,2,4,2,20,7,4.0,1,2
17389694,60,11,4,1,20,2,4.0,20,1
17389984,35,11,1,1,20,2,4.0,21,1
17390833,60,2,1,2,20,7,4.0,1,4
17391295,60,12,1,1,20,2,4.0,20,1
17392464,60,11,1,1,20,2,4.0,20,1
17393031,60,2,1,2,20,2,4.0,20,1
17393546,65,11,4,1,20,2,4.0,20,1
17394237,60,12,1,1,20,2,4.0,21,1
17394239,45,11,3,1,5,2,4.0,22,1
17394750,65,2,4,2,20,2,4.0,20,1
17396264,45,12,1,1,12,7,3.0,2,2
17396820,60,2,1,2,20,2,4.0,21,1
17397094,65,0,5,0,1,2,4.0,21,1
17397332,45,2,1,2,20,2,4.0,21,1
17398277,60,2,1,2,20,7,4.0,1,2
17398279,60,2,1,2,20,7,4.0,1,4
17398299,60,11,1,1,20,2,4.0,20,1
17398982,50,11,1,1,20,2,2.0,22,1
17399221,45,11,4,1,20,2,3.0,23,1
17400541,45,11,1,1,20,2,2.0,22,1
17401557,65,11,4,2,20,2,4.0,21,1
17402621,35,2,1,2,20,2,4.0,22,1
17402655,45,2,1,1,1,2,4.0,20,1
17403746,60,2,4,2,20,7,4.0,1,2
17403819,45,11,4,1,5,2,1.0,10,1
17403883,60,2,1,2,20,2,4.0,22,1
17404053,60,2,1,2,17,2,4.0,21,1
17405881,60,2,1,2,20,2,4.0,21,1
17406239,60,11,1,1,20,2,4.0,20,1
17407339,60,11,1,1,20,2,4.0,21,1
17407396,60,11,4,2,1,2,4.0,21,1
17408108,35,12,1,1,9,2,2.0,22,1
17409942,60,12,4,2,20,2,4.0,20,1
17409943,60,12,5,1,20,2,4.0,20,1
17409946,45,12,1,1,20,2,4.0,20,1
17409953,35,2,1,2,5,2,1.0,10,1
17409959,35,11,1,1,5,2,2.0,21,1
17410404,60,11,1,1,20,2,4.0,22,1
17411150,60,11,1,1,20,2,4.0,21,1
17411701,60,11,1,1,20,2,4.0,20,1
17412173,45,11,4,1,20,2,2.0,22,1
17413004,60,11,1,1,20,2,4.0,21,1
17413922,60,11,1,1,20,2,4.0,20,1
17414339,60,12,4,1,20,2,4.0,20,1
17414694,65,11,4,1,20,2,4.0,21,1
17414698,65,11,1,1,20,2,4.0,20,1
17414707,60,2,1,2,20,2,4.0,20,1
17416229,65,11,1,1,20,2,4.0,20,1
17416246,45,11,1,1,5,2,1.0,20,1
17416251,30,11,1,1,8,2,2.0,22,1
17416566,45,11,1,1,20,2,4.0,21,1
17417326,45,2,1,2,20,2,4.0,20,1
17418820,60,11,1,1,20,2,4.0,20,1
17419572,45,11,1,1,9,2,4.0,20,1
17420595,45,11,1,1,20,2,4.0,21,1
17420612,65,11,4,1,20,10,4.0,1,1
17421502,65,11,1,1,1,2,4.0,20,1
17421888,40,12,1,1,20,2,1.0,24,1
17421917,60,12,1,1,20,2,4.0,20,1
17421921,60,11,1,1,20,2,4.0,20,1
17421952,60,2,4,2,20,7,4.0,1,2
17423060,60,11,4,1,20,2,4.0,20,1
17424224,60,11,1,1,20,2,4.0,20,1
17424913,45,11,1,1,20,2,1.0,23,1
17425727,60,12,4,1,20,2,4.0,20,1
17427493,60,2,1,2,20,7,4.0,1,4
17430442,60,11,1,1,20,2,4.0,21,1
17431043,45,11,2,1,8,2,1.0,13,1
17432139,10,11,1,1,1,2,3.0,23,1
17432470,60,11,4,1,5,2,1.0,14,1
17437214,60,12,5,1,20,2,4.0,20,1
17437219,65,11,4,1,1,2,4.0,22,1
17437228,60,11,1,1,20,2,4.0,20,1
17437238,60,11,1,1,20,2,4.0,21,1
17438457,60,2,4,2,20,7,4.0,1,4
17438648,-1,11,4,1,1,2,4.0,20,1
17439607,45,12,4,1,5,2,1.0,10,1
17439955,60,11,1,1,20,2,4.0,22,1
17440538,60,11,1,1,20,2,4.0,21,1
17440772,45,11,3,1,20,2,4.0,20,1
17441476,30,11,1,1,8,2,1.0,13,1
17441666,45,12,5,1,11,2,4.0,21,1
17442189,60,12,1,1,20,2,4.0,20,1
17444031,45,11,1,1,20,2,1.0,10,1
17444177,60,12,1,1,20,7,4.0,1,4
17444333,45,11,1,1,20,2,4.0,20,1
17450528,60,11,1,1,20,2,4.0,20,1
17450711,45,12,1,1,20,2,4.0,21,1
17450873,45,11,4,1,20,2,4.0,21,1
17451356,60,2,1,2,20,7,4.0,1,2
17451447,60,2,1,2,20,2,4.0,22,1
17453045,60,2,1,3,20,7,4.0,1,4
17453175,60,2,4,2,20,7,4.0,1,4
17453245,60,11,1,1,20,2,4.0,21,1
17453736,60,12,1,1,20,2,4.0,20,1
17453840,50,11,1,1,20,2,4.0,21,1
17453901,65,11,1,1,1,2,4.0,21,1
17455053,60,11,4,1,2,2,4.0,21,1
17455059,60,12,3,1,20,2,4.0,20,1
17456259,60,11,5,1,20,2,4.0,22,1
17457460,45,11,4,1,20,2,4.0,20,1
17457557,45,11,1,1,9,2,4.0,22,1
17458032,50,11,1,1,20,2,4.0,20,1
17458087,45,12,1,1,5,2,2.0,13,1
17458235,-1,11,4,1,1,2,4.0,21,1
17459272,65,11,1,1,20,2,4.0,20,1
17459936,50,11,4,1,20,2,4.0,20,1
17462018,35,11,4,1,9,2,2.0,22,1
17462622,45,11,4,1,20,2,2.0,22,1
17462935,-1,11,4,1,20,2,4.0,20,1
17463744,60,11,1,1,20,2,4.0,21,1
17463755,60,11,4,1,20,7,4.0,1,2
17465139,60,11,4,1,20,2,4.0,20,1
17465552,60,12,1,1,20,7,4.0,1,4
17466240,60,11,1,1,20,2,4.0,21,1
17466625,45,11,1,1,20,2,4.0,20,1
17468862,60,11,4,1,20,2,4.0,20,1
17468957,45,11,6,1,20,2,4.0,21,1
17472373,60,2,1,2,20,2,4.0,22,1
17472922,60,11,4,1,20,2,4.0,20,1
17472924,60,11,4,1,20,2,4.0,21,1
17472944,65,11,4,1,20,2,4.0,20,1
17476623,60,11,4,1,20,2,4.0,20,1
17478481,60,11,4,1,20,7,4.0,1,2
17478482,35,11,1,1,20,2,4.0,14,1
17478622,35,11,1,1,5,2,1.0,10,1
17478819,60,2,1,2,20,2,4.0,20,1
17479258,50,11,4,1,5,2,2.0,22,1
17479584,55,0,0,0,20,2,2.0,21,1
17480063,45,12,1,1,20,2,4.0,20,1
17480253,60,2,4,2,20,7,4.0,1,2
17480550,30,11,1,1,5,2,2.0,13,1
17480554,65,11,4,1,1,2,4.0,20,1
17480591,65,11,1,1,11,2,4.0,21,1
17480612,45,11,1,1,5,2,2.0,20,1
17480615,60,2,1,2,20,7,4.0,1,4
17480718,45,12,1,1,5,2,2.0,22,1
17480759,65,11,1,1,1,2,4.0,20,1
17480853,60,11,1,1,20,2,4.0,21,1
17480942,45,11,4,1,20,2,1.0,23,1
17480967,65,12,1,1,20,2,4.0,21,1
17480970,60,11,1,1,20,2,4.0,20,1
17481108,60,2,1,2,20,2,4.0,20,1
17481117,45,12,1,2,20,7,4.0,1,2
17481120,35,11,4,1,5,2,1.0,14,1
17481129,65,11,4,1,20,2,4.0,20,1
17481130,60,11,4,1,20,2,4.0,20,1
17482858,40,11,4,1,10,7,4.0,1,2
17483001,65,11,1,1,1,2,4.0,20,1
17483432,35,12,4,1,5,2,1.0,34,1
17483601,35,11,4,1,20,2,3.0,13,1
17485213,55,11,4,1,20,2,4.0,20,1
17486157,60,11,1,1,1,2,4.0,21,1
17487698,45,12,5,1,20,2,4.0,20,1
17488072,60,11,4,1,20,2,4.0,20,1
17488284,60,11,1,1,20,2,4.0,20,1
17488340,30,11,3,1,5,2,1.0,14,1
17488341,65,11,1,0,20,2,4.0,20,1
17488347,60,11,4,1,20,2,4.0,20,1
17489129,60,11,4,1,20,2,4.0,21,1
17489227,65,2,1,2,20,7,4.0,1,2
17489935,60,11,1,1,20,2,4.0,20,1
17490217,45,11,1,1,20,2,4.0,20,1
17490694,60,2,4,3,20,7,4.0,1,4
17491105,60,12,4,1,11,7,4.0,1,2
17492090,60,2,4,2,20,7,4.0,1,2
17492624,65,11,4,1,20,2,4.0,22,1
17492686,60,2,1,2,1,7,4.0,1,4
17495312,35,11,4,1,20,2,1.0,34,1
17520658,40,11,1,0,20,2,4.0,21,1
14199868,55,2,1,2,20,7,2.0,1,4
14202564,60,2,1,2,20,2,4.0,20,1
14206290,60,11,1,1,20,2,4.0,21,1
14209880,60,11,4,1,20,2,4.0,20,1
14210160,60,11,3,1,1,2,4.0,21,1
14211895,60,12,1,1,20,2,4.0,20,1
14218578,60,2,1,2,20,2,4.0,22,1