Crash_ID,Crash_Speed_Limit,Wthr_Cond_ID,Light_Cond_ID,Surf_Cond_ID,Traffic_Cntl_ID,Harm_Evnt_ID,Intrsct_Relat_ID,FHE_Collsn_ID,Road_Relat_ID
14222127,55,11,1,1,20,2,4.0,21,1
14225834,60,2,1,2,20,2,4.0,20,1
14225839,60,2,1,1,20,2,4.0,20,1
14228137,60,11,1,1,20,2,4.0,20,1
14229086,60,11,1,1,20,2,4.0,22,1
14229182,60,11,1,1,1,2,4.0,21,1
14229632,45,11,1,1,20,2,2.0,23,1
14230081,60,11,1,1,9,2,2.0,14,1
14233320,65,12,1,1,20,2,4.0,20,1
14235604,60,11,4,1,20,2,4.0,20,1
14237752,60,11,1,1,20,2,4.0,20,1
14237755,60,11,4,1,20,2,4.0,20,1
14239316,20,11,4,1,20,2,1.0,10,1
14241075,55,12,1,2,1,2,4.0,21,1
14243963,45,11,4,1,8,2,1.0,10,1
14247473,60,11,4,1,20,2,4.0,20,1
14247753,60,11,1,1,20,2,4.0,20,1
14248504,60,2,1,2,20,7,4.0,1,4
14252402,35,11,1,1,8,2,1.0,10,1
14253719,60,11,4,1,20,2,4.0,21,1
14254424,65,11,4,1,1,2,4.0,21,1
14254573,60,11,1,1,20,2,4.0,21,1
14255652,60,11,1,2,20,2,4.0,20,1
14256236,60,12,4,1,20,7,2.0,1,4
14258148,60,11,4,1,20,2,4.0,22,1
14258168,60,2,4,2,1,7,4.0,1,2
14258457,60,11,4,1,20,2,4.0,21,1
14260337,60,12,4,1,20,2,4.0,20,1
14260806,65,11,1,1,20,2,2.0,13,1
14260834,60,11,4,1,20,2,4.0,20,1
14260962,60,11,3,1,20,2,4.0,21,1
14263622,60,11,1,1,20,2,4.0,21,1
14266498,60,11,1,1,20,2,2.0,21,1
14266962,-1,11,1,1,20,2,2.0,22,1
14271024,60,11,4,1,20,2,4.0,20,1
14271033,60,11,4,1,20,2,4.0,21,1
14275545,60,11,3,1,20,2,4.0,22,1
14277574,60,12,1,1,20,2,4.0,20,1
14286576,65,11,1,1,20,2,4.0,20,1
14286579,60,11,4,1,20,7,4.0,1,4
14286617,60,12,1,1,20,2,4.0,21,1
14287222,60,11,1,1,20,2,4.0,20,1
14291226,60,12,1,2,1,2,4.0,21,1
14295878,40,12,1,1,5,2,1.0,24,1
14297451,30,12,1,1,5,2,1.0,20,1
14299074,60,11,1,1,20,2,4.0,20,1
14300367,60,2,1,2,20,7,4.0,1,2
14302964,60,2,1,3,20,7,4.0,1,2
14305334,60,11,1,1,20,2,4.0,20,1
14305352,40,5,1,2,20,2,4.0,22,1
14305356,60,12,2,1,1,2,4.0,22,1
14308166,60,2,4,2,20,2,4.0,22,1
14308838,40,11,4,1,9,2,2.0,14,1
14310027,45,12,1,1,20,2,4.0,21,1
14311167,60,2,1,3,1,2,4.0,21,1
14312787,65,11,1,1,20,2,4.0,22,1
14313217,60,2,1,2,1,7,4.0,1,2
14313540,60,2,4,2,20,7,4.0,1,4
14316654,60,12,1,1,1,2,4.0,20,1
14316849,60,11,4,1,20,2,4.0,20,1
14319494,60,2,4,2,20,4,4.0,1,1
14319495,60,2,4,2,20,7,4.0,1,3
14321192,60,12,1,1,20,2,4.0,20,1
14323012,60,12,1,1,20,2,4.0,20,1
14324366,60,11,1,1,20,2,4.0,20,1
14324735,65,12,5,2,20,2,4.0,20,1
14327407,60,12,1,1,20,2,4.0,21,1
14331832,65,12,1,1,20,2,4.0,20,1
14340939,60,11,1,1,20,2,4.0,20,1
14342696,60,11,1,1,20,2,4.0,21,1
14342758,60,11,1,1,1,2,4.0,21,1
14346179,60,2,1,2,20,2,4.0,20,1
14347183,55,11,1,1,20,2,4.0,22,1
14347958,60,2,1,2,20,2,4.0,20,1
14348529,60,11,4,1,20,2,4.0,21,1
14351785,60,11,1,1,20,2,4.0,22,1
14358393,40,11,1,1,8,2,1.0,10,1
14360833,60,12,1,2,20,2,4.0,20,1
14364010,65,11,1,1,20,2,4.0,20,1
14364609,60,11,1,1,20,7,4.0,1,2
14366442,60,11,4,1,1,2,2.0,20,1
14366908,60,11,1,1,20,2,4.0,20,1
14370056,60,11,4,1,20,10,4.0,1,1
14370532,65,11,1,1,20,2,4.0,20,1
14372390,60,11,1,1,20,2,4.0,20,1
14374432,60,11,4,1,20,7,4.0,1,2
14374438,60,11,4,1,20,2,4.0,20,1
14374567,60,12,1,1,1,2,4.0,21,1
14377289,60,2,1,1,20,7,4.0,1,4
14381869,65,2,4,2,20,2,4.0,21,1
14383957,60,12,1,0,20,2,4.0,20,1
14383958,60,2,1,3,20,7,4.0,1,2
14385787,60,11,1,1,20,2,4.0,21,1
14387657,60,2,4,3,20,7,4.0,1,4
14389627,60,12,1,1,20,2,4.0,21,1
14389860,60,2,4,2,1,7,4.0,1,2
14389996,60,11,4,1,20,2,4.0,20,1
14392289,60,2,4,2,20,7,4.0,1,2
14392562,60,2,4,2,20,2,4.0,20,1
14394484,60,11,1,2,20,2,4.0,20,1
14399993,60,12,4,1,20,2,4.0,21,1
14400502,60,2,4,3,20,7,4.0,1,2
14403527,60,11,4,1,20,2,4.0,20,1
14405152,60,11,1,1,20,2,4.0,20,1
14409609,60,11,1,1,20,2,4.0,21,1
14410296,60,2,4,2,20,2,4.0,21,1
14410299,60,2,1,2,20,2,4.0,21,1
14410558,60,11,1,1,20,2,4.0,21,1
14417324,60,11,1,1,1,2,4.0,20,1
14417333,60,11,1,1,20,2,4.0,20,1
14423593,60,12,1,1,20,2,2.0,21,1
14424891,55,11,1,1,20,2,4.0,20,1
14425197,60,11,1,1,20,2,4.0,21,1
14426640,60,11,1,1,20,2,2.0,20,1
14437283,60,12,1,1,20,2,4.0,21,1
14437347,65,11,4,1,20,2,4.0,21,1
14438023,60,2,1,2,20,7,4.0,1,2
14441302,60,12,1,2,20,2,4.0,20,1
14446548,30,12,1,1,1,2,4.0,21,1
14446983,60,2,1,2,20,7,4.0,1,2
14447559,60,11,1,1,12,2,4.0,20,1
14450090,60,12,4,1,20,7,4.0,1,4
14450151,60,12,1,1,20,2,4.0,21,1
14450708,45,2,1,2,5,2,1.0,13,1
14450744,65,2,1,2,20,2,4.0,21,1
14457778,60,11,1,1,20,2,4.0,22,1
14458721,60,2,1,2,11,7,2.0,1,4
14459868,60,2,4,2,20,10,4.0,1,1
14460203,35,11,1,1,20,2,2.0,21,1
14460400,60,12,1,1,20,2,2.0,20,1
14460943,60,2,5,2,20,2,4.0,21,1
14461029,55,12,1,1,20,2,4.0,20,1
14462935,30,12,1,1,1,2,1.0,10,1
14463591,65,12,3,1,1,7,2.0,1,2
14465346,60,11,1,1,20,2,4.0,20,1
14467539,60,12,4,1,20,10,4.0,1,2
14467714,60,11,1,1,1,2,4.0,20,1
14469948,60,11,1,1,20,2,4.0,21,1
14470811,60,11,1,1,20,2,4.0,20,1
14471837,60,11,1,1,20,2,4.0,22,1
14471951,55,11,1,1,20,2,4.0,21,1
14481232,60,11,1,1,20,2,4.0,21,1
14485355,60,12,1,1,20,2,2.0,10,1
14485746,40,12,1,2,1,7,4.0,1,4
14486883,60,2,1,3,20,7,4.0,1,2
14487659,60,11,1,1,20,2,2.0,20,1
14489898,65,2,1,2,20,2,4.0,20,1
14489899,65,2,1,2,20,2,4.0,21,1
14490155,60,12,1,1,20,2,4.0,22,1
14490447,35,11,4,1,20,2,4.0,20,1
14493559,30,2,1,2,20,2,4.0,21,1
14494102,60,2,1,2,20,7,4.0,1,2
14494383,60,2,1,2,20,2,4.0,21,1
14495542,30,12,1,1,8,2,2.0,14,1
14496305,60,2,4,2,20,7,4.0,1,4
14496635,60,2,1,2,20,7,4.0,1,2
14496894,60,11,1,1,20,2,4.0,21,1
14499516,60,11,1,1,20,2,4.0,20,1
14499664,60,2,3,3,1,2,4.0,20,1
14500841,60,11,1,1,20,2,4.0,20,1
14507026,60,12,4,1,20,7,4.0,1,2
14510395,40,2,1,3,20,7,2.0,1,2
14511678,60,12,1,2,20,2,4.0,20,1
14512042,60,2,1,2,20,7,4.0,1,4
14513469,60,11,1,1,20,2,2.0,20,1
14514298,10,11,1,1,1,2,4.0,21,1
14516030,60,2,1,2,20,2,4.0,20,1
14516215,60,11,1,2,20,2,4.0,20,1
14516340,60,12,3,1,20,2,4.0,21,1
14517611,65,2,3,2,1,7,4.0,1,2
14517852,45,11,4,1,20,7,4.0,1,2
14522258,60,11,1,1,1,10,4.0,1,2
14525397,60,12,1,1,20,2,4.0,20,1
14527094,60,11,4,1,20,2,4.0,21,1
14531315,60,11,1,1,1,2,4.0,20,1
14537239,60,11,1,1,20,2,4.0,20,1
14539626,60,12,1,1,20,2,4.0,20,1
14540436,60,11,1,1,20,2,4.0,20,1
14542868,60,11,1,1,20,8,4.0,1,1
14547345,60,12,1,1,20,2,4.0,20,1
14549795,30,12,4,1,20,2,2.0,21,1
14549796,60,11,4,1,20,2,4.0,20,1
14552130,60,11,2,1,20,2,4.0,21,1
14552221,60,11,1,1,1,7,4.0,1,2
14556072,60,11,1,1,20,2,4.0,20,1
14567112,60,11,1,1,20,7,4.0,1,2
14570281,45,11,1,1,8,2,2.0,21,1
14574169,60,11,1,1,20,2,4.0,21,1
14585479,60,11,1,1,20,2,4.0,21,1
14724187,60,11,1,1,20,2,4.0,20,1
14864345,30,11,1,1,20,2,4.0,21,1
15060375,65,11,4,1,20,1,4.0,1,1
15428157,60,11,6,2,20,7,4.0,1,4
15591997,60,11,1,1,20,2,4.0,22,1
15657639,60,11,1,1,20,2,1.0,21,1
16476698,40,11,1,1,20,7,4.0,1,2
14581350,60,11,1,1,20,2,4.0,21,1
14583931,55,11,4,1,20,7,2.0,1,2
14584716,60,11,1,1,20,2,4.0,20,1
14587121,60,11,1,1,20,2,4.0,20,1
14587630,60,11,1,1,20,2,4.0,20,1
14588744,60,11,1,1,20,2,4.0,20,1
14590762,60,11,2,1,20,2,4.0,20,1
14592477,60,11,6,1,20,2,4.0,20,1
14592545,60,11,4,1,20,2,4.0,22,1
14595686,60,2,1,2,20,2,4.0,20,1
14598723,60,11,1,1,20,2,4.0,20,1
14599022,60,2,1,2,20,2,4.0,20,1
14599152,60,2,1,2,11,2,4.0,21,1
14599154,60,2,1,2,11,7,4.0,1,4
14599155,60,2,1,2,11,2,4.0,20,1
14599608,55,12,4,1,1,2,4.0,21,1
14601078,60,12,1,1,1,2,4.0,20,1
14601392,55,11,1,1,20,2,4.0,21,1
14601432,60,11,1,1,20,7,4.0,1,4
14607900,60,2,1,2,17,7,4.0,1,2
14618119,65,11,1,1,1,2,4.0,21,1
14620177,60,11,1,1,20,2,4.0,20,1
14620193,60,11,1,1,20,2,4.0,20,1
14620342,60,11,1,1,20,2,4.0,20,1
14620355,60,11,1,1,20,2,4.0,20,1
14620780,45,11,1,1,20,2,2.0,21,1
14622199,60,2,4,2,20,7,4.0,1,4
14623829,60,11,1,1,20,2,4.0,21,1
14626107,60,11,1,1,20,2,4.0,20,1
14626977,60,11,1,1,20,2,4.0,22,1
14629605,60,11,4,1,20,2,4.0,21,1
14629613,60,12,4,1,20,2,4.0,21,1
14629773,55,11,1,1,20,2,4.0,22,1
14633015,45,12,1,1,20,2,4.0,21,1
14634033,60,12,1,1,20,2,4.0,21,1
14634316,60,12,1,1,20,2,4.0,20,1
14634440,60,2,1,2,20,7,4.0,1,4
14636525,-1,11,4,1,1,7,4.0,1,2
14636801,60,11,1,1,20,7,4.0,1,2
14636802,55,11,1,1,20,2,4.0,21,1
14636803,55,2,1,2,20,2,4.0,21,1
14637281,60,11,1,1,20,2,4.0,20,1
14644512,65,0,0,0,20,2,4.0,21,1
14645536,40,11,1,1,20,2,2.0,19,1
14649075,60,11,3,1,20,2,4.0,20,1
14653235,60,11,1,1,20,2,4.0,21,1
14656215,60,11,4,1,20,2,4.0,20,1
14656216,60,11,1,1,20,2,4.0,20,1
14660301,40,11,1,1,20,2,4.0,20,1
14660308,60,11,1,1,20,2,4.0,20,1
14661514,60,11,4,1,20,7,4.0,1,2
14662750,60,11,1,1,20,8,2.0,1,1
14665504,40,2,1,2,20,7,4.0,1,2
14667886,60,12,1,2,20,2,4.0,20,1
14672427,60,11,1,1,20,7,4.0,1,2
14675664,35,11,1,1,8,2,1.0,10,1
14676381,40,11,4,1,8,2,2.0,19,1
14678028,60,11,1,1,20,2,4.0,20,1
14690631,60,11,4,1,20,2,4.0,46,1
14698470,60,11,1,1,1,2,4.0,21,1
14704252,60,11,1,1,20,2,4.0,20,1
14705260,35,11,1,1,5,2,2.0,20,1
14707656,60,11,1,1,20,2,4.0,21,1
14708375,65,11,1,1,20,2,4.0,21,1
14709298,60,11,4,1,20,2,4.0,21,1
14712111,60,11,5,1,20,2,4.0,20,1
14713112,60,2,4,2,1,7,4.0,1,3
14715433,65,2,1,2,20,2,4.0,20,1
14715808,60,2,1,2,20,7,4.0,1,4
14718607,60,11,1,1,20,8,4.0,1,1
14718845,45,11,4,2,5,7,2.0,1,4
14722229,60,2,8,2,1,7,4.0,1,2
14723045,30,11,4,1,8,2,1.0,10,1
14725078,60,11,4,1,20,2,4.0,21,1
14725758,40,11,1,1,5,2,1.0,10,1
14726525,60,2,1,2,20,2,4.0,20,1
14729292,60,11,1,1,20,2,4.0,20,1
14729397,60,12,4,2,20,7,2.0,3,4
14733096,35,11,1,1,1,2,1.0,10,1
14733611,60,2,1,2,20,2,4.0,21,1
14735544,60,11,1,1,20,2,4.0,20,1
14736341,60,11,4,1,20,2,4.0,21,1
14736468,60,11,4,1,20,2,4.0,20,1
14737758,60,12,4,1,20,2,2.0,21,1
14738568,60,11,4,2,20,2,4.0,20,1
14745647,65,11,1,1,20,2,4.0,20,1
14747445,60,11,1,1,20,2,4.0,20,1
14751562,60,11,1,1,20,2,4.0,21,1
14751616,60,11,1,1,1,2,4.0,20,1
14751967,60,2,4,3,21,7,4.0,1,4
14752045,60,11,1,1,20,2,4.0,21,1
14753076,65,11,1,1,20,2,4.0,20,1
14755583,5,11,4,1,20,2,4.0,21,1
14755616,60,2,4,2,1,7,2.0,1,4
14758447,60,2,4,3,20,7,4.0,1,4
14759003,60,2,1,2,20,2,4.0,21,1
14764595,60,12,4,1,20,7,4.0,1,4
14765525,60,11,1,1,1,2,4.0,20,1
14766145,60,11,1,1,20,2,4.0,20,1
14766271,60,11,3,1,20,2,2.0,21,1
14773287,60,11,4,1,1,2,4.0,20,1
14776289,60,12,4,2,20,7,2.0,1,4
14783504,40,12,1,1,20,2,4.0,21,1
14784902,60,12,1,1,20,7,4.0,1,2
14784904,65,11,1,1,20,2,4.0,20,1
14785058,65,2,4,2,20,10,4.0,1,2
14785534,60,2,1,2,20,2,4.0,21,1
14789824,60,11,1,1,20,2,4.0,20,1
14789996,60,11,1,0,20,2,4.0,21,1
14790290,60,12,4,1,20,2,4.0,20,1
14790291,60,12,4,1,20,2,4.0,20,1
14798229,60,11,6,1,20,2,4.0,20,1
14799056,60,12,4,1,20,7,4.0,1,2
14800195,60,12,1,1,20,2,4.0,20,1
14801692,60,12,1,1,20,7,4.0,1,4
14803007,65,11,4,1,20,2,4.0,20,1
14804860,65,2,1,3,20,2,4.0,21,1
14804862,60,2,4,2,20,2,2.0,22,1
14804863,60,2,1,3,20,7,4.0,1,4
14805385,60,11,1,1,1,2,4.0,20,1
14807127,60,2,1,2,20,2,4.0,21,1
14807676,60,2,1,3,20,7,4.0,1,2
14807825,60,2,4,2,20,9,4.0,1,3
14808769,60,11,1,1,20,7,4.0,1,2
14809831,60,11,4,1,20,2,4.0,20,1
14810569,60,11,4,1,20,2,4.0,20,1
14813750,40,12,1,2,8,7,2.0,1,2
14818575,35,12,5,1,8,2,1.0,10,1
14826297,60,11,1,1,1,2,4.0,21,1
14827856,60,2,1,2,20,7,4.0,1,4
14828484,40,12,1,1,11,2,4.0,20,1
14832440,65,2,4,2,20,7,2.0,1,4
14832717,45,11,1,1,20,2,2.0,20,1
14834874,60,11,1,1,20,2,4.0,21,1
14836398,60,11,1,2,20,2,4.0,22,1
14838993,65,2,4,2,20,7,4.0,1,3
14840256,60,11,1,1,20,2,4.0,20,1
14841473,60,11,1,1,20,7,4.0,1,2
14843180,45,12,3,2,20,7,4.0,1,2
14852555,35,11,1,1,8,2,1.0,10,1
14871530,40,11,4,1,5,2,1.0,10,1
15065088,60,2,1,2,11,2,4.0,22,1
14843271,60,11,1,1,20,2,4.0,21,1
14847016,60,11,4,1,20,2,4.0,22,1
14850498,60,5,1,2,20,2,4.0,21,1
14850599,45,11,1,1,20,7,2.0,1,4
14851078,65,11,3,1,20,2,2.0,20,1
14854955,65,11,1,1,20,2,4.0,21,1
14855480,60,11,4,1,20,2,4.0,21,1
14858069,60,11,4,8,20,7,4.0,1,4
14859519,60,11,1,1,20,7,4.0,1,4
14859894,30,11,1,1,8,2,1.0,14,1
14860426,60,2,3,3,20,7,4.0,1,2
14860619,60,11,1,1,20,2,4.0,20,1
14862316,35,12,4,1,20,2,4.0,22,1
14862352,60,11,4,2,20,2,2.0,21,1
14864438,60,12,1,1,20,2,4.0,20,1
14865885,60,12,1,1,20,2,2.0,21,1
14866779,60,11,1,1,1,2,2.0,22,1
14875059,60,11,1,1,20,2,4.0,21,1
14875857,60,12,1,1,20,2,4.0,20,1
14878370,60,11,1,1,20,2,2.0,20,1
14878404,65,11,1,1,20,2,4.0,22,1
14878939,40,11,6,1,8,2,1.0,10,1
14879135,60,11,4,1,1,2,4.0,22,1
14884577,60,11,1,1,20,2,4.0,20,1
14887175,60,11,1,1,1,2,4.0,21,1
14887899,45,11,4,1,20,2,2.0,22,1
14888068,60,11,5,1,20,2,4.0,21,1
14888579,60,11,1,1,20,2,4.0,20,1
14888633,45,11,4,1,20,2,4.0,20,1
14888896,35,12,1,1,20,2,1.0,24,1
14892416,65,11,6,1,1,2,4.0,20,1
14893535,60,12,1,1,1,2,4.0,20,1
14897300,60,11,1,1,1,2,4.0,20,1
14899751,60,11,1,1,20,2,4.0,22,1
14900606,65,11,1,1,1,2,4.0,21,1
14902931,60,11,1,1,20,7,4.0,1,2
14908101,60,12,4,1,20,2,4.0,20,1
14908253,30,11,1,1,20,2,1.0,10,1
14909218,60,11,1,1,20,2,4.0,20,1
14913783,60,11,4,1,20,7,4.0,1,2
14913784,60,11,4,1,20,2,4.0,22,1
14914728,60,11,1,1,20,2,4.0,20,1
14915084,60,11,4,1,20,7,4.0,1,4
14915111,30,11,1,1,8,2,1.0,14,1
14920755,60,11,4,1,20,2,4.0,21,1
14921802,60,11,1,1,1,2,4.0,20,1
14922667,60,11,1,1,20,2,4.0,22,1
14923971,65,11,4,1,1,2,4.0,21,1
14925825,40,12,1,1,20,2,4.0,21,1
14928269,60,11,1,1,20,2,4.0,20,1
14928275,60,11,1,1,20,2,4.0,20,1
14928553,45,11,5,1,20,2,4.0,20,1
14931441,60,11,4,1,20,2,4.0,21,1
14934079,60,11,1,1,20,2,4.0,21,1
14934140,60,11,1,1,20,2,4.0,21,1
14936001,50,11,4,1,20,2,4.0,21,1
14938869,60,11,4,1,20,2,4.0,22,1
14941566,35,11,4,1,20,2,4.0,20,1
14941622,60,2,1,2,20,2,4.0,20,1
14944416,60,11,2,1,1,2,4.0,22,1
14945161,60,12,1,1,20,2,4.0,22,1
14946152,60,11,1,1,1,2,4.0,22,1
14946735,60,11,1,1,20,2,4.0,21,1
14948474,60,11,1,1,20,2,4.0,20,1
14948524,60,11,1,1,20,2,4.0,20,1
14957945,65,11,4,1,11,2,4.0,21,1
14959388,65,2,1,2,20,7,2.0,1,4
14962119,60,2,4,2,20,2,4.0,21,1
14962121,60,2,4,2,20,7,4.0,1,2
14962291,60,2,4,2,20,7,4.0,1,3
14964525,60,2,3,2,20,7,4.0,1,2
14965940,60,11,1,1,20,7,4.0,1,4
14968417,40,11,1,1,20,7,4.0,1,1
14971150,60,11,4,1,1,2,4.0,21,1
14978320,60,12,1,1,20,2,4.0,20,1
14979144,60,11,1,1,20,2,4.0,21,1
14979207,60,12,1,1,20,2,4.0,20,1
14979537,60,12,1,1,20,2,4.0,20,1
14980854,60,11,1,1,20,2,4.0,20,1
14984319,60,11,4,1,20,2,4.0,20,1
14985939,60,11,4,1,20,2,4.0,21,1
14991853,60,11,4,1,20,2,4.0,21,1
14993958,60,12,1,1,20,2,4.0,20,1
14997319,60,2,4,2,20,7,4.0,1,4
14999567,60,2,1,2,20,2,4.0,20,1
15002537,60,12,1,1,1,2,4.0,21,1
15005643,60,2,5,2,9,2,2.0,20,1
15007276,50,11,1,1,5,2,2.0,22,1
15007462,60,11,1,1,20,2,4.0,21,1
15007705,40,12,1,2,11,2,4.0,20,1
15007713,60,11,4,1,20,7,4.0,1,4
15011597,60,2,4,2,1,2,2.0,22,1
15011856,40,11,1,1,20,2,4.0,21,1
15013270,65,11,1,1,1,2,4.0,20,1
15014036,60,11,4,1,20,2,4.0,20,1
15014171,60,11,6,1,20,2,4.0,21,1
15022111,60,11,1,2,1,2,4.0,21,1
15027621,60,12,1,1,1,7,4.0,1,2
15027869,60,12,4,2,20,2,4.0,20,1
15027871,60,2,4,2,20,2,2.0,22,1
15032878,60,12,1,1,20,2,4.0,20,1
15033147,60,12,4,1,20,1,4.0,1,1
15034554,60,12,1,1,20,2,4.0,21,1
15039494,60,11,1,1,20,2,4.0,20,1
15039820,50,2,1,2,20,7,4.0,1,2
15040108,65,2,4,2,20,7,2.0,1,2
15040114,45,2,4,2,5,7,2.0,1,4
15040622,60,11,1,1,20,2,2.0,21,1
15044111,35,2,2,2,20,2,4.0,21,1
15045613,60,12,1,1,1,2,4.0,20,1
15046211,60,11,1,1,1,2,4.0,20,1
15046430,35,11,1,1,20,2,2.0,21,1
15047129,60,11,4,1,1,7,4.0,1,2
15047293,60,11,1,1,20,2,4.0,20,1
15048110,60,11,1,1,20,2,4.0,21,1
15050328,60,2,1,2,20,7,4.0,1,2
15056119,60,2,1,2,20,2,4.0,21,1
15068229,60,11,1,1,20,2,4.0,22,1
15079018,60,11,1,1,20,2,4.0,20,1
15085584,45,2,3,2,20,7,4.0,1,2
15086118,65,11,1,1,20,7,4.0,1,2
15086527,60,11,4,1,20,2,4.0,21,1
15086922,35,11,1,1,20,2,2.0,21,1
15087510,60,11,4,1,20,2,4.0,21,1
15087556,60,12,1,1,1,2,4.0,22,1
15090089,45,11,4,1,20,2,4.0,20,1
15092077,45,12,1,1,20,2,4.0,23,1
15094423,65,11,1,1,20,2,4.0,20,1
15103562,60,12,4,2,20,2,4.0,21,1
15103715,60,11,1,1,20,2,4.0,20,1
15105748,45,11,1,1,8,2,1.0,10,1
15107988,60,11,4,1,20,9,4.0,1,2
15108003,60,2,5,2,20,2,4.0,20,1
15109361,60,11,1,1,5,2,2.0,22,1
15109881,60,2,1,2,20,2,4.0,20,1
15112295,60,11,1,1,20,2,4.0,22,1
15113099,65,2,5,2,20,2,4.0,21,1
15113616,65,11,4,1,20,2,4.0,21,1
15118018,60,2,1,3,20,2,4.0,20,1
15120594,60,11,1,1,20,2,1.0,10,1
15123901,60,11,1,1,1,2,4.0,21,1
15124356,60,2,1,2,1,2,4.0,20,1
15125705,50,2,3,2,20,7,4.0,1,2
15126324,60,11,1,1,20,9,4.0,1,3
15126460,60,11,4,1,20,2,4.0,21,1
15126566,60,11,1,1,20,2,4.0,21,1
15126581,60,2,1,2,20,2,4.0,20,1
15127793,60,11,1,1,20,7,4.0,1,4
15132637,60,2,4,2,1,7,4.0,1,4
15137840,60,12,1,2,20,2,4.0,20,1
15140626,45,2,1,2,20,7,4.0,1,4
15146426,60,11,1,1,20,2,2.0,20,1
15151411,60,2,4,2,20,2,4.0,21,1
15153011,60,12,1,1,20,2,4.0,20,1
15157373,60,11,1,1,20,2,4.0,21,1
15158132,60,11,1,1,20,2,4.0,20,1
15162962,55,11,1,1,20,2,4.0,20,1
15162965,60,11,1,1,20,2,4.0,21,1
15163346,60,11,6,1,1,2,4.0,20,1
15163969,60,2,1,2,20,7,4.0,1,4
15164090,45,11,1,1,5,2,1.0,24,1
15164710,45,11,4,1,8,2,1.0,10,1
15164733,60,11,4,1,1,7,2.0,1,4
15164890,60,11,1,1,20,7,4.0,1,2
15166941,60,11,4,1,1,10,4.0,1,1
15173446,60,11,4,1,20,2,4.0,21,1
15175986,60,11,5,1,20,2,4.0,20,1
15176420,35,12,1,1,20,2,4.0,21,1
15185930,60,12,4,1,20,2,4.0,21,1
15186108,60,2,1,2,1,7,4.0,1,2
15186742,60,11,1,1,12,2,4.0,20,1
15188413,60,11,1,2,20,2,4.0,21,1
15188549,60,11,3,1,20,7,4.0,1,2
15188835,60,2,1,2,20,2,4.0,22,1
15192640,60,11,1,1,20,2,4.0,20,1
15192713,60,11,3,1,1,2,4.0,20,1
15196466,60,11,1,1,20,2,4.0,20,1
15197730,60,12,1,1,20,2,4.0,20,1
15198097,60,11,1,1,1,2,4.0,20,1
15198292,60,12,1,2,20,2,4.0,22,1
15199773,65,11,1,1,20,2,4.0,21,1
15200220,60,11,1,1,1,2,4.0,20,1
15205267,40,11,1,1,20,2,2.0,22,1
15205365,60,11,1,1,20,2,2.0,20,1
15209138,60,12,4,1,20,7,4.0,1,2
15210568,45,11,4,1,8,2,2.0,22,1
15211032,60,11,4,1,20,7,2.0,1,2
15211627,60,11,1,1,20,2,4.0,20,1
15212328,60,12,1,1,1,2,4.0,20,1
15214424,35,11,1,1,8,2,1.0,10,1
15215051,60,11,4,1,20,2,4.0,21,1
15215052,60,12,3,1,20,7,4.0,1,4
15215268,60,12,1,1,7,7,4.0,1,1
15217511,65,11,4,1,20,2,4.0,21,1
15219309,60,11,3,1,20,2,4.0,20,1
15220424,60,11,1,1,20,2,4.0,21,1
15220856,60,11,1,1,20,2,4.0,20,1
15227859,60,11,4,1,1,1,2.0,1,2
15227942,40,11,1,1,5,2,1.0,10,1
15230620,60,11,1,1,20,2,4.0,21,1
15232313,65,12,1,1,20,2,4.0,20,1
15232314,30,11,1,1,8,2,1.0,10,1
15232317,60,2,1,2,20,2,4.0,20,1
15232320,65,11,1,1,20,7,4.0,1,2
15242588,60,11,1,1,20,2,4.0,21,1
15243371,60,11,4,1,20,2,4.0,21,1
15245161,60,12,1,1,20,2,4.0,20,1
15245870,65,2,1,2,20,7,4.0,1,4
15248070,65,11,1,1,20,2,4.0,20,1
15243553,60,11,1,1,20,2,4.0,20,1
15247280,60,11,4,1,1,2,4.0,20,1
15247705,25,11,1,1,20,7,4.0,1,2
15251725,60,12,4,1,20,2,4.0,20,1
15253581,60,11,1,1,1,2,4.0,21,1
15255728,60,11,1,1,20,2,4.0,22,1
15257611,60,11,2,1,20,2,4.0,22,1
15258139,60,12,1,1,20,7,4.0,1,2
15264995,60,12,3,1,20,7,4.0,1,4
15265295,60,12,1,1,20,2,4.0,20,1
15268324,60,2,1,2,1,7,4.0,1,2
15269481,40,12,1,1,20,2,2.0,20,1
15270724,55,11,1,1,20,2,4.0,21,1
15273823,65,2,4,2,20,7,4.0,1,2
15273825,45,11,4,2,20,7,4.0,1,2
15280681,60,11,4,1,20,2,4.0,22,1
15280682,60,11,4,1,20,2,4.0,20,1
15280687,60,11,4,1,20,6,4.0,1,1
15280910,60,2,1,2,20,2,4.0,20,1
15282002,60,12,1,1,20,7,4.0,1,4
15283410,60,11,1,1,20,2,4.0,21,1
15284459,30,11,3,1,1,4,2.0,1,1
15285942,60,2,1,2,1,7,4.0,1,2
15287211,60,11,4,1,20,2,4.0,22,1
15288709,60,12,1,2,20,2,4.0,20,1
15289152,60,2,1,2,20,2,4.0,21,1
15289432,60,11,1,1,20,2,4.0,21,1
15289767,60,2,4,2,11,2,4.0,21,1
15289981,35,2,2,2,1,7,2.0,1,2
15292836,40,12,1,1,5,2,1.0,28,1
15296089,60,11,1,1,1,7,4.0,1,2
15296124,60,12,4,2,1,2,4.0,20,1
15296125,60,11,1,1,1,2,4.0,20,1