Crash_ID,Crash_Speed_Limit,Wthr_Cond_ID,Light_Cond_ID,Surf_Cond_ID,Traffic_Cntl_ID,Harm_Evnt_ID,Intrsct_Relat_ID,FHE_Collsn_ID,Road_Relat_ID
16266317,65,2,4,2,20,2,4.0,20,1
16268920,45,2,4,2,20,2,4.0,21,1
16272981,60,2,2,2,20,2,4.0,20,1
16274097,60,11,1,1,20,2,4.0,20,1
16274919,60,11,1,1,20,2,1.0,14,1
16275133,35,11,1,1,20,2,2.0,21,1
16275373,60,2,1,2,20,2,4.0,20,1
16276459,60,12,1,1,20,2,4.0,21,1
16277397,65,11,1,1,20,2,4.0,21,1
16279469,50,11,1,1,8,2,1.0,10,1
16281690,55,11,1,1,1,2,4.0,21,1
16282669,65,11,1,1,20,7,4.0,1,4
16283061,60,11,1,1,20,2,4.0,21,1
16291134,65,11,4,2,20,2,4.0,21,1
16296794,35,2,1,2,20,2,2.0,20,1
16297632,60,2,4,2,20,2,4.0,21,1
16299119,30,11,1,1,1,4,4.0,1,1
16299366,65,11,4,1,20,7,4.0,1,4
16301001,60,11,1,1,20,2,4.0,20,1
16301011,60,12,1,1,20,2,4.0,22,1
16302459,60,11,1,1,20,2,4.0,20,1
16306880,40,11,1,1,20,2,4.0,21,1
16306895,60,11,1,1,20,2,4.0,21,1
16307060,60,2,4,2,20,2,4.0,20,1
16308760,65,11,1,1,20,2,4.0,20,1
16309499,60,11,4,3,1,7,4.0,1,4
16312777,60,11,4,1,20,2,4.0,20,1
16315194,35,12,4,1,20,10,4.0,1,2
16321905,60,11,1,1,20,2,4.0,20,1
16324918,60,12,1,1,20,2,4.0,20,1
16327196,55,2,5,2,20,2,4.0,21,1
16334478,60,11,1,1,20,2,4.0,20,1
16334729,60,11,4,1,20,2,4.0,20,1
16334774,60,2,6,2,20,2,4.0,21,1
16338665,45,2,1,2,8,2,1.0,10,1
16338691,60,11,1,1,20,2,4.0,20,1
16338692,65,11,1,1,20,2,4.0,20,1
16339808,60,11,1,1,20,2,4.0,22,1
16339836,60,11,1,2,20,2,4.0,22,1
16340137,60,2,1,2,20,2,4.0,20,1
16340675,45,2,4,2,20,7,4.0,4,2
16340956,65,0,0,0,20,2,4.0,21,1
16343950,20,11,3,1,20,7,2.0,1,2
16344594,65,11,1,1,1,2,4.0,22,1
16345246,55,2,4,2,1,2,4.0,20,1
16347318,45,11,1,1,20,2,1.0,34,1
16347491,60,11,4,1,20,2,4.0,21,1
16348208,35,11,1,1,8,2,1.0,34,1
16350075,60,11,1,1,1,2,4.0,22,1
16353301,60,11,1,1,20,2,4.0,20,1
16359095,60,12,1,1,20,7,4.0,1,4
16360870,60,11,1,1,20,2,4.0,21,1
16362997,60,11,1,1,20,2,4.0,21,1
16363665,60,12,1,1,20,2,4.0,20,1
16364526,60,11,1,1,12,2,4.0,21,1
16365134,60,12,1,1,20,2,4.0,20,1
16365456,60,11,1,1,20,2,4.0,21,1
16365839,60,11,1,1,20,2,4.0,21,1
16366096,45,11,1,1,20,2,4.0,21,1
16369931,60,11,0,0,20,2,4.0,21,1
16372567,60,11,1,1,20,4,4.0,1,3
16372715,60,11,1,1,20,2,4.0,21,1
16374251,60,2,4,2,20,7,4.0,1,4
16375041,60,11,1,1,20,2,4.0,22,1
16375043,65,11,1,1,20,2,4.0,21,1
16376355,60,12,1,1,20,2,4.0,20,1
16377762,60,11,1,1,20,10,4.0,1,2
16378181,55,11,1,1,1,2,4.0,21,1
16378404,60,2,3,2,20,2,4.0,20,1
16378705,60,11,4,1,20,2,4.0,20,1
16379475,45,11,4,1,20,2,4.0,20,1
16382480,60,11,1,1,20,2,4.0,20,1
16386073,60,2,2,2,20,2,4.0,21,1
16386439,65,11,4,1,1,2,4.0,21,1
16389978,60,12,6,1,20,2,4.0,21,1
16389982,60,12,1,1,20,2,4.0,20,1
16389986,65,11,1,1,20,2,4.0,20,1
16389987,60,11,1,1,20,7,4.0,1,2
16390859,60,11,6,1,1,2,4.0,20,1
16392294,60,11,4,1,20,7,4.0,1,4
16393461,60,11,1,1,20,2,4.0,20,1
16395172,60,11,1,1,20,2,4.0,20,1
16396968,65,11,1,1,20,2,4.0,20,1
16397592,65,11,4,1,20,7,4.0,1,2
16397662,45,11,1,1,9,2,2.0,22,1
16404395,30,11,1,1,1,2,1.0,10,1
16404405,60,11,1,1,1,2,4.0,20,1
16405110,60,11,1,1,20,2,4.0,21,1
16405137,65,11,1,1,20,2,4.0,20,1
16405144,40,12,1,1,1,2,4.0,22,1
16406838,35,11,1,1,8,2,2.0,14,1
16414737,60,11,4,1,1,7,4.0,1,4
16416054,60,11,1,1,20,2,4.0,22,1
16416680,60,11,1,1,20,2,4.0,20,1
16420775,60,2,4,2,20,2,4.0,20,1
16423155,60,11,4,1,20,2,4.0,20,1
16424369,45,11,5,1,20,2,4.0,20,1
16426613,60,11,1,1,20,2,4.0,22,1
16431030,60,12,4,1,20,2,4.0,20,1
16431335,60,11,4,1,20,7,4.0,1,2
16439348,35,11,1,1,20,2,4.0,20,1
16442258,60,11,1,1,20,2,4.0,22,1
16442810,55,2,6,2,20,2,4.0,21,1
16443615,60,11,1,1,20,2,4.0,22,1
16443958,60,11,1,1,20,2,4.0,22,1
16449076,60,11,1,1,20,2,4.0,21,1
16449799,60,2,4,3,20,7,4.0,1,2
16449802,60,2,4,2,20,2,4.0,21,1
16450949,60,11,1,1,20,2,4.0,20,1
16451742,65,11,1,1,20,2,4.0,22,1
16451750,65,2,3,2,20,2,4.0,20,1
16454155,60,11,1,1,20,2,4.0,21,1
16454295,60,11,4,1,11,7,4.0,1,2
16455749,60,11,4,1,20,2,4.0,21,1
16455829,65,11,1,1,20,2,4.0,20,1
16462402,60,11,1,1,1,2,4.0,20,1
16462414,35,11,1,1,8,2,1.0,10,1
16465779,60,11,4,1,20,7,4.0,1,2
16469925,60,11,1,1,20,2,4.0,22,1
16470037,60,11,1,1,20,2,4.0,20,1
16471029,60,11,1,1,20,2,4.0,22,1
16471728,30,11,4,1,16,7,4.0,1,2
16474004,45,11,1,1,8,2,4.0,34,1
16474738,60,2,1,2,20,2,4.0,20,1
16474758,60,2,1,2,20,7,4.0,1,4
16475554,45,11,1,1,1,2,4.0,21,1
16476491,45,11,4,1,20,2,4.0,21,1
16478859,60,11,4,1,1,7,4.0,1,4
16479030,35,11,4,1,5,2,2.0,22,1
16480018,60,2,1,1,20,7,4.0,1,4
16480025,60,2,1,2,20,2,4.0,20,1
16480891,60,11,1,1,20,2,4.0,20,1
16481815,65,2,6,3,20,7,4.0,1,4
16482838,60,11,1,1,1,2,4.0,21,1
16488001,60,11,1,1,20,2,4.0,20,1
16493914,35,12,1,2,2,2,2.0,20,1
16495130,35,11,1,1,8,10,1.0,1,1
16501545,60,11,1,1,20,2,4.0,20,1
16502948,60,11,1,1,1,2,4.0,22,1
16505766,60,11,1,1,20,2,4.0,20,1
16507673,65,11,2,1,20,2,4.0,21,1
16509298,60,2,1,1,20,2,4.0,21,1
16510001,60,11,1,1,20,2,4.0,20,1
16510008,60,11,1,1,20,2,4.0,20,1
16512218,65,2,1,2,20,7,4.0,1,2
16514102,65,2,3,2,16,2,4.0,22,1
16514359,60,11,4,1,1,2,4.0,21,1
16514786,60,12,1,1,20,2,4.0,20,1
16517378,60,2,1,2,20,2,4.0,20,1
16517806,60,11,4,2,20,7,2.0,1,4
16517808,60,11,3,1,20,2,4.0,20,1
16517809,60,11,1,1,20,7,2.0,1,4
16518649,35,11,3,1,20,2,4.0,21,1
16521368,60,11,1,1,20,2,4.0,21,1
16523889,60,11,4,1,20,9,4.0,1,1
16523891,60,11,1,1,1,2,4.0,20,1
16524873,45,11,1,1,20,2,2.0,20,1
16525649,60,2,4,2,20,2,4.0,20,1
16526463,60,11,1,1,20,2,4.0,20,1
16540916,60,11,1,1,20,2,4.0,21,1
16545051,60,11,1,1,1,2,4.0,21,1
16557719,60,12,1,1,20,2,4.0,21,1
16561104,60,11,1,1,20,2,4.0,21,1
16565301,45,11,4,1,20,7,4.0,1,2
16566314,60,11,1,1,20,2,4.0,20,1
16566760,65,11,1,1,1,2,4.0,20,1
16588615,65,11,1,1,20,2,4.0,20,1
16589551,60,11,1,1,20,2,4.0,20,1
16562369,60,11,1,1,20,2,4.0,21,1
16571992,60,12,3,2,11,2,4.0,21,1
16574159,40,11,1,1,8,2,1.0,10,1
16574895,60,11,4,1,20,2,4.0,20,1
16575300,60,11,1,1,20,2,4.0,21,1
16576125,65,11,1,1,1,2,4.0,20,1
16581874,60,11,1,1,20,2,4.0,22,1
16586503,60,11,1,1,20,2,4.0,20,1
16589216,60,11,1,1,20,2,4.0,21,1
16590447,60,11,1,1,20,2,4.0,21,1
16593565,45,11,1,1,11,2,4.0,20,1
16594915,60,11,1,1,20,2,4.0,20,1
16596849,60,2,1,2,20,2,4.0,20,1
16597531,65,2,1,2,20,7,4.0,1,2
16604314,60,12,1,2,20,7,2.0,1,2
16605375,60,11,4,1,20,7,4.0,1,2
16605488,60,2,1,2,20,7,4.0,1,2
16605582,55,2,1,2,1,2,4.0,21,1
16609341,60,11,1,1,20,2,4.0,20,1
16609455,50,11,4,1,20,2,4.0,22,1
16612400,60,11,1,1,20,2,4.0,20,1
16615154,60,2,1,2,20,2,4.0,20,1
16616062,60,12,4,1,20,2,4.0,20,1
16616075,55,12,1,1,1,2,4.0,21,1
16616967,60,11,1,1,20,2,4.0,20,1
16621133,65,0,0,0,20,2,4.0,20,1
16621658,60,11,2,1,20,2,4.0,20,1
16621971,60,12,3,2,20,7,4.0,1,2
16621973,65,2,4,2,20,2,4.0,21,1
16622986,60,11,1,1,20,2,4.0,20,1
16623000,60,12,1,2,20,2,4.0,22,1
16623138,45,12,1,1,1,7,4.0,1,4
16628020,60,2,4,2,20,7,4.0,1,4
16630726,60,11,4,1,20,7,4.0,1,4
16630745,60,11,4,1,20,7,4.0,1,2
16631245,65,11,1,1,20,2,4.0,20,1
16631664,60,11,1,1,20,7,2.0,1,2
16635565,60,11,1,1,1,2,4.0,20,1
16636513,60,11,3,1,20,7,2.0,1,2
16638090,60,2,6,2,20,7,4.0,1,2
16640884,60,12,1,2,20,2,4.0,21,1
16640886,60,12,1,2,20,2,4.0,20,1
16644481,60,11,1,1,20,2,4.0,20,1
16646833,70,11,1,2,1,2,4.0,20,1
16648638,60,11,1,1,20,2,4.0,20,1
16648903,55,12,1,1,1,2,4.0,20,1
16650162,60,11,1,1,20,2,4.0,20,1
16650897,60,2,1,2,1,2,4.0,20,1
16651587,60,2,1,2,20,2,4.0,20,1
16653838,45,11,1,1,20,5,4.0,1,1
16656891,65,11,1,2,11,2,4.0,20,1
16656908,60,11,2,1,20,2,4.0,21,1
16662448,40,11,4,1,20,2,1.0,24,1
16662944,35,11,1,1,8,2,1.0,34,1
16663322,60,11,4,1,20,2,4.0,20,1
16663408,55,11,1,1,1,2,4.0,21,1
16669084,65,2,1,2,20,2,4.0,20,1
16670591,60,11,4,1,20,2,4.0,22,1
16671024,60,11,1,1,20,2,4.0,21,1
16672773,60,11,1,1,20,2,4.0,21,1
16674169,60,11,1,1,20,2,4.0,21,1
16675493,60,11,4,1,20,2,4.0,20,1
16676711,60,11,4,1,20,2,4.0,20,1
16679169,60,11,1,1,20,2,4.0,20,1
16679358,55,11,4,1,20,2,4.0,21,1
16682970,60,2,1,2,20,2,4.0,20,1
16685608,35,12,1,1,8,2,2.0,22,1
16694004,65,2,4,2,20,2,4.0,21,1
16697339,65,2,4,2,20,2,4.0,22,1
16697376,60,12,4,2,20,7,4.0,1,4
16698602,55,2,1,2,1,2,4.0,20,1
16702111,35,12,1,2,9,2,4.0,14,1
16702823,60,12,1,1,20,2,4.0,20,1
16703920,30,2,6,2,20,7,4.0,1,4
16705390,60,12,1,1,20,2,4.0,20,1
16709750,60,11,1,1,20,2,4.0,20,1
16712382,60,11,1,1,20,2,4.0,20,1
16712786,65,2,3,2,20,2,4.0,20,1
16716312,65,11,1,1,20,2,4.0,20,1
16717074,60,2,1,2,20,2,4.0,21,1
16718063,60,12,4,1,20,2,4.0,21,1
16719057,60,11,1,1,20,10,4.0,1,1
16724152,60,11,4,1,20,2,4.0,20,1
16724157,65,11,1,1,20,2,4.0,20,1
16726631,60,11,4,1,1,2,4.0,20,1
16727677,60,11,1,2,1,2,4.0,20,1
16727936,60,11,1,1,20,2,4.0,20,1
16732080,60,11,1,1,20,2,4.0,20,1
16732089,65,8,3,3,20,2,4.0,22,1
16732092,60,11,4,1,20,2,4.0,21,1
16732519,60,11,4,1,20,2,4.0,20,1
16735567,60,12,1,1,20,2,4.0,20,1
16736850,60,2,4,2,20,2,4.0,20,1
16737385,60,12,1,1,20,2,4.0,20,1
16737390,60,12,1,2,20,2,4.0,20,1
16739471,45,11,4,1,20,7,4.0,1,2
16739681,35,11,4,1,8,2,1.0,34,1
16740483,60,12,4,1,20,7,4.0,1,4
16740673,40,2,6,2,20,7,4.0,1,2
16741438,60,2,4,2,20,2,4.0,20,1
16741443,65,11,4,1,20,7,4.0,1,2
16741609,60,11,1,1,20,2,4.0,20,1
16742086,60,11,1,1,20,2,4.0,20,1
16743578,60,12,4,1,20,2,4.0,20,1
16755134,60,11,1,1,20,2,4.0,20,1
16763156,60,11,1,1,11,8,4.0,1,1
16765679,60,11,4,1,20,2,4.0,20,1
16766091,60,11,1,1,20,2,4.0,21,1
16766216,40,11,1,1,8,2,1.0,10,1
16767550,60,11,1,1,20,2,4.0,20,1
16770572,35,2,4,2,20,1,4.0,1,1
16770957,60,11,4,1,20,2,4.0,20,1
16776103,65,11,6,1,20,2,4.0,20,1
16777827,60,11,4,1,20,2,4.0,21,1
16777834,30,11,1,1,1,4,4.0,1,1
16785276,60,11,4,1,1,2,4.0,21,1
16786342,60,11,6,1,20,2,4.0,20,1
16787601,60,11,4,1,20,2,4.0,22,1
16790321,60,11,4,2,20,2,4.0,20,1
16791723,60,2,1,2,20,2,4.0,20,1
16791772,60,11,1,1,20,2,4.0,22,1
16796229,30,12,1,0,8,2,1.0,10,1
16799527,65,12,4,2,20,7,4.0,1,2
16799993,60,11,1,1,20,2,4.0,21,1
16801157,60,11,1,1,1,2,4.0,20,1
16806581,60,5,4,1,20,2,4.0,20,1
16818135,60,2,1,2,20,2,4.0,20,1
16832992,60,11,4,2,20,2,4.0,20,1
16838151,45,11,3,1,8,2,1.0,13,1
16838169,60,11,4,1,20,2,4.0,20,1
16838643,65,12,1,1,20,2,4.0,21,1
16844041,60,12,1,1,20,2,4.0,21,1
16845136,60,12,1,2,1,2,4.0,22,1
16851830,60,11,4,1,1,2,4.0,21,1
16855287,65,11,4,1,20,2,4.0,21,1
16860290,60,5,4,2,20,7,4.0,1,4
16881264,65,11,4,0,20,2,4.0,20,1
16832314,60,2,4,2,20,7,4.0,1,4
16832615,60,11,1,1,20,2,4.0,21,1
16842725,60,11,1,1,20,2,4.0,21,1
16845220,60,11,6,1,20,2,4.0,20,1
16848647,60,11,1,1,20,2,4.0,21,1
16850964,60,0,1,0,20,2,4.0,31,1
16852590,60,12,1,1,5,2,2.0,22,1
16854890,30,11,4,1,1,4,4.0,1,1
16855271,45,11,4,1,20,2,4.0,21,1
16856532,60,12,4,1,20,2,4.0,20,1
16862325,60,12,6,1,20,2,2.0,20,1
16863101,60,11,1,1,1,2,4.0,20,1
16863308,60,11,4,1,20,2,4.0,21,1
16865137,60,11,1,1,20,2,2.0,20,1
16866589,65,2,4,2,20,2,4.0,21,1
16867209,65,0,0,0,20,2,4.0,21,1
16867470,60,11,1,1,20,2,2.0,20,1
16871143,60,11,1,1,20,2,4.0,21,1
16872256,45,11,6,1,1,8,4.0,1,1
16875344,60,11,1,1,20,2,4.0,20,1
16876547,55,12,1,1,20,2,4.0,21,1
16876559,60,11,4,1,20,2,4.0,22,1
16877577,60,11,1,1,20,2,4.0,21,1
16889201,60,12,4,1,20,2,4.0,22,1
16889889,60,11,1,1,20,2,4.0,20,1
16890744,60,11,4,1,20,2,4.0,20,1
16891907,30,11,1,1,8,2,1.0,10,1
16894476,35,11,4,1,5,2,1.0,34,1
16895950,65,12,1,1,1,7,4.0,1,4
16897007,60,11,1,1,20,2,4.0,20,1
16908830,60,11,1,1,20,2,4.0,20,1
16911051,60,12,1,1,20,2,2.0,22,1
16913353,65,2,1,2,1,2,4.0,20,1
16914523,60,11,1,1,20,2,4.0,20,1
16914847,40,2,1,2,20,2,4.0,20,1
16914850,60,11,1,1,20,2,4.0,21,1
16914852,60,11,1,1,20,2,4.0,20,1
16914974,35,2,4,2,20,7,4.0,1,2
16917541,60,11,1,1,20,2,4.0,20,1
16920691,60,2,4,2,20,7,4.0,1,2
16924794,35,12,1,2,20,2,1.0,34,1
16925050,60,11,4,1,20,2,4.0,20,1
16928636,60,11,3,1,20,2,4.0,20,1
16928967,35,2,6,1,20,7,2.0,2,2
16937831,60,11,1,1,20,2,4.0,22,1
16939677,60,12,1,1,20,2,4.0,21,1
16940808,45,11,1,1,20,2,4.0,30,1
16945430,60,11,4,1,20,2,4.0,21,1
16947804,60,2,1,2,20,2,4.0,21,1
16949233,60,11,1,1,20,7,4.0,1,4
16949257,60,11,1,1,20,2,4.0,20,1
16949570,45,12,1,1,8,2,1.0,10,1
16951684,60,11,1,1,20,2,4.0,20,1
16952975,65,11,4,1,20,2,4.0,20,1
16960395,60,11,1,1,20,2,4.0,20,1
16961361,60,11,4,1,1,2,4.0,20,1
16968744,65,12,1,1,20,2,4.0,21,1
16970123,60,12,4,1,20,2,4.0,21,1
16970725,60,11,4,1,20,2,4.0,21,1
16975245,40,11,1,1,8,2,1.0,34,1
16976601,60,12,1,1,20,2,4.0,20,1
16977663,65,11,4,1,20,2,4.0,20,1
16982615,60,12,1,1,20,2,4.0,21,1
16985882,60,11,1,1,20,2,1.0,10,1
16989603,60,11,1,1,20,2,4.0,20,1
16992372,60,11,1,1,20,2,2.0,13,1
16992455,60,12,4,1,20,2,4.0,20,1
16992456,60,11,4,1,20,9,4.0,1,1
16995578,65,11,4,1,20,2,4.0,21,1
16999408,60,11,1,1,20,2,4.0,20,1
17005019,45,12,1,1,1,2,4.0,21,1
17014356,60,11,1,1,20,2,4.0,22,1
17021206,60,12,1,1,20,2,4.0,20,1
17021332,60,2,1,2,20,2,4.0,20,1
17021340,60,11,6,1,20,2,4.0,20,1
17021351,30,11,1,1,8,2,1.0,10,1
17027700,60,11,1,1,20,2,4.0,21,1
17027747,60,11,1,1,20,2,4.0,20,1
17032044,60,12,1,1,20,2,4.0,22,1
17034623,60,2,1,2,20,2,4.0,20,1
17034826,60,11,4,1,20,2,4.0,21,1
17036120,60,11,1,1,1,2,4.0,21,1
17039545,60,11,4,1,20,2,4.0,30,1
17042691,60,12,1,1,11,2,4.0,22,1
17046838,60,11,1,1,20,2,4.0,20,1
17047048,60,11,1,1,20,2,4.0,20,1
17050436,60,2,4,2,20,2,4.0,21,1
17057918,60,11,4,1,20,2,4.0,21,1
17057974,60,2,4,2,20,2,4.0,21,1
17057981,60,12,4,2,20,7,4.0,1,4
17061838,60,12,1,1,20,2,4.0,20,1
17064141,35,12,1,1,8,2,1.0,34,1
17065566,35,12,5,2,1,2,4.0,21,1
17070265,60,11,1,1,20,2,4.0,20,1
17071095,35,11,1,1,8,2,1.0,34,1
17081995,60,11,1,1,1,2,4.0,21,1
17084515,65,12,1,10,20,7,4.0,1,2
17085570,60,12,1,1,20,2,4.0,21,1
17086380,60,12,1,1,20,2,4.0,22,1
17087077,30,2,4,2,20,2,4.0,21,1
17089286,45,11,1,1,8,2,2.0,20,1
17090043,20,11,1,1,20,4,4.0,1,1
17094937,65,11,4,1,20,2,4.0,20,1
17099333,60,11,1,1,20,2,4.0,21,1
17106812,65,11,1,1,20,2,4.0,20,1
17107622,55,11,4,1,20,2,4.0,21,1
17109120,60,12,1,2,1,8,4.0,1,1
17109842,60,2,1,2,20,2,4.0,22,1
17114333,60,2,6,2,20,7,4.0,1,4
17119435,60,0,0,0,20,2,4.0,21,1
17126163,60,11,1,1,20,2,4.0,22,1
17126171,60,11,1,1,20,2,4.0,21,1
17128847,60,11,1,1,20,2,4.0,21,1
17128978,60,11,1,1,1,2,4.0,20,1
17130320,60,11,1,1,20,2,4.0,21,1
17130431,45,12,1,1,20,2,1.0,34,1
17136472,60,11,1,1,20,2,4.0,21,1
17136655,60,11,1,1,20,2,4.0,20,1
17139131,60,11,1,1,20,2,4.0,20,1
17139206,60,11,3,1,20,7,2.0,1,4
17139521,35,11,1,1,8,2,2.0,20,1
17140785,60,11,1,1,20,2,4.0,21,1
17140988,60,11,1,1,20,2,4.0,22,1
17140990,60,11,1,1,20,2,4.0,20,1
17141453,60,11,1,1,20,2,4.0,21,1
17142088,60,11,1,1,20,2,4.0,21,1
17143288,60,12,1,1,20,2,4.0,20,1
17146034,60,11,1,1,1,8,4.0,1,1
17147362,60,11,4,1,20,2,4.0,21,1
17149848,60,11,1,1,11,2,4.0,21,1
17155335,60,11,1,1,20,2,4.0,20,1
17156494,30,12,1,2,1,2,3.0,23,1
17161186,60,11,1,1,20,2,4.0,21,1
17168916,65,12,1,1,20,2,4.0,21,1
17170218,65,11,1,1,20,2,4.0,22,1
17171838,35,11,1,1,8,2,2.0,22,1
17172747,60,11,1,1,20,2,4.0,21,1
17173651,65,11,1,1,1,2,4.0,20,1
17180871,60,11,4,1,20,7,4.0,1,2
17180875,35,11,4,1,20,2,4.0,22,1
17180895,65,11,4,1,20,8,4.0,1,1
17181062,60,11,1,1,11,10,4.0,1,2
17181066,55,12,1,1,11,2,4.0,31,1
17181741,60,11,1,1,20,2,4.0,21,1
17188057,65,11,1,1,20,2,4.0,22,1
17188192,60,11,4,1,20,2,4.0,20,1
17195339,60,11,1,1,20,2,4.0,21,1
17198463,60,11,4,1,20,2,4.0,20,1
17198662,65,11,1,1,20,2,4.0,22,1
17199968,65,11,1,1,20,2,4.0,20,1
17203911,60,11,6,1,20,2,4.0,20,1
17206383,60,11,1,1,20,2,4.0,20,1
17207936,40,11,4,1,5,2,1.0,10,1
17208701,35,11,1,1,8,2,1.0,34,1
17211796,60,11,1,1,1,2,4.0,21,1
17213653,60,11,1,1,20,2,4.0,20,1
17213691,60,11,1,1,20,2,4.0,20,1
17328275,60,0,4,0,1,2,4.0,20,1
17461359,65,0,1,0,1,2,4.0,21,1
17212380,30,11,1,1,1,2,1.0,14,1
17215411,65,11,1,1,20,2,2.0,21,1
17217135,35,12,1,1,8,2,2.0,24,1
17230811,60,11,4,1,20,2,4.0,21,1
17231339,60,11,1,1,20,2,4.0,20,1
17232368,60,11,1,1,20,2,4.0,20,1
17232692,35,11,1,1,8,2,1.0,34,1
17238001,60,11,1,1,20,2,4.0,20,1
17244887,60,11,1,1,20,2,4.0,21,1
17252411,40,11,4,1,20,10,4.0,1,2
17252617,45,12,1,1,20,2,4.0,14,1
17256368,60,12,0,1,20,2,4.0,22,1
17256803,40,11,1,1,20,2,1.0,21,1
17258932,60,12,4,1,20,2,4.0,20,1
17260645,60,11,1,1,20,2,4.0,20,1
17261744,60,11,1,1,20,2,4.0,21,1
17261881,60,11,1,1,20,2,4.0,20,1
17261929,60,11,1,1,20,2,4.0,20,1
17264484,40,11,4,1,8,7,4.0,1,2
17267486,55,12,1,1,11,2,4.0,20,1
17268976,60,11,4,1,20,2,4.0,21,1
17269668,45,11,4,1,20,7,4.0,1,2
17272090,60,12,1,1,20,2,4.0,20,1
17274002,35,11,1,1,20,2,4.0,21,1
17282371,60,11,1,1,20,2,4.0,20,1
17284806,65,11,6,1,20,7,4.0,1,4
17287749,60,11,1,1,20,2,4.0,20,1
17289876,65,12,1,1,11,2,4.0,20,1
17292665,50,12,1,2,20,2,4.0,22,1
17295250,60,11,1,1,20,2,4.0,20,1
17295698,60,2,6,2,20,2,4.0,21,1
17298652,60,2,1,3,20,7,4.0,1,2
17309922,65,11,1,1,1,2,4.0,22,1
17312544,60,11,4,1,20,2,4.0,21,1
17312561,60,11,4,1,20,2,4.0,20,1
17315872,60,11,1,1,20,2,4.0,22,1
17316992,60,11,1,1,20,2,4.0,20,1
17317584,60,11,1,1,11,2,4.0,22,1
17322793,45,2,1,2,20,2,4.0,20,1
17323629,65,11,4,1,20,2,4.0,20,1
17324031,60,11,1,1,20,2,4.0,20,1
17326335,60,11,1,1,20,7,4.0,1,4
17335552,60,11,4,1,20,7,4.0,1,2
17338020,60,11,3,1,1,7,4.0,1,2
17338937,65,11,4,1,20,2,4.0,21,1
17339416,-1,11,1,1,20,7,4.0,1,2
17342800,70,12,4,1,20,2,4.0,20,1
17348415,60,11,2,1,20,2,4.0,20,1
17350206,35,2,1,2,8,2,1.0,10,1
17351498,40,11,6,1,20,2,4.0,21,1
17351878,60,12,4,1,20,7,4.0,1,4
17360005,60,11,1,1,20,2,4.0,21,1
17362004,60,11,6,1,20,2,4.0,20,1
17365131,35,2,2,2,1,2,4.0,20,1
17365255,60,11,1,1,20,2,4.0,20,1
17369968,60,12,3,1,20,2,4.0,21,1
17370361,35,11,3,1,8,2,1.0,10,1
17372344,45,11,4,1,8,2,2.0,19,1
17372728,60,11,4,1,20,2,4.0,21,1
17378562,60,11,1,1,20,2,4.0,20,1
17379389,60,11,4,1,20,2,4.0,20,1
17379986,60,11,1,1,1,2,4.0,46,1
17380036,65,2,1,2,20,2,4.0,21,1
17387087,65,11,4,1,20,2,4.0,21,1
17389878,60,11,4,1,20,2,4.0,20,1
17394977,60,11,1,1,20,2,4.0,20,1
17406604,60,11,4,1,20,2,4.0,21,1
17408768,65,11,2,1,20,2,4.0,22,1
17412551,60,11,4,1,20,2,4.0,22,1
17413505,60,11,1,1,20,2,4.0,20,1
17416609,60,11,6,1,20,2,4.0,22,1
17417323,60,11,1,1,20,2,4.0,22,1
17420532,60,11,4,1,1,2,4.0,21,1
17421311,60,11,1,1,20,2,4.0,20,1
17425881,45,11,4,1,10,7,4.0,1,4
17427935,60,11,4,1,20,7,4.0,1,2
17430166,60,11,4,1,20,7,4.0,1,2
17430176,60,2,4,2,20,7,4.0,1,2
17434499,65,11,1,1,1,2,2.0,20,1
17436161,45,12,3,1,20,2,4.0,21,1
17443297,30,11,1,1,20,7,4.0,1,2
17450943,60,11,4,1,20,2,2.0,22,1
17453264,60,11,6,1,20,2,4.0,20,1
17453343,55,2,1,2,20,7,4.0,1,2
17453363,60,11,4,1,20,2,4.0,20,1
17453443,60,11,4,1,20,2,4.0,21,1
17456601,60,12,4,1,20,2,4.0,22,1
17457565,60,11,4,1,20,7,4.0,1,2
17461545,60,11,1,1,20,2,4.0,20,1
17462267,65,11,1,1,1,2,2.0,20,1
17465491,60,12,4,2,20,2,4.0,22,1
17476646,35,2,1,2,8,2,2.0,22,1
17476666,60,11,4,1,20,1,4.0,1,1
17477246,60,12,4,1,20,2,4.0,20,1
17477481,65,11,1,1,20,2,4.0,22,1
17477732,60,11,2,1,20,2,4.0,21,1
17478234,60,11,1,1,20,9,4.0,1,2
17478831,65,11,1,1,20,2,4.0,21,1
17479225,60,11,4,1,20,2,4.0,21,1
17480175,60,11,4,1,20,7,4.0,1,2
17481380,60,11,4,1,20,2,4.0,20,1
17481649,60,11,4,1,20,10,2.0,1,2
17482298,45,11,1,1,8,2,1.0,10,1
17486651,35,11,4,1,5,2,1.0,10,1
17490871,60,11,4,1,20,2,4.0,20,1
17490880,60,11,1,1,20,2,4.0,20,1
17493174,60,11,4,1,20,7,4.0,1,4
17493181,60,11,1,1,20,2,4.0,20,1
17493184,50,12,4,2,20,7,4.0,1,2
17495695,65,11,4,1,20,2,4.0,21,1
17499260,60,11,3,1,20,7,2.0,1,4
17500269,65,11,1,1,1,2,4.0,21,1
17504406,60,11,4,1,20,1,4.0,1,1